plataforma,fecha,campaña,impresiones,clics,costo
Google Ads,2022-01-01,CAMPAIGN955143,671,123,9.49
Google Ads,2022-01-02,CAMPAIGN955143,202,36,1.74
Google Ads,2022-01-03,CAMPAIGN955143,95,16,1.276
Google Ads,2022-01-04,CAMPAIGN954688,6688615,16894,1188.1906842
Google Ads,2022-01-05,CAMPAIGN954688,3452666,7604,621.7023004000001
Google Ads,2022-01-06,CAMPAIGN954688,3020719,7064,572.9197272
Google Ads,2022-01-07,CAMPAIGN954868,6151,2266,105.61800000000001
Google Ads,2022-01-08,CAMPAIGN954868,5579,2517,84.274
Google Ads,2022-01-09,CAMPAIGN955257,9,3,0.084
Google Ads,2022-01-10,CAMPAIGN954992,2620,726,20.584000000000003
Google Ads,2022-01-11,CAMPAIGN954992,135,21,2.236
Google Ads,2022-01-12,CAMPAIGN954992,81,28,1.576
Google Ads,2022-01-13,CAMPAIGN954992,21,7,0.382
Google Ads,2022-01-14,CAMPAIGN955145,666,150,15.482
Google Ads,2022-01-15,CAMPAIGN955269,5,2,0.24
Google Ads,2022-01-16,CAMPAIGN955086,1311,245,18.35
Google Ads,2022-01-17,CAMPAIGN955086,1171,221,11.348
Google Ads,2022-01-18,CAMPAIGN955086,35,8,0.5900000000000001
Google Ads,2022-01-19,CAMPAIGN955101,1123,320,16.516000000000002
Google Ads,2022-01-20,CAMPAIGN955213,145,39,3.2640000000000002
Google Ads,2022-01-21,CAMPAIGN955101,93,38,1.8419999999999999
Google Ads,2022-01-22,CAMPAIGN954824,9689,1646,180.0
Google Ads,2022-01-23,CAMPAIGN954824,525,137,10.584000000000001
Google Ads,2022-01-24,CAMPAIGN954810,10620,1832,201.832
Google Ads,2022-01-25,CAMPAIGN955041,1824,412,23.874000000000002
Google Ads,2022-01-26,CAMPAIGN955041,102,23,1.6900000000000004
Google Ads,2022-01-27,CAMPAIGN955258,9,1,0.084
Google Ads,2022-01-28,CAMPAIGN954727,32436,3025,178.87400000000002
Google Ads,2022-01-29,CAMPAIGN955042,1814,366,5.728000000000001
Google Ads,2022-01-30,CAMPAIGN954862,6520,820,74.492
Google Ads,2022-01-31,CAMPAIGN954862,847,115,10.4
Google Ads,2022-02-01,CAMPAIGN955219,127,11,0.786
Google Ads,2022-02-02,CAMPAIGN954957,3237,586,38.934
Google Ads,2022-02-03,CAMPAIGN955175,346,62,5.734000000000001
Google Ads,2022-02-04,CAMPAIGN954957,196,48,2.8020000000000005
Google Ads,2022-02-05,CAMPAIGN954803,11687,1865,219.216
Google Ads,2022-02-06,CAMPAIGN954850,7100,1240,136.098
Google Ads,2022-02-07,CAMPAIGN954850,3004,463,44.86000000000001
Google Ads,2022-02-08,CAMPAIGN955054,1625,345,20.714
Google Ads,2022-02-09,CAMPAIGN955198,236,33,3.5520000000000005
Google Ads,2022-02-10,CAMPAIGN955054,85,20,1.8780000000000001
Google Ads,2022-02-11,CAMPAIGN955023,2055,497,24.634
Google Ads,2022-02-12,CAMPAIGN955023,401,89,4.014
Google Ads,2022-02-13,CAMPAIGN955023,154,36,2.7940000000000005
Google Ads,2022-02-14,CAMPAIGN954800,11827,2064,220.03000000000003
Google Ads,2022-02-15,CAMPAIGN954794,12173,2177,213.12400000000002
Google Ads,2022-02-16,CAMPAIGN954895,4861,1156,60.71000000000001
Google Ads,2022-02-17,CAMPAIGN954895,528,119,9.136000000000001
Google Ads,2022-02-18,CAMPAIGN955262,7,2,0.18000000000000002
Google Ads,2022-02-19,CAMPAIGN954826,9549,3955,143.798
Google Ads,2022-02-20,CAMPAIGN954826,1416,430,18.206
Google Ads,2022-02-21,CAMPAIGN955250,18,1,0.036
Google Ads,2022-02-22,CAMPAIGN954806,11501,4651,183.32800000000003
Google Ads,2022-02-23,CAMPAIGN954806,6820,2509,145.59199999999998
Google Ads,2022-02-24,CAMPAIGN955273,3,1,0.098
Google Ads,2022-02-25,CAMPAIGN955273,1,1,0.014000000000000002
Google Ads,2022-02-26,CAMPAIGN954995,2606,628,52.878
Google Ads,2022-02-27,CAMPAIGN954995,2076,463,13.158000000000001
Google Ads,2022-02-28,CAMPAIGN954995,167,52,3.186
Google Ads,2022-03-01,CAMPAIGN954995,56,13,1.014
Google Ads,2022-03-02,CAMPAIGN954998,2529,612,18.859999999999996
Google Ads,2022-03-03,CAMPAIGN954998,1046,322,28.31
Google Ads,2022-03-04,CAMPAIGN954998,479,131,10.863999999999999
Google Ads,2022-03-05,CAMPAIGN954998,36,14,1.1260000000000001
Google Ads,2022-03-06,CAMPAIGN954769,16648,3809,217.538
Google Ads,2022-03-07,CAMPAIGN954769,9784,2522,163.692
Google Ads,2022-03-08,CAMPAIGN954722,37025,6604,209.90200000000002
Google Ads,2022-03-09,CAMPAIGN954722,29534,5956,197.204
Google Ads,2022-03-10,CAMPAIGN954705,70034,18105,394.50199999999995
Google Ads,2022-03-11,CAMPAIGN954705,62410,10444,322.03400000000005
Google Ads,2022-03-12,CAMPAIGN954756,19453,4264,96.38400000000001
Google Ads,2022-03-13,CAMPAIGN954756,18554,4695,107.434
Google Ads,2022-03-14,CAMPAIGN954733,27018,5921,573.134
Google Ads,2022-03-15,CAMPAIGN954733,23739,3089,309.1120000000001
Google Ads,2022-03-16,CAMPAIGN954733,5651,806,65.332
Google Ads,2022-03-17,CAMPAIGN955028,2009,489,16.514
Google Ads,2022-03-18,CAMPAIGN955028,1960,396,30.227999999999998
Google Ads,2022-03-19,CAMPAIGN955061,1551,469,13.578000000000001
Google Ads,2022-03-20,CAMPAIGN954835,8455,1163,140.01000000000002
Google Ads,2022-03-21,CAMPAIGN954835,8134,1412,157.024
Google Ads,2022-03-22,CAMPAIGN954920,3997,650,53.38400000000001
Google Ads,2022-03-23,CAMPAIGN954947,3481,507,52.814000000000014
Google Ads,2022-03-24,CAMPAIGN954920,2357,558,64.05
Google Ads,2022-03-25,CAMPAIGN954896,4798,952,40.888
Google Ads,2022-03-26,CAMPAIGN954896,471,87,11.112000000000002
Google Ads,2022-03-27,CAMPAIGN954746,21061,2903,236.654
Google Ads,2022-03-28,CAMPAIGN954746,4058,718,80.65
Google Ads,2022-03-29,CAMPAIGN954966,3086,642,29.392000000000003
Google Ads,2022-03-30,CAMPAIGN954966,3072,709,31.698000000000004
Google Ads,2022-03-31,CAMPAIGN955215,139,23,0.776
Google Ads,2022-04-01,CAMPAIGN954839,8141,1973,118.886
Google Ads,2022-04-02,CAMPAIGN954839,6025,1270,68.34000000000002
Google Ads,2022-04-03,CAMPAIGN954807,11330,2179,96.36
Google Ads,2022-04-04,CAMPAIGN954807,9555,1944,86.07400000000001
Google Ads,2022-04-05,CAMPAIGN954760,18292,3764,250.12200000000004
Google Ads,2022-04-06,CAMPAIGN954760,12134,1944,177.52200000000005
Google Ads,2022-04-07,CAMPAIGN954787,13191,3142,178.246
Google Ads,2022-04-08,CAMPAIGN954787,7736,1798,190.21
Google Ads,2022-04-09,CAMPAIGN954787,291,32,0.862
Google Ads,2022-04-10,CAMPAIGN954764,17676,5627,116.71600000000001
Google Ads,2022-04-11,CAMPAIGN954764,9292,2609,41.352000000000004
Google Ads,2022-04-12,CAMPAIGN954764,3928,881,17.416
Google Ads,2022-04-13,CAMPAIGN954764,3232,686,16.806
Google Ads,2022-04-14,CAMPAIGN954764,1153,297,4.312
Google Ads,2022-04-15,CAMPAIGN955109,987,219,8.062000000000001
Google Ads,2022-04-16,CAMPAIGN955109,195,63,2.734
Google Ads,2022-04-17,CAMPAIGN955109,92,19,0.8320000000000001
Google Ads,2022-04-18,CAMPAIGN955109,30,5,0.16200000000000003
Google Ads,2022-04-19,CAMPAIGN954821,9822,3981,53.09400000000001
Google Ads,2022-04-20,CAMPAIGN954821,5551,1486,21.822000000000003
Google Ads,2022-04-21,CAMPAIGN954821,4786,1456,17.314
Google Ads,2022-04-22,CAMPAIGN954821,1183,235,4.3740000000000006
Google Ads,2022-04-23,CAMPAIGN954821,1074,273,2.49
Google Ads,2022-04-24,CAMPAIGN954790,12861,3899,131.996
Google Ads,2022-04-25,CAMPAIGN954790,8683,2277,61.42400000000001
Google Ads,2022-04-26,CAMPAIGN954790,2631,504,22.342
Google Ads,2022-04-27,CAMPAIGN954790,1874,511,17.694
Google Ads,2022-04-28,CAMPAIGN954790,598,161,5.0440000000000005
Google Ads,2022-04-29,CAMPAIGN955160,506,77,5.428000000000001
Google Ads,2022-04-30,CAMPAIGN955160,161,51,3.2140000000000004
Google Ads,2022-05-01,CAMPAIGN955160,117,24,1.118
Google Ads,2022-05-02,CAMPAIGN955160,34,7,0.47800000000000004
Google Ads,2022-05-03,CAMPAIGN955160,12,4,0.16200000000000003
Google Ads,2022-05-04,CAMPAIGN955055,1613,282,18.401999999999997
Google Ads,2022-05-05,CAMPAIGN955055,205,16,1.566
Google Ads,2022-05-06,CAMPAIGN955055,82,8,0.43200000000000005
Google Ads,2022-05-07,CAMPAIGN955055,55,4,0.19
Google Ads,2022-05-08,CAMPAIGN955055,46,6,0.52
Google Ads,2022-05-09,CAMPAIGN955055,38,3,0.4800000000000001
Google Ads,2022-05-10,CAMPAIGN955055,3,1,0.08000000000000002
Google Ads,2022-05-11,CAMPAIGN955189,274,23,2.8640000000000003
Google Ads,2022-05-12,CAMPAIGN955189,38,5,0.656
Google Ads,2022-05-13,CAMPAIGN955189,37,8,0.46799999999999997
Google Ads,2022-05-14,CAMPAIGN955189,13,0,0.0
Google Ads,2022-05-15,CAMPAIGN955189,11,5,0.41200000000000003
Google Ads,2022-05-16,CAMPAIGN955189,3,1,0.08800000000000001
Google Ads,2022-05-17,CAMPAIGN955016,2241,459,26.194000000000003
Google Ads,2022-05-18,CAMPAIGN955016,317,68,3.99
Google Ads,2022-05-19,CAMPAIGN955016,81,25,1.262
Google Ads,2022-05-20,CAMPAIGN955026,2016,200,16.938
Google Ads,2022-05-21,CAMPAIGN955026,217,44,4.988
Google Ads,2022-05-22,CAMPAIGN955026,143,9,1.1680000000000001
Google Ads,2022-05-23,CAMPAIGN955026,76,16,0.9560000000000001
Google Ads,2022-05-24,CAMPAIGN955026,20,1,0.11000000000000001
Google Ads,2022-05-25,CAMPAIGN955026,12,1,0.47400000000000003
Google Ads,2022-05-26,CAMPAIGN955026,10,0,0.0
Google Ads,2022-05-27,CAMPAIGN955152,605,66,18.112000000000002
Google Ads,2022-05-28,CAMPAIGN955152,60,17,2.222
Google Ads,2022-05-29,CAMPAIGN955152,34,2,0.27799999999999997
Google Ads,2022-05-30,CAMPAIGN955152,20,1,0.20400000000000001
Google Ads,2022-05-31,CAMPAIGN955152,15,3,1.252
Google Ads,2022-06-01,CAMPAIGN955132,790,133,21.608
Google Ads,2022-06-02,CAMPAIGN955132,108,8,1.988
Google Ads,2022-06-03,CAMPAIGN955132,54,13,1.4180000000000001
Google Ads,2022-06-04,CAMPAIGN955168,401,46,10.316
Google Ads,2022-06-05,CAMPAIGN955168,41,4,0.6900000000000001
Google Ads,2022-06-06,CAMPAIGN955168,26,5,0.934
Google Ads,2022-06-07,CAMPAIGN955168,5,2,0.27799999999999997
Google Ads,2022-06-08,CAMPAIGN955168,4,0,0.0
Google Ads,2022-06-09,CAMPAIGN955168,2,0,0.0
Google Ads,2022-06-10,CAMPAIGN955168,2,0,0.0
Google Ads,2022-06-11,CAMPAIGN955168,1,0,0.0
Google Ads,2022-06-12,CAMPAIGN955168,1,0,0.0
Google Ads,2022-06-13,CAMPAIGN955114,972,181,21.298000000000002
Google Ads,2022-06-14,CAMPAIGN955114,180,27,3.532
Google Ads,2022-06-15,CAMPAIGN955114,57,2,0.27
Google Ads,2022-06-16,CAMPAIGN955114,28,4,0.634
Google Ads,2022-06-17,CAMPAIGN955114,19,0,0.0
Google Ads,2022-06-18,CAMPAIGN955114,3,2,0.236
Google Ads,2022-06-19,CAMPAIGN955114,2,0,0.0
Google Ads,2022-06-20,CAMPAIGN955114,2,0,0.0
Google Ads,2022-06-21,CAMPAIGN955181,324,60,5.034
Google Ads,2022-06-22,CAMPAIGN955181,174,34,2.902
Google Ads,2022-06-23,CAMPAIGN955181,41,5,0.43200000000000005
Google Ads,2022-06-24,CAMPAIGN955181,22,4,0.32800000000000007
Google Ads,2022-06-25,CAMPAIGN955181,8,0,0.0
Google Ads,2022-06-26,CAMPAIGN955181,4,0,0.0
Google Ads,2022-06-27,CAMPAIGN955243,34,4,0.184
Google Ads,2022-06-28,CAMPAIGN955243,4,0,0.0
Google Ads,2022-06-29,CAMPAIGN955243,3,0,0.0
Google Ads,2022-06-30,CAMPAIGN955243,2,1,0.08600000000000001
Google Ads,2022-07-01,CAMPAIGN955243,2,0,0.0
Google Ads,2022-07-02,CAMPAIGN955090,1271,219,21.036
Google Ads,2022-07-03,CAMPAIGN955090,170,28,2.5220000000000002
Google Ads,2022-07-04,CAMPAIGN955090,115,7,0.6280000000000001
Google Ads,2022-07-05,CAMPAIGN955090,51,3,0.268
Google Ads,2022-07-06,CAMPAIGN955090,21,0,0.0
Google Ads,2022-07-07,CAMPAIGN955090,19,4,0.30600000000000005
Google Ads,2022-07-08,CAMPAIGN955080,1352,202,21.474000000000004
Google Ads,2022-07-09,CAMPAIGN955080,250,20,2.72
Google Ads,2022-07-10,CAMPAIGN955080,68,4,0.40199999999999997
Google Ads,2022-07-11,CAMPAIGN955080,29,0,0.0
Google Ads,2022-07-12,CAMPAIGN955080,22,0,0.0
Google Ads,2022-07-13,CAMPAIGN955080,20,0,0.0
Google Ads,2022-07-14,CAMPAIGN955185,303,22,2.272
Google Ads,2022-07-15,CAMPAIGN955185,25,1,0.09000000000000001
Google Ads,2022-07-16,CAMPAIGN955185,15,1,0.296
Google Ads,2022-07-17,CAMPAIGN955185,1,0,0.0
Google Ads,2022-07-18,CAMPAIGN955221,123,12,4.204
Google Ads,2022-07-19,CAMPAIGN955221,31,1,0.08600000000000001
Google Ads,2022-07-20,CAMPAIGN955221,3,0,0.0
Google Ads,2022-07-21,CAMPAIGN955221,1,1,0.12
Google Ads,2022-07-22,CAMPAIGN955117,952,114,10.196000000000002
Google Ads,2022-07-23,CAMPAIGN955117,542,114,10.580000000000002
Google Ads,2022-07-24,CAMPAIGN955117,321,45,3.8560000000000003
Google Ads,2022-07-25,CAMPAIGN955117,161,27,3.2020000000000004
Google Ads,2022-07-26,CAMPAIGN955117,125,4,0.372
Google Ads,2022-07-27,CAMPAIGN955117,12,0,0.0
Google Ads,2022-07-28,CAMPAIGN955050,1663,207,11.538
Google Ads,2022-07-29,CAMPAIGN955050,147,10,0.618
Google Ads,2022-07-30,CAMPAIGN955050,58,8,0.48600000000000004
Google Ads,2022-07-31,CAMPAIGN955050,24,3,0.17400000000000002
Google Ads,2022-08-01,CAMPAIGN955050,11,2,0.10400000000000001
Google Ads,2022-08-02,CAMPAIGN955084,1314,80,18.764
Google Ads,2022-08-03,CAMPAIGN955084,54,7,0.6560000000000001
Google Ads,2022-08-04,CAMPAIGN955084,19,2,0.142
Google Ads,2022-08-05,CAMPAIGN955084,13,0,0.0
Google Ads,2022-08-06,CAMPAIGN955178,336,38,4.896000000000001
Google Ads,2022-08-07,CAMPAIGN955178,300,63,7.497999999999999
Google Ads,2022-08-08,CAMPAIGN955178,35,6,0.48200000000000004
Google Ads,2022-08-09,CAMPAIGN955178,21,1,0.118
Google Ads,2022-08-10,CAMPAIGN955060,1553,206,9.938
Google Ads,2022-08-11,CAMPAIGN955060,224,31,1.8200000000000003
Google Ads,2022-08-12,CAMPAIGN955060,2,1,0.04000000000000001
Google Ads,2022-08-13,CAMPAIGN954849,7115,953,49.205999999999996
Google Ads,2022-08-14,CAMPAIGN954849,1341,217,9.824000000000002
Google Ads,2022-08-15,CAMPAIGN954849,333,43,1.75
Google Ads,2022-08-16,CAMPAIGN954849,102,5,0.18600000000000003
Google Ads,2022-08-17,CAMPAIGN954849,59,5,0.22600000000000003
Google Ads,2022-08-18,CAMPAIGN955082,1328,125,14.725999999999999
Google Ads,2022-08-19,CAMPAIGN955082,64,13,1.184
Google Ads,2022-08-20,CAMPAIGN955082,42,4,0.15800000000000003
Google Ads,2022-08-21,CAMPAIGN955082,23,2,0.134
Google Ads,2022-08-22,CAMPAIGN955110,985,70,12.01
Google Ads,2022-08-23,CAMPAIGN955110,24,1,0.434
Google Ads,2022-08-24,CAMPAIGN955110,23,2,0.30800000000000005
Google Ads,2022-08-25,CAMPAIGN955110,12,1,0.15400000000000003
Google Ads,2022-08-26,CAMPAIGN955110,2,0,0.0
Google Ads,2022-08-27,CAMPAIGN955138,732,57,10.51
Google Ads,2022-08-28,CAMPAIGN955138,130,12,2.216
Google Ads,2022-08-29,CAMPAIGN955138,12,0,0.0
Google Ads,2022-08-30,CAMPAIGN955138,4,1,0.16000000000000003
Google Ads,2022-08-31,CAMPAIGN955169,387,30,4.012
Google Ads,2022-09-01,CAMPAIGN955169,8,0,0.0
Google Ads,2022-09-02,CAMPAIGN955169,7,1,0.244
Google Ads,2022-09-03,CAMPAIGN955169,1,0,0.0
Google Ads,2022-09-04,CAMPAIGN955064,1505,326,5.372
Google Ads,2022-09-05,CAMPAIGN955064,1081,222,4.402
Google Ads,2022-09-06,CAMPAIGN955196,245,39,3.28
Google Ads,2022-09-07,CAMPAIGN955196,194,39,2.516
Google Ads,2022-09-08,CAMPAIGN955196,42,6,0.40800000000000003
Google Ads,2022-09-09,CAMPAIGN955196,23,5,0.42400000000000004
Google Ads,2022-09-10,CAMPAIGN955014,2277,236,9.444
Google Ads,2022-09-11,CAMPAIGN955014,16,4,0.22599999999999998
Google Ads,2022-09-12,CAMPAIGN955014,4,1,0.022000000000000002
Google Ads,2022-09-13,CAMPAIGN955226,97,11,2.032
Google Ads,2022-09-14,CAMPAIGN955226,79,13,2.004
Google Ads,2022-09-15,CAMPAIGN955226,55,6,2.746
Google Ads,2022-09-16,CAMPAIGN955226,22,0,0.0
Google Ads,2022-09-17,CAMPAIGN955251,16,2,0.126
Google Ads,2022-09-18,CAMPAIGN955251,6,0,0.0
Google Ads,2022-09-19,CAMPAIGN955251,2,0,0.0
Google Ads,2022-09-20,CAMPAIGN955251,1,0,0.0
Google Ads,2022-09-21,CAMPAIGN955171,367,38,7.0120000000000005
Google Ads,2022-09-22,CAMPAIGN955171,133,15,2.7100000000000004
Google Ads,2022-09-23,CAMPAIGN955171,103,6,0.984
Google Ads,2022-09-24,CAMPAIGN955171,23,6,0.662
Google Ads,2022-09-25,CAMPAIGN955171,11,0,0.0
Google Ads,2022-09-26,CAMPAIGN955120,895,143,8.064
Google Ads,2022-09-27,CAMPAIGN955120,13,2,0.096
Google Ads,2022-09-28,CAMPAIGN955161,476,65,5.2700000000000005
Google Ads,2022-09-29,CAMPAIGN955161,269,40,3.708
Google Ads,2022-09-30,CAMPAIGN955161,2,0,0.0
Google Ads,2022-10-01,CAMPAIGN955100,1126,238,7.5760000000000005
Google Ads,2022-10-02,CAMPAIGN955100,34,2,0.10800000000000001
Google Ads,2022-10-03,CAMPAIGN955100,4,0,0.0
Google Ads,2022-10-04,CAMPAIGN955079,1367,99,7.93
Google Ads,2022-10-05,CAMPAIGN955079,10,0,0.0
Google Ads,2022-10-06,CAMPAIGN955079,8,0,0.0
Google Ads,2022-10-07,CAMPAIGN955079,2,1,0.07600000000000001
Google Ads,2022-10-08,CAMPAIGN955141,686,127,6.974
Google Ads,2022-10-09,CAMPAIGN955141,198,48,2.9659999999999997
Google Ads,2022-10-10,CAMPAIGN955164,452,56,9.426
Google Ads,2022-10-11,CAMPAIGN955164,267,41,9.302
Google Ads,2022-10-12,CAMPAIGN955164,104,16,3.8420000000000005
Google Ads,2022-10-13,CAMPAIGN955164,51,9,4.184
Google Ads,2022-10-14,CAMPAIGN954701,79567,11105,2991.9040000000005
Google Ads,2022-10-15,CAMPAIGN954701,19960,3110,701.36
Google Ads,2022-10-16,CAMPAIGN954720,38225,4609,1358.99
Google Ads,2022-10-17,CAMPAIGN954720,32597,6261,873.3520000000001
Google Ads,2022-10-18,CAMPAIGN954720,14361,1914,462.1860000000001
Google Ads,2022-10-19,CAMPAIGN954730,28368,5109,285.0040000000001
Google Ads,2022-10-20,CAMPAIGN954730,16966,3566,162.472
Google Ads,2022-10-21,CAMPAIGN954730,13059,1902,106.772
Google Ads,2022-10-22,CAMPAIGN954730,12446,2901,127.44600000000001
Google Ads,2022-10-23,CAMPAIGN954723,34676,6116,403.51
Google Ads,2022-10-24,CAMPAIGN954723,16089,2934,239.57799999999997
Google Ads,2022-10-25,CAMPAIGN954723,11369,2346,147.672
Google Ads,2022-10-26,CAMPAIGN954906,4463,588,56.328
Google Ads,2022-10-27,CAMPAIGN954703,76132,19913,1358.642
Google Ads,2022-10-28,CAMPAIGN954703,6463,1669,213.22000000000003
Google Ads,2022-10-29,CAMPAIGN954703,4432,1250,110.786
Google Ads,2022-10-30,CAMPAIGN954715,41976,8810,803.5040000000001
Google Ads,2022-10-31,CAMPAIGN954715,3828,672,88.666
Google Ads,2022-11-01,CAMPAIGN954715,2838,705,75.404
Google Ads,2022-11-02,CAMPAIGN955063,1519,72,19.966
Google Ads,2022-11-03,CAMPAIGN955237,64,9,1.2240000000000002
Google Ads,2022-11-04,CAMPAIGN955237,60,11,1.4460000000000002
Google Ads,2022-11-05,CAMPAIGN954726,32867,7459,179.788
Google Ads,2022-11-06,CAMPAIGN954735,26675,10724,258.238
Google Ads,2022-11-07,CAMPAIGN954726,16596,3529,69.144
Google Ads,2022-11-08,CAMPAIGN954735,10092,2709,88.146
Google Ads,2022-11-09,CAMPAIGN954735,3316,864,13.722000000000001
Google Ads,2022-11-10,CAMPAIGN954735,1051,299,3.976
Google Ads,2022-11-11,CAMPAIGN954726,941,168,4.398
Google Ads,2022-11-12,CAMPAIGN955043,1790,106,25.764
Google Ads,2022-11-13,CAMPAIGN955043,341,48,6.792000000000001
Google Ads,2022-11-14,CAMPAIGN955043,146,19,3.7959999999999994
Google Ads,2022-11-15,CAMPAIGN955235,66,3,0.6000000000000001
Google Ads,2022-11-16,CAMPAIGN954702,78313,17679,631.4720000000001
Google Ads,2022-11-17,CAMPAIGN954702,56990,14310,969.6460000000002
Google Ads,2022-11-18,CAMPAIGN954864,6417,2111,83.71800000000002
Google Ads,2022-11-19,CAMPAIGN954702,5776,1343,75.61
Google Ads,2022-11-20,CAMPAIGN954864,3181,1182,29.744
Google Ads,2022-11-21,CAMPAIGN955097,1177,224,6.642
Google Ads,2022-11-22,CAMPAIGN955097,83,34,0.8420000000000001
Google Ads,2022-11-23,CAMPAIGN955259,9,1,0.13799999999999998
Google Ads,2022-11-24,CAMPAIGN955259,7,1,0.020000000000000004
Google Ads,2022-11-25,CAMPAIGN954752,20239,3938,84.30000000000001
Google Ads,2022-11-26,CAMPAIGN954784,13663,4169,152.204
Google Ads,2022-11-27,CAMPAIGN954752,2113,387,7.766
Google Ads,2022-11-28,CAMPAIGN954752,1308,467,9.762
Google Ads,2022-11-29,CAMPAIGN954784,1175,264,16.28
Google Ads,2022-11-30,CAMPAIGN954752,1044,198,4.1659999999999995
Google Ads,2022-12-01,CAMPAIGN955270,5,0,0.0
Google Ads,2022-12-02,CAMPAIGN955270,1,0,0.0
Google Ads,2022-12-03,CAMPAIGN954968,3045,145,49.940000000000005
Google Ads,2022-12-04,CAMPAIGN954968,3001,141,71.542
Google Ads,2022-12-05,CAMPAIGN955151,607,23,7.870000000000001
Google Ads,2022-12-06,CAMPAIGN954840,8136,2566,36.760000000000005
Google Ads,2022-12-07,CAMPAIGN954840,6625,2988,30.695999999999998
Google Ads,2022-12-08,CAMPAIGN954840,3295,607,16.471999999999998
Google Ads,2022-12-09,CAMPAIGN955113,974,167,4.486
Google Ads,2022-12-10,CAMPAIGN954758,18527,6443,56.096000000000004
Google Ads,2022-12-11,CAMPAIGN954758,14148,6797,44.550000000000004
Google Ads,2022-12-12,CAMPAIGN954758,2371,482,6.144
Google Ads,2022-12-13,CAMPAIGN955136,749,67,0.806
Google Ads,2022-12-14,CAMPAIGN955253,14,5,0.07600000000000001
Google Ads,2022-12-15,CAMPAIGN954798,11866,1625,137.548
Google Ads,2022-12-16,CAMPAIGN954831,9092,1370,53.252
Google Ads,2022-12-17,CAMPAIGN954831,7435,2193,75.052
Google Ads,2022-12-18,CAMPAIGN954831,3145,861,27.764
Google Ads,2022-12-19,CAMPAIGN954831,50,9,0.22400000000000003
Google Ads,2022-12-20,CAMPAIGN954837,8241,1230,51.726
Google Ads,2022-12-21,CAMPAIGN954837,6361,1040,59.26800000000001
Google Ads,2022-12-22,CAMPAIGN954837,4065,995,49.04
Google Ads,2022-12-23,CAMPAIGN954837,1685,424,17.651999999999997
Google Ads,2022-12-24,CAMPAIGN955267,5,0,0.0
Google Ads,2022-12-25,CAMPAIGN954749,20529,3766,117.81600000000002
Google Ads,2022-12-26,CAMPAIGN954749,9105,1451,60.733999999999995
Google Ads,2022-12-27,CAMPAIGN954749,8336,1817,70.29
Google Ads,2022-12-28,CAMPAIGN954749,2780,692,20.656
Google Ads,2022-12-29,CAMPAIGN954749,1679,300,9.372
Google Ads,2022-12-30,CAMPAIGN955245,32,3,0.07600000000000001
Google Ads,2022-12-31,CAMPAIGN954770,16437,4640,177.77
Google Ads,2022-01-01,CAMPAIGN954880,5693,2288,132.862
Google Ads,2022-01-02,CAMPAIGN954770,381,94,5.8
Google Ads,2022-01-03,CAMPAIGN954910,4356,1128,81.012
Google Ads,2022-01-04,CAMPAIGN954910,2699,896,57.98
Google Ads,2022-01-05,CAMPAIGN954910,388,140,9.366
Google Ads,2022-01-06,CAMPAIGN955225,101,21,1.3760000000000003
Google Ads,2022-01-07,CAMPAIGN954854,6882,1062,36.754000000000005
Google Ads,2022-01-08,CAMPAIGN954854,3163,690,21.772000000000002
Google Ads,2022-01-09,CAMPAIGN954854,233,32,1.6580000000000004
Google Ads,2022-01-10,CAMPAIGN954854,180,26,1.056
Google Ads,2022-01-11,CAMPAIGN954854,99,21,0.954
Google Ads,2022-01-12,CAMPAIGN954854,86,14,0.592
Google Ads,2022-01-13,CAMPAIGN954854,80,12,0.63
Google Ads,2022-01-14,CAMPAIGN954854,48,7,0.256
Google Ads,2022-01-15,CAMPAIGN954854,42,13,0.5599999999999999
Google Ads,2022-01-16,CAMPAIGN954854,27,10,0.11000000000000001
Google Ads,2022-01-17,CAMPAIGN954854,19,5,0.19000000000000003
Google Ads,2022-01-18,CAMPAIGN954699,91048,19362,89.69600000000001
Google Ads,2022-01-19,CAMPAIGN954699,43947,10531,44.358000000000004
Google Ads,2022-01-20,CAMPAIGN954699,20546,4546,20.36
Google Ads,2022-01-21,CAMPAIGN954699,17194,2674,15.940000000000001
Google Ads,2022-01-22,CAMPAIGN954699,9231,1978,9.16
Google Ads,2022-01-23,CAMPAIGN954863,6452,2581,109.46200000000002
Google Ads,2022-01-24,CAMPAIGN954863,2839,846,44.554
Google Ads,2022-01-25,CAMPAIGN954863,803,301,13.55
Google Ads,2022-01-26,CAMPAIGN954931,3759,463,8.468000000000002
Google Ads,2022-01-27,CAMPAIGN954931,495,111,2.244
Google Ads,2022-01-28,CAMPAIGN954931,161,26,0.576
Google Ads,2022-01-29,CAMPAIGN955077,1379,294,17.177999999999997
Google Ads,2022-01-30,CAMPAIGN955077,1227,268,19.162
Google Ads,2022-01-31,CAMPAIGN955077,381,75,3.1880000000000006
Google Ads,2022-02-01,CAMPAIGN955077,262,66,2.108
Google Ads,2022-02-02,CAMPAIGN955077,186,35,1.83
Google Ads,2022-02-03,CAMPAIGN955077,123,24,1.968
Google Ads,2022-02-04,CAMPAIGN955077,102,8,0.18600000000000003
Google Ads,2022-02-05,CAMPAIGN955077,92,29,2.12
Google Ads,2022-02-06,CAMPAIGN955077,17,1,0.052000000000000005
Google Ads,2022-02-07,CAMPAIGN954777,15053,2211,88.67800000000001
Google Ads,2022-02-08,CAMPAIGN954777,9006,1806,49.302000000000014
Google Ads,2022-02-09,CAMPAIGN954777,973,119,6.556000000000001
Google Ads,2022-02-10,CAMPAIGN954777,492,76,3.3620000000000005
Google Ads,2022-02-11,CAMPAIGN954777,426,55,2.134
Google Ads,2022-02-12,CAMPAIGN954777,304,47,1.788
Google Ads,2022-02-13,CAMPAIGN954777,207,38,1.4000000000000001
Google Ads,2022-02-14,CAMPAIGN954777,193,40,1.4800000000000002
Google Ads,2022-02-15,CAMPAIGN954777,49,11,0.096
Google Ads,2022-02-16,CAMPAIGN954777,36,6,0.288
Google Ads,2022-02-17,CAMPAIGN954777,21,5,0.066
Google Ads,2022-02-18,CAMPAIGN954887,5280,1015,38.902
Google Ads,2022-02-19,CAMPAIGN954887,3207,607,25.314
Google Ads,2022-02-20,CAMPAIGN954887,1431,265,7.7
Google Ads,2022-02-21,CAMPAIGN954887,986,178,4.344
Google Ads,2022-02-22,CAMPAIGN954887,779,152,4.91
Google Ads,2022-02-23,CAMPAIGN954887,590,120,3.8840000000000003
Google Ads,2022-02-24,CAMPAIGN954887,486,113,4.308
Google Ads,2022-02-25,CAMPAIGN954887,246,51,1.4060000000000001
Google Ads,2022-02-26,CAMPAIGN954887,219,35,1.074
Google Ads,2022-02-27,CAMPAIGN954887,102,17,0.5980000000000001
Google Ads,2022-02-28,CAMPAIGN955018,2205,444,27.420000000000005
Google Ads,2022-03-01,CAMPAIGN955018,1932,414,28.764
Google Ads,2022-03-02,CAMPAIGN955018,848,179,6.7780000000000005
Google Ads,2022-03-03,CAMPAIGN955018,788,134,7.966
Google Ads,2022-03-04,CAMPAIGN955018,491,91,4.774
Google Ads,2022-03-05,CAMPAIGN955018,227,37,2.1200000000000006
Google Ads,2022-03-06,CAMPAIGN955018,212,46,1.7640000000000002
Google Ads,2022-03-07,CAMPAIGN955018,205,31,2.108
Google Ads,2022-03-08,CAMPAIGN955018,148,42,1.786
Google Ads,2022-03-09,CAMPAIGN955018,130,19,1.5919999999999999
Google Ads,2022-03-10,CAMPAIGN954941,3589,582,24.84
Google Ads,2022-03-11,CAMPAIGN954941,2442,400,19.266000000000002
Google Ads,2022-03-12,CAMPAIGN955115,970,68,8.192
Google Ads,2022-03-13,CAMPAIGN954941,956,184,5.3660000000000005
Google Ads,2022-03-14,CAMPAIGN954941,390,74,3.132
Google Ads,2022-03-15,CAMPAIGN954941,349,55,2.6460000000000004
Google Ads,2022-03-16,CAMPAIGN954941,263,28,0.9960000000000001
Google Ads,2022-03-17,CAMPAIGN954941,256,55,2.0140000000000002
Google Ads,2022-03-18,CAMPAIGN954941,256,46,1.768
Google Ads,2022-03-19,CAMPAIGN954941,98,12,0.352
Google Ads,2022-03-20,CAMPAIGN955019,2174,339,12.794
Google Ads,2022-03-21,CAMPAIGN955019,965,157,4.7
Google Ads,2022-03-22,CAMPAIGN955019,125,8,0.39
Google Ads,2022-03-23,CAMPAIGN955019,68,6,0.21799999999999997
Google Ads,2022-03-24,CAMPAIGN955019,37,6,0.25
Google Ads,2022-03-25,CAMPAIGN955019,18,2,0.10400000000000001
Google Ads,2022-03-26,CAMPAIGN955019,16,4,0.11599999999999999
Google Ads,2022-03-27,CAMPAIGN955019,13,1,0.094
Google Ads,2022-03-28,CAMPAIGN955019,2,1,0.046000000000000006
Google Ads,2022-03-29,CAMPAIGN955019,2,0,0.0
Google Ads,2022-03-30,CAMPAIGN955019,1,0,0.0
Google Ads,2022-03-31,CAMPAIGN955103,1103,184,2.7479999999999998
Google Ads,2022-04-01,CAMPAIGN955103,745,146,3.418
Google Ads,2022-04-02,CAMPAIGN955103,297,61,1.298
Google Ads,2022-04-03,CAMPAIGN955103,45,9,0.27199999999999996
Google Ads,2022-04-04,CAMPAIGN955103,45,6,0.09800000000000002
Google Ads,2022-04-05,CAMPAIGN955103,27,3,0.066
Google Ads,2022-04-06,CAMPAIGN955103,11,0,0.0
Google Ads,2022-04-07,CAMPAIGN955103,9,0,0.0
Google Ads,2022-04-08,CAMPAIGN955103,1,0,0.0
Google Ads,2022-04-09,CAMPAIGN955044,1789,358,7.1259999999999994
Google Ads,2022-04-10,CAMPAIGN955044,985,237,5.542000000000001
Google Ads,2022-04-11,CAMPAIGN955044,135,25,0.868
Google Ads,2022-04-12,CAMPAIGN955044,48,9,0.30800000000000005
Google Ads,2022-04-13,CAMPAIGN955044,36,6,0.21600000000000003
Google Ads,2022-04-14,CAMPAIGN955044,18,5,0.22800000000000004
Google Ads,2022-04-15,CAMPAIGN955044,4,1,0.004
Google Ads,2022-04-16,CAMPAIGN955081,1337,277,8.054
Google Ads,2022-04-17,CAMPAIGN955081,389,48,2.5880000000000005
Google Ads,2022-04-18,CAMPAIGN955081,360,66,4.136
Google Ads,2022-04-19,CAMPAIGN955081,358,76,3.5600000000000005
Google Ads,2022-04-20,CAMPAIGN955081,294,57,2.9640000000000004
Google Ads,2022-04-21,CAMPAIGN955081,279,52,2.6340000000000003
Google Ads,2022-04-22,CAMPAIGN955081,237,52,2.6300000000000003
Google Ads,2022-04-23,CAMPAIGN955081,212,25,1.4340000000000002
Google Ads,2022-04-24,CAMPAIGN955081,43,14,0.7200000000000001
Google Ads,2022-04-25,CAMPAIGN955081,2,0,0.0
Google Ads,2022-04-26,CAMPAIGN955074,1414,265,18.862000000000002
Google Ads,2022-04-27,CAMPAIGN955074,874,165,8.828000000000001
Google Ads,2022-04-28,CAMPAIGN955074,595,124,3.48
Google Ads,2022-04-29,CAMPAIGN955074,487,72,3.372
Google Ads,2022-04-30,CAMPAIGN955074,144,40,1.8560000000000003
Google Ads,2022-05-01,CAMPAIGN955074,132,31,1.774
Google Ads,2022-05-02,CAMPAIGN955074,121,33,1.62
Google Ads,2022-05-03,CAMPAIGN955074,107,21,1.3860000000000001
Google Ads,2022-05-04,CAMPAIGN955074,56,15,0.498
Google Ads,2022-05-05,CAMPAIGN955074,3,0,0.0
Google Ads,2022-05-06,CAMPAIGN954908,4412,660,25.532000000000004
Google Ads,2022-05-07,CAMPAIGN954908,3419,590,24.864
Google Ads,2022-05-08,CAMPAIGN954908,320,55,2.8200000000000003
Google Ads,2022-05-09,CAMPAIGN954908,145,14,0.684
Google Ads,2022-05-10,CAMPAIGN954908,133,15,0.594
Google Ads,2022-05-11,CAMPAIGN954908,58,12,0.3980000000000001
Google Ads,2022-05-12,CAMPAIGN954908,22,5,0.06000000000000001
Google Ads,2022-05-13,CAMPAIGN954908,8,2,0.074
Google Ads,2022-05-14,CAMPAIGN955062,1548,288,12.698
Google Ads,2022-05-15,CAMPAIGN955062,966,212,10.24
Google Ads,2022-05-16,CAMPAIGN955062,49,4,0.21400000000000002
Google Ads,2022-05-17,CAMPAIGN955062,45,9,0.45
Google Ads,2022-05-18,CAMPAIGN955062,11,2,0.11599999999999999
Google Ads,2022-05-19,CAMPAIGN955062,9,2,0.16000000000000003
Google Ads,2022-05-20,CAMPAIGN955062,7,0,0.0
Google Ads,2022-05-21,CAMPAIGN955062,4,0,0.0
Google Ads,2022-05-22,CAMPAIGN955062,2,0,0.0
Google Ads,2022-05-23,CAMPAIGN955062,2,0,0.0
Google Ads,2022-05-24,CAMPAIGN955062,1,0,0.0
Google Ads,2022-05-25,CAMPAIGN954927,3814,611,23.756
Google Ads,2022-05-26,CAMPAIGN954927,1428,265,11.044
Google Ads,2022-05-27,CAMPAIGN954927,838,205,6.128
Google Ads,2022-05-28,CAMPAIGN954927,142,16,0.9220000000000002
Google Ads,2022-05-29,CAMPAIGN954927,126,34,1.6820000000000002
Google Ads,2022-05-30,CAMPAIGN954927,93,13,0.6040000000000001
Google Ads,2022-05-31,CAMPAIGN954927,91,10,0.96
Google Ads,2022-06-01,CAMPAIGN954927,58,5,0.35200000000000004
Google Ads,2022-06-02,CAMPAIGN954927,28,8,0.11000000000000001
Google Ads,2022-06-03,CAMPAIGN954927,28,2,0.05
Google Ads,2022-06-04,CAMPAIGN954927,21,6,0.10600000000000001
Google Ads,2022-06-05,CAMPAIGN954927,3,0,0.0
Google Ads,2022-06-06,CAMPAIGN954930,3761,622,30.524
Google Ads,2022-06-07,CAMPAIGN954930,1473,260,15.626
Google Ads,2022-06-08,CAMPAIGN954930,245,30,1.184
Google Ads,2022-06-09,CAMPAIGN954930,92,8,0.4
Google Ads,2022-06-10,CAMPAIGN954930,88,6,0.392
Google Ads,2022-06-11,CAMPAIGN954930,57,6,0.21200000000000002
Google Ads,2022-06-12,CAMPAIGN954930,27,3,0.266
Google Ads,2022-06-13,CAMPAIGN954930,25,3,0.16200000000000003
Google Ads,2022-06-14,CAMPAIGN954930,10,2,0.024
Google Ads,2022-06-15,CAMPAIGN954930,9,1,0.126
Google Ads,2022-06-16,CAMPAIGN954930,6,0,0.0
Google Ads,2022-06-17,CAMPAIGN954930,4,1,0.002
Google Ads,2022-06-18,CAMPAIGN955092,1247,220,19.456000000000003
Google Ads,2022-06-19,CAMPAIGN955092,839,156,12.554000000000002
Google Ads,2022-06-20,CAMPAIGN955092,382,64,2.5920000000000005
Google Ads,2022-06-21,CAMPAIGN955092,371,65,3.7160000000000006
Google Ads,2022-06-22,CAMPAIGN955092,246,40,1.9620000000000002
Google Ads,2022-06-23,CAMPAIGN955092,77,18,1.154
Google Ads,2022-06-24,CAMPAIGN955092,24,2,0.11599999999999999
Google Ads,2022-06-25,CAMPAIGN955092,14,1,0.09200000000000001
Google Ads,2022-06-26,CAMPAIGN955092,6,3,0.198
Google Ads,2022-06-27,CAMPAIGN955076,1394,341,16.634
Google Ads,2022-06-28,CAMPAIGN955076,1136,240,11.969999999999999
Google Ads,2022-06-29,CAMPAIGN955076,491,133,4.476000000000001
Google Ads,2022-06-30,CAMPAIGN955076,415,121,3.122
Google Ads,2022-07-01,CAMPAIGN955076,234,60,2.186
Google Ads,2022-07-02,CAMPAIGN955076,186,48,1.322
Google Ads,2022-07-03,CAMPAIGN955076,126,26,0.934
Google Ads,2022-07-04,CAMPAIGN955076,102,20,0.622
Google Ads,2022-07-05,CAMPAIGN955076,39,3,0.11600000000000002
Google Ads,2022-07-06,CAMPAIGN955128,821,127,11.56
Google Ads,2022-07-07,CAMPAIGN955128,683,114,11.746000000000002
Google Ads,2022-07-08,CAMPAIGN955128,414,55,3.258
Google Ads,2022-07-09,CAMPAIGN955128,355,98,4.144000000000001
Google Ads,2022-07-10,CAMPAIGN955128,129,24,1.34
Google Ads,2022-07-11,CAMPAIGN955128,101,21,1.5440000000000003
Google Ads,2022-07-12,CAMPAIGN955128,65,14,1.4420000000000002
Google Ads,2022-07-13,CAMPAIGN955128,41,8,0.4220000000000001
Google Ads,2022-07-14,CAMPAIGN955128,32,1,0.08600000000000001
Google Ads,2022-07-15,CAMPAIGN954969,2965,483,29.903999999999996
Google Ads,2022-07-16,CAMPAIGN954969,1933,393,25.118
Google Ads,2022-07-17,CAMPAIGN954969,950,166,5.742
Google Ads,2022-07-18,CAMPAIGN954969,679,99,4.9239999999999995
Google Ads,2022-07-19,CAMPAIGN954969,576,99,4.95
Google Ads,2022-07-20,CAMPAIGN954969,493,81,4.2700000000000005
Google Ads,2022-07-21,CAMPAIGN954969,328,53,2.434
Google Ads,2022-07-22,CAMPAIGN954969,227,39,1.374
Google Ads,2022-07-23,CAMPAIGN954969,46,7,0.494
Google Ads,2022-07-24,CAMPAIGN955096,1197,278,15.782
Google Ads,2022-07-25,CAMPAIGN955096,847,177,10.418
Google Ads,2022-07-26,CAMPAIGN955096,548,126,4.208
Google Ads,2022-07-27,CAMPAIGN955096,308,65,3.5180000000000002
Google Ads,2022-07-28,CAMPAIGN955096,287,65,2.902
Google Ads,2022-07-29,CAMPAIGN955096,96,20,1.1620000000000001
Google Ads,2022-07-30,CAMPAIGN955096,82,13,0.764
Google Ads,2022-07-31,CAMPAIGN955096,63,15,0.7480000000000001
Google Ads,2022-08-01,CAMPAIGN955096,33,3,0.22199999999999998
Google Ads,2022-08-02,CAMPAIGN954882,5668,794,57.164
Google Ads,2022-08-03,CAMPAIGN954882,4433,422,29.108000000000004
Google Ads,2022-08-04,CAMPAIGN954882,309,49,4.096
Google Ads,2022-08-05,CAMPAIGN954882,205,36,2.436
Google Ads,2022-08-06,CAMPAIGN954882,159,34,2.5980000000000003
Google Ads,2022-08-07,CAMPAIGN954882,57,11,0.6640000000000001
Google Ads,2022-08-08,CAMPAIGN954886,5409,476,22.03
Google Ads,2022-08-09,CAMPAIGN954886,4287,324,13.782
Google Ads,2022-08-10,CAMPAIGN954886,20,3,0.458
Google Ads,2022-08-11,CAMPAIGN954886,5,0,0.0
Google Ads,2022-08-12,CAMPAIGN955001,2474,446,26.762
Google Ads,2022-08-13,CAMPAIGN955001,1864,232,15.422
Google Ads,2022-08-14,CAMPAIGN955001,422,87,4.414000000000001
Google Ads,2022-08-15,CAMPAIGN955001,10,2,0.33
Google Ads,2022-08-16,CAMPAIGN955001,3,1,0.06999999999999999
Google Ads,2022-08-17,CAMPAIGN955003,2448,351,29.526
Google Ads,2022-08-18,CAMPAIGN955003,1871,182,15.764
Google Ads,2022-08-19,CAMPAIGN955003,145,19,1.3780000000000001
Google Ads,2022-08-20,CAMPAIGN955003,73,7,0.462
Google Ads,2022-08-21,CAMPAIGN955088,1302,179,12.591999999999999
Google Ads,2022-08-22,CAMPAIGN955088,611,44,3.326
Google Ads,2022-08-23,CAMPAIGN955088,56,10,0.902
Google Ads,2022-08-24,CAMPAIGN955088,48,5,0.418
Google Ads,2022-08-25,CAMPAIGN955088,10,1,0.2
Google Ads,2022-08-26,CAMPAIGN954935,3700,365,29.912000000000003
Google Ads,2022-08-27,CAMPAIGN954935,3676,476,35.96800000000001
Google Ads,2022-08-28,CAMPAIGN954935,121,18,1.1199999999999999
Google Ads,2022-08-29,CAMPAIGN954935,97,9,2.7300000000000004
Google Ads,2022-08-30,CAMPAIGN954935,9,0,0.0
Google Ads,2022-08-31,CAMPAIGN955002,2450,350,16.364
Google Ads,2022-09-01,CAMPAIGN955002,1245,116,5.106000000000001
Google Ads,2022-09-02,CAMPAIGN955002,235,47,1.848
Google Ads,2022-09-03,CAMPAIGN955002,66,13,0.794
Google Ads,2022-09-04,CAMPAIGN955002,4,0,0.0
Google Ads,2022-09-05,CAMPAIGN955002,1,0,0.0
Google Ads,2022-09-06,CAMPAIGN955034,1904,288,17.496
Google Ads,2022-09-07,CAMPAIGN955034,1521,148,6.908
Google Ads,2022-09-08,CAMPAIGN955034,266,21,0.7040000000000001
Google Ads,2022-09-09,CAMPAIGN955034,90,23,1.266
Google Ads,2022-09-10,CAMPAIGN955034,37,5,0.35800000000000004
Google Ads,2022-09-11,CAMPAIGN955034,35,5,0.128
Google Ads,2022-09-12,CAMPAIGN955034,16,4,0.306
Google Ads,2022-09-13,CAMPAIGN955034,2,0,0.0
Google Ads,2022-09-14,CAMPAIGN954830,9218,1425,70.602
Google Ads,2022-09-15,CAMPAIGN954830,7189,822,42.158
Google Ads,2022-09-16,CAMPAIGN954830,678,107,7.9
Google Ads,2022-09-17,CAMPAIGN954830,293,33,1.7640000000000002
Google Ads,2022-09-18,CAMPAIGN954830,187,24,1.238
Google Ads,2022-09-19,CAMPAIGN954830,77,6,0.5260000000000001
Google Ads,2022-09-20,CAMPAIGN954951,3410,433,21.002
Google Ads,2022-09-21,CAMPAIGN954951,3079,294,14.496000000000002
Google Ads,2022-09-22,CAMPAIGN954951,126,18,0.762
Google Ads,2022-09-23,CAMPAIGN954951,3,0,0.0
Google Ads,2022-09-24,CAMPAIGN954953,3384,471,38.596000000000004
Google Ads,2022-09-25,CAMPAIGN954953,1970,184,16.092000000000002
Google Ads,2022-09-26,CAMPAIGN954953,129,15,0.9660000000000001
Google Ads,2022-09-27,CAMPAIGN954953,112,17,1.572
Google Ads,2022-09-28,CAMPAIGN954953,105,15,1.244
Google Ads,2022-09-29,CAMPAIGN954953,103,17,1.692
Google Ads,2022-09-30,CAMPAIGN954944,3541,614,39.048
Google Ads,2022-10-01,CAMPAIGN954944,2248,442,31.614
Google Ads,2022-10-02,CAMPAIGN954944,1900,431,30.172000000000004
Google Ads,2022-10-03,CAMPAIGN954944,185,23,2.0080000000000005
Google Ads,2022-10-04,CAMPAIGN954944,7,3,0.18400000000000002
Google Ads,2022-10-05,CAMPAIGN954843,7842,1349,72.4
Google Ads,2022-10-06,CAMPAIGN954843,3810,715,37.05200000000001
Google Ads,2022-10-07,CAMPAIGN954843,3645,890,47.764
Google Ads,2022-10-08,CAMPAIGN954843,3098,852,23.554000000000002
Google Ads,2022-10-09,CAMPAIGN954843,2720,262,13.496000000000002
Google Ads,2022-10-10,CAMPAIGN954843,1283,180,8.9
Google Ads,2022-10-11,CAMPAIGN954843,1112,82,4.312
Google Ads,2022-10-12,CAMPAIGN954843,152,14,0.746
Google Ads,2022-10-13,CAMPAIGN954843,1,1,0.052000000000000005
Google Ads,2022-10-14,CAMPAIGN954847,7569,960,92.644
Google Ads,2022-10-15,CAMPAIGN954847,1234,190,19.490000000000002
Google Ads,2022-10-16,CAMPAIGN954847,844,159,13.984000000000002
Google Ads,2022-10-17,CAMPAIGN954847,478,50,4.5920000000000005
Google Ads,2022-10-18,CAMPAIGN954847,29,6,0.512
Google Ads,2022-10-19,CAMPAIGN954845,7734,1314,81.22000000000001
Google Ads,2022-10-20,CAMPAIGN954845,5528,1601,52.632
Google Ads,2022-10-21,CAMPAIGN954845,3474,280,20.814000000000004
Google Ads,2022-10-22,CAMPAIGN954845,1491,151,10.922
Google Ads,2022-10-23,CAMPAIGN954845,690,71,4.25
Google Ads,2022-10-24,CAMPAIGN954845,670,89,5.676
Google Ads,2022-10-25,CAMPAIGN954845,90,5,0.42400000000000004
Google Ads,2022-10-26,CAMPAIGN954845,44,8,0.568
Google Ads,2022-10-27,CAMPAIGN954845,1,0,0.0
Google Ads,2022-10-28,CAMPAIGN954836,8316,911,79.758
Google Ads,2022-10-29,CAMPAIGN954836,1038,166,13.668000000000001
Google Ads,2022-10-30,CAMPAIGN954836,900,103,10.034
Google Ads,2022-10-31,CAMPAIGN954836,148,20,1.5920000000000003
Google Ads,2022-11-01,CAMPAIGN954836,60,6,0.5660000000000001
Google Ads,2022-11-02,CAMPAIGN954706,58274,6306,414.72
Google Ads,2022-11-03,CAMPAIGN954706,6543,658,47.836000000000006
Google Ads,2022-11-04,CAMPAIGN954706,5231,836,51.843999999999994
Google Ads,2022-11-05,CAMPAIGN954706,1008,104,7.3500000000000005
Google Ads,2022-11-06,CAMPAIGN954706,249,58,3.4560000000000004
Google Ads,2022-11-07,CAMPAIGN954819,9864,845,54.132000000000005
Google Ads,2022-11-08,CAMPAIGN954819,2615,148,13.422
Google Ads,2022-11-09,CAMPAIGN954819,1690,159,11.578
Google Ads,2022-11-10,CAMPAIGN954819,228,9,0.6480000000000001
Google Ads,2022-11-11,CAMPAIGN954819,133,20,1.184
Google Ads,2022-11-12,CAMPAIGN954860,6623,1076,75.58
Google Ads,2022-11-13,CAMPAIGN954860,5369,392,28.322000000000003
Google Ads,2022-11-14,CAMPAIGN954860,4631,1295,52.342
Google Ads,2022-11-15,CAMPAIGN954860,2150,275,18.706
Google Ads,2022-11-16,CAMPAIGN954860,1619,141,9.828000000000001
Google Ads,2022-11-17,CAMPAIGN954860,608,83,5.609999999999999
Google Ads,2022-11-18,CAMPAIGN954860,322,23,1.6280000000000001
Google Ads,2022-11-19,CAMPAIGN954860,120,11,0.794
Google Ads,2022-11-20,CAMPAIGN954977,2831,583,44.532000000000004
Google Ads,2022-11-21,CAMPAIGN954977,2473,200,16.482
Google Ads,2022-11-22,CAMPAIGN954977,2295,537,33.312000000000005
Google Ads,2022-11-23,CAMPAIGN954977,934,116,8.936
Google Ads,2022-11-24,CAMPAIGN954977,626,85,7.390000000000001
Google Ads,2022-11-25,CAMPAIGN954977,265,36,2.8240000000000003
Google Ads,2022-11-26,CAMPAIGN954977,149,12,1.074
Google Ads,2022-11-27,CAMPAIGN954977,63,10,0.8180000000000001
Google Ads,2022-11-28,CAMPAIGN954869,6120,1040,50.248000000000005
Google Ads,2022-11-29,CAMPAIGN954869,2995,569,26.828
Google Ads,2022-11-30,CAMPAIGN954869,1227,225,11.738
Google Ads,2022-12-01,CAMPAIGN954869,53,6,0.394
Google Ads,2022-12-02,CAMPAIGN954869,1,1,0.05600000000000001
Google Ads,2022-12-03,CAMPAIGN954958,3233,312,31.908
Google Ads,2022-12-04,CAMPAIGN954958,885,144,16.022000000000002
Google Ads,2022-12-05,CAMPAIGN954958,714,110,12.798000000000002
Google Ads,2022-12-06,CAMPAIGN954958,360,46,5.18
Google Ads,2022-12-07,CAMPAIGN954958,321,44,5.298000000000001
Google Ads,2022-12-08,CAMPAIGN954958,302,42,4.684
Google Ads,2022-12-09,CAMPAIGN954958,292,35,4.142
Google Ads,2022-12-10,CAMPAIGN954958,144,15,1.74
Google Ads,2022-12-11,CAMPAIGN954958,112,26,2.3280000000000003
Google Ads,2022-12-12,CAMPAIGN954958,78,15,1.7100000000000002
Google Ads,2022-12-13,CAMPAIGN954958,57,16,1.028
Google Ads,2022-12-14,CAMPAIGN954958,17,5,0.194
Google Ads,2022-12-15,CAMPAIGN954958,14,2,0.268
Google Ads,2022-12-16,CAMPAIGN954958,10,1,0.094
Google Ads,2022-12-17,CAMPAIGN954958,5,2,0.43600000000000005
Google Ads,2022-12-18,CAMPAIGN954958,3,2,0.242
Google Ads,2022-12-19,CAMPAIGN954958,2,1,0.11200000000000002
Google Ads,2022-12-20,CAMPAIGN954958,2,0,0.0
Google Ads,2022-12-21,CAMPAIGN954948,3432,408,48.958
Google Ads,2022-12-22,CAMPAIGN954948,966,153,17.468
Google Ads,2022-12-23,CAMPAIGN954948,834,153,18.25
Google Ads,2022-12-24,CAMPAIGN954948,804,103,11.944
Google Ads,2022-12-25,CAMPAIGN954948,436,59,6.944
Google Ads,2022-12-26,CAMPAIGN954948,309,42,4.930000000000001
Google Ads,2022-12-27,CAMPAIGN954948,212,40,4.168
Google Ads,2022-12-28,CAMPAIGN954948,208,31,3.386
Google Ads,2022-12-29,CAMPAIGN954948,153,18,2.25
Google Ads,2022-12-30,CAMPAIGN954948,93,13,1.524
Google Ads,2022-12-31,CAMPAIGN954948,46,10,0.8820000000000001
Google Ads,2022-01-01,CAMPAIGN954948,32,1,0.05
Google Ads,2022-01-02,CAMPAIGN954948,26,3,0.094
Google Ads,2022-01-03,CAMPAIGN954948,19,6,0.7000000000000001
Google Ads,2022-01-04,CAMPAIGN954948,13,1,0.192
Google Ads,2022-01-05,CAMPAIGN954948,6,1,0.11399999999999999
Google Ads,2022-01-06,CAMPAIGN954948,2,1,0.024
Google Ads,2022-01-07,CAMPAIGN954948,1,0,0.0
Google Ads,2022-01-08,CAMPAIGN954822,9804,1653,108.26200000000001
Google Ads,2022-01-09,CAMPAIGN954822,1422,204,14.162
Google Ads,2022-01-10,CAMPAIGN954822,519,70,4.7780000000000005
Google Ads,2022-01-11,CAMPAIGN954822,251,46,2.662
Google Ads,2022-01-12,CAMPAIGN954822,153,24,1.83
Google Ads,2022-01-13,CAMPAIGN954822,107,8,0.5980000000000001
Google Ads,2022-01-14,CAMPAIGN954822,104,14,0.8260000000000002
Google Ads,2022-01-15,CAMPAIGN954822,90,20,1.37
Google Ads,2022-01-16,CAMPAIGN954822,57,5,0.30200000000000005
Google Ads,2022-01-17,CAMPAIGN954822,20,9,0.32800000000000007
Google Ads,2022-01-18,CAMPAIGN954822,17,4,0.262
Google Ads,2022-01-19,CAMPAIGN954822,6,1,0.068
Google Ads,2022-01-20,CAMPAIGN954792,12691,1802,152.778
Google Ads,2022-01-21,CAMPAIGN954792,2209,362,30.474000000000004
Google Ads,2022-01-22,CAMPAIGN954792,1240,261,20.400000000000006
Google Ads,2022-01-23,CAMPAIGN954792,629,76,6.795999999999999
Google Ads,2022-01-24,CAMPAIGN954792,59,17,1.3360000000000003
Google Ads,2022-01-25,CAMPAIGN954748,20863,1727,151.674
Google Ads,2022-01-26,CAMPAIGN954748,5557,734,56.48
Google Ads,2022-01-27,CAMPAIGN954748,2366,295,24.038
Google Ads,2022-01-28,CAMPAIGN954748,2007,211,16.832
Google Ads,2022-01-29,CAMPAIGN954748,1863,235,21.12
Google Ads,2022-01-30,CAMPAIGN954748,1623,203,14.356000000000002
Google Ads,2022-01-31,CAMPAIGN954748,1209,134,11.056000000000001
Google Ads,2022-02-01,CAMPAIGN954748,801,88,6.672000000000001
Google Ads,2022-02-02,CAMPAIGN954748,629,88,5.652000000000001
Google Ads,2022-02-03,CAMPAIGN954748,618,65,5.196000000000001
Google Ads,2022-02-04,CAMPAIGN954748,306,54,2.2660000000000005
Google Ads,2022-02-05,CAMPAIGN954748,169,27,2.156
Google Ads,2022-02-06,CAMPAIGN954748,141,13,1.03
Google Ads,2022-02-07,CAMPAIGN954748,102,31,1.1580000000000001
Google Ads,2022-02-08,CAMPAIGN954748,94,11,0.9
Google Ads,2022-02-09,CAMPAIGN954748,11,2,0.13599999999999998
Google Ads,2022-02-10,CAMPAIGN954748,8,1,0.082
Google Ads,2022-02-11,CAMPAIGN954902,4530,647,45.136
Google Ads,2022-02-12,CAMPAIGN954902,1090,142,11.549999999999999
Google Ads,2022-02-13,CAMPAIGN954902,616,124,8.406
Google Ads,2022-02-14,CAMPAIGN954902,425,40,4.446000000000001
Google Ads,2022-02-15,CAMPAIGN954902,408,57,5.202
Google Ads,2022-02-16,CAMPAIGN954902,401,49,4.264
Google Ads,2022-02-17,CAMPAIGN954902,334,38,2.946
Google Ads,2022-02-18,CAMPAIGN954902,273,61,3.862
Google Ads,2022-02-19,CAMPAIGN954902,184,24,2.3559999999999994
Google Ads,2022-02-20,CAMPAIGN954902,181,22,1.736
Google Ads,2022-02-21,CAMPAIGN954902,75,17,0.8119999999999999
Google Ads,2022-02-22,CAMPAIGN954902,54,9,0.8320000000000001
Google Ads,2022-02-23,CAMPAIGN954902,20,5,0.17
Google Ads,2022-02-24,CAMPAIGN954902,15,1,0.084
Google Ads,2022-02-25,CAMPAIGN954902,5,2,0.12999999999999998
Google Ads,2022-02-26,CAMPAIGN954902,5,1,0.122
Google Ads,2022-02-27,CAMPAIGN954902,1,0,0.0
Google Ads,2022-02-28,CAMPAIGN954805,11522,1916,129.0
Google Ads,2022-03-01,CAMPAIGN954805,9593,2757,105.16400000000002
Google Ads,2022-03-02,CAMPAIGN954805,4604,459,31.198000000000004
Google Ads,2022-03-03,CAMPAIGN954805,3590,446,27.028
Google Ads,2022-03-04,CAMPAIGN954805,3486,444,28.438000000000002
Google Ads,2022-03-05,CAMPAIGN954805,1334,65,4.441999999999999
Google Ads,2022-03-06,CAMPAIGN954805,1178,176,11.326
Google Ads,2022-03-07,CAMPAIGN954805,259,33,2.136
Google Ads,2022-03-08,CAMPAIGN954805,9,7,0.30400000000000005
Google Ads,2022-03-09,CAMPAIGN954813,10347,3125,62.123999999999995
Google Ads,2022-03-10,CAMPAIGN954813,5353,980,36.312000000000005
Google Ads,2022-03-11,CAMPAIGN954813,3967,442,16.578
Google Ads,2022-03-12,CAMPAIGN954813,630,94,3.228
Google Ads,2022-03-13,CAMPAIGN954813,570,109,4.482
Google Ads,2022-03-14,CAMPAIGN954813,159,13,0.42800000000000005
Google Ads,2022-03-15,CAMPAIGN954813,58,5,0.22400000000000003
Google Ads,2022-03-16,CAMPAIGN954813,14,1,0.036
Google Ads,2022-03-17,CAMPAIGN954894,4871,477,38.790000000000006
Google Ads,2022-03-18,CAMPAIGN954894,727,89,6.9479999999999995
Google Ads,2022-03-19,CAMPAIGN954894,455,60,4.894
Google Ads,2022-03-20,CAMPAIGN954894,351,46,4.032
Google Ads,2022-03-21,CAMPAIGN954894,304,44,3.436
Google Ads,2022-03-22,CAMPAIGN954894,157,18,1.4160000000000001
Google Ads,2022-03-23,CAMPAIGN954894,110,5,0.4
Google Ads,2022-03-24,CAMPAIGN954894,109,20,0.7360000000000001
Google Ads,2022-03-25,CAMPAIGN954894,108,9,0.782
Google Ads,2022-03-26,CAMPAIGN954894,107,9,0.7640000000000001
Google Ads,2022-03-27,CAMPAIGN954894,56,7,0.472
Google Ads,2022-03-28,CAMPAIGN954894,42,8,0.17600000000000002
Google Ads,2022-03-29,CAMPAIGN954894,19,6,0.524
Google Ads,2022-03-30,CAMPAIGN954894,12,2,0.074
Google Ads,2022-03-31,CAMPAIGN954894,10,0,0.0
Google Ads,2022-04-01,CAMPAIGN954894,6,1,0.10800000000000001
Google Ads,2022-04-02,CAMPAIGN954894,1,1,0.057999999999999996
Google Ads,2022-04-03,CAMPAIGN954894,1,0,0.0
Google Ads,2022-04-04,CAMPAIGN954812,10523,434,23.876
Google Ads,2022-04-05,CAMPAIGN954812,7839,475,25.87
Google Ads,2022-04-06,CAMPAIGN954812,3549,230,11.388
Google Ads,2022-04-07,CAMPAIGN954812,2769,796,20.256
Google Ads,2022-04-08,CAMPAIGN954812,2652,268,11.254000000000001
Google Ads,2022-04-09,CAMPAIGN954812,1843,112,5.374
Google Ads,2022-04-10,CAMPAIGN954812,676,10,0.4880000000000001
Google Ads,2022-04-11,CAMPAIGN954812,171,9,0.61
Google Ads,2022-04-12,CAMPAIGN954859,6739,751,79.262
Google Ads,2022-04-13,CAMPAIGN954859,3275,497,49.106
Google Ads,2022-04-14,CAMPAIGN954859,3035,554,51.00200000000001
Google Ads,2022-04-15,CAMPAIGN954859,135,32,2.5520000000000005
Google Ads,2022-04-16,CAMPAIGN954859,60,8,0.9500000000000001
Google Ads,2022-04-17,CAMPAIGN954892,4943,908,58.13400000000001
Google Ads,2022-04-18,CAMPAIGN954892,4563,620,37.948
Google Ads,2022-04-19,CAMPAIGN954892,3457,1043,31.614000000000004
Google Ads,2022-04-20,CAMPAIGN954892,2239,357,21.602000000000004
Google Ads,2022-04-21,CAMPAIGN954892,1585,225,12.798000000000002
Google Ads,2022-04-22,CAMPAIGN954892,1310,53,3.5100000000000002
Google Ads,2022-04-23,CAMPAIGN954892,1169,219,13.918000000000001
Google Ads,2022-04-24,CAMPAIGN954892,249,39,2.434
Google Ads,2022-04-25,CAMPAIGN954804,11593,1609,59.79600000000001
Google Ads,2022-04-26,CAMPAIGN954804,7624,1797,39.568
Google Ads,2022-04-27,CAMPAIGN954804,6195,486,19.524
Google Ads,2022-04-28,CAMPAIGN954804,2001,165,6.622
Google Ads,2022-04-29,CAMPAIGN954804,1855,199,6.588
Google Ads,2022-04-30,CAMPAIGN954804,1814,164,6.172000000000001
Google Ads,2022-05-01,CAMPAIGN954804,1162,44,1.8820000000000006
Google Ads,2022-05-02,CAMPAIGN954804,284,33,1.33
Google Ads,2022-05-03,CAMPAIGN954804,14,3,0.08600000000000002
Google Ads,2022-05-04,CAMPAIGN955015,2254,227,21.808000000000003
Google Ads,2022-05-05,CAMPAIGN955015,766,89,6.726000000000001
Google Ads,2022-05-06,CAMPAIGN955015,517,70,5.996
Google Ads,2022-05-07,CAMPAIGN955015,486,73,6.5920000000000005
Google Ads,2022-05-08,CAMPAIGN955015,312,47,4.574
Google Ads,2022-05-09,CAMPAIGN955015,208,26,2.192
Google Ads,2022-05-10,CAMPAIGN955015,190,15,1.4560000000000002
Google Ads,2022-05-11,CAMPAIGN955015,147,18,1.286
Google Ads,2022-05-12,CAMPAIGN955015,133,13,1.348
Google Ads,2022-05-13,CAMPAIGN955015,74,19,1.6820000000000002
Google Ads,2022-05-14,CAMPAIGN955015,30,1,0.10200000000000001
Google Ads,2022-05-15,CAMPAIGN955015,25,5,0.396
Google Ads,2022-05-16,CAMPAIGN955015,15,2,0.16400000000000003
Google Ads,2022-05-17,CAMPAIGN955015,8,0,0.0
Google Ads,2022-05-18,CAMPAIGN955015,6,3,0.12200000000000003
Google Ads,2022-05-19,CAMPAIGN955015,1,0,0.0
Google Ads,2022-05-20,CAMPAIGN954786,13391,923,86.38
Google Ads,2022-05-21,CAMPAIGN954786,1753,183,15.963999999999999
Google Ads,2022-05-22,CAMPAIGN954786,1237,123,10.670000000000002
Google Ads,2022-05-23,CAMPAIGN954786,830,48,4.118
Google Ads,2022-05-24,CAMPAIGN954786,741,67,6.072
Google Ads,2022-05-25,CAMPAIGN954786,552,72,6.586
Google Ads,2022-05-26,CAMPAIGN954786,352,64,4.0920000000000005
Google Ads,2022-05-27,CAMPAIGN954786,322,25,2.116
Google Ads,2022-05-28,CAMPAIGN954786,295,39,3.436
Google Ads,2022-05-29,CAMPAIGN954786,278,9,0.8660000000000001
Google Ads,2022-05-30,CAMPAIGN954786,104,9,0.7080000000000001
Google Ads,2022-05-31,CAMPAIGN954786,90,7,0.6720000000000002
Google Ads,2022-06-01,CAMPAIGN954786,50,2,0.394
Google Ads,2022-06-02,CAMPAIGN954786,43,5,0.426
Google Ads,2022-06-03,CAMPAIGN954786,37,12,0.398
Google Ads,2022-06-04,CAMPAIGN954786,6,0,0.0
Google Ads,2022-06-05,CAMPAIGN954786,2,0,0.0
Google Ads,2022-06-06,CAMPAIGN954786,1,0,0.0
Google Ads,2022-06-07,CAMPAIGN954921,3953,427,33.49399999999999
Google Ads,2022-06-08,CAMPAIGN954921,647,69,5.604
Google Ads,2022-06-09,CAMPAIGN954921,647,56,4.616
Google Ads,2022-06-10,CAMPAIGN954921,504,73,6.441999999999999
Google Ads,2022-06-11,CAMPAIGN954921,370,40,3.6160000000000005
Google Ads,2022-06-12,CAMPAIGN954921,327,47,3.3960000000000004
Google Ads,2022-06-13,CAMPAIGN954921,201,23,2.072
Google Ads,2022-06-14,CAMPAIGN954921,133,19,1.506
Google Ads,2022-06-15,CAMPAIGN954921,112,19,1.29
Google Ads,2022-06-16,CAMPAIGN954921,98,11,0.768
Google Ads,2022-06-17,CAMPAIGN954921,81,13,0.3440000000000001
Google Ads,2022-06-18,CAMPAIGN954921,25,7,0.488
Google Ads,2022-06-19,CAMPAIGN954921,21,10,0.8
Google Ads,2022-06-20,CAMPAIGN954921,13,1,0.10200000000000001
Google Ads,2022-06-21,CAMPAIGN954921,7,2,0.15600000000000003
Google Ads,2022-06-22,CAMPAIGN954921,6,1,0.082
Google Ads,2022-06-23,CAMPAIGN954921,5,0,0.0
Google Ads,2022-06-24,CAMPAIGN954921,1,0,0.0
Google Ads,2022-06-25,CAMPAIGN954852,6984,1160,81.92
Google Ads,2022-06-26,CAMPAIGN954852,605,112,7.847999999999999
Google Ads,2022-06-27,CAMPAIGN954852,201,23,1.602
Google Ads,2022-06-28,CAMPAIGN954852,28,3,0.18200000000000002
Google Ads,2022-06-29,CAMPAIGN954852,26,7,0.49000000000000005
Google Ads,2022-06-30,CAMPAIGN954866,6330,860,78.66000000000001
Google Ads,2022-07-01,CAMPAIGN954866,994,171,21.536
Google Ads,2022-07-02,CAMPAIGN954866,597,72,6.434000000000001
Google Ads,2022-07-03,CAMPAIGN954866,219,42,3.78
Google Ads,2022-07-04,CAMPAIGN954866,22,13,1.1340000000000001
Google Ads,2022-07-05,CAMPAIGN954893,4880,526,54.428
Google Ads,2022-07-06,CAMPAIGN954893,488,52,5.33
Google Ads,2022-07-07,CAMPAIGN954893,352,55,6.948
Google Ads,2022-07-08,CAMPAIGN954893,155,22,2.496
Google Ads,2022-07-09,CAMPAIGN954893,14,2,0.11000000000000001
Google Ads,2022-07-10,CAMPAIGN954808,10854,1362,57.0
Google Ads,2022-07-11,CAMPAIGN954808,8695,2192,48.400000000000006
Google Ads,2022-07-12,CAMPAIGN954808,2695,290,11.508000000000001
Google Ads,2022-07-13,CAMPAIGN954808,1614,93,3.5700000000000003
Google Ads,2022-07-14,CAMPAIGN954808,432,62,2.5500000000000003
Google Ads,2022-07-15,CAMPAIGN954808,163,25,1.2240000000000002
Google Ads,2022-07-16,CAMPAIGN954808,30,2,0.10200000000000001
Google Ads,2022-07-17,CAMPAIGN954808,14,3,0.13799999999999998
Google Ads,2022-07-18,CAMPAIGN954878,5751,754,43.834
Google Ads,2022-07-19,CAMPAIGN954878,1963,526,17.201999999999998
Google Ads,2022-07-20,CAMPAIGN954878,1638,145,8.264000000000001
Google Ads,2022-07-21,CAMPAIGN954878,811,106,5.710000000000001
Google Ads,2022-07-22,CAMPAIGN954878,745,130,7.006
Google Ads,2022-07-23,CAMPAIGN954878,279,39,1.9640000000000002
Google Ads,2022-07-24,CAMPAIGN954878,23,0,0.0
Google Ads,2022-07-25,CAMPAIGN954878,22,1,0.098
Google Ads,2022-07-26,CAMPAIGN955124,840,149,7.21
Google Ads,2022-07-27,CAMPAIGN955124,603,88,10.950000000000003
Google Ads,2022-07-28,CAMPAIGN955124,358,73,10.648000000000001
Google Ads,2022-07-29,CAMPAIGN955124,91,26,2.5020000000000007
Google Ads,2022-07-30,CAMPAIGN955233,70,14,0.8200000000000002
Google Ads,2022-07-31,CAMPAIGN954797,11945,2123,106.42200000000001
Google Ads,2022-08-01,CAMPAIGN954797,2746,185,30.153999999999996
Google Ads,2022-08-02,CAMPAIGN954797,2666,485,55.394000000000005
Google Ads,2022-08-03,CAMPAIGN954797,2354,187,27.094
Google Ads,2022-08-04,CAMPAIGN954797,1748,98,26.862000000000002
Google Ads,2022-08-05,CAMPAIGN954797,1443,135,61.752
Google Ads,2022-08-06,CAMPAIGN954744,23168,4928,232.306
Google Ads,2022-08-07,CAMPAIGN954744,8120,2537,230.26400000000004
Google Ads,2022-08-08,CAMPAIGN954744,6716,1610,316.576
Google Ads,2022-08-09,CAMPAIGN954744,5532,2664,389.968
Google Ads,2022-08-10,CAMPAIGN954744,5316,1762,234.114
Google Ads,2022-08-11,CAMPAIGN954744,3719,918,91.022
Google Ads,2022-08-12,CAMPAIGN954744,2456,519,24.69
Google Ads,2022-08-13,CAMPAIGN954744,831,120,26.648000000000003
Google Ads,2022-08-14,CAMPAIGN954744,740,106,18.562
Google Ads,2022-08-15,CAMPAIGN954788,13168,3876,182.62599999999998
Google Ads,2022-08-16,CAMPAIGN954788,11912,3240,96.44800000000001
Google Ads,2022-08-17,CAMPAIGN954788,11170,2587,152.68800000000002
Google Ads,2022-08-18,CAMPAIGN954788,8715,3842,291.38800000000003
Google Ads,2022-08-19,CAMPAIGN954788,8416,2681,202.63000000000002
Google Ads,2022-08-20,CAMPAIGN954788,4478,1220,73.754
Google Ads,2022-08-21,CAMPAIGN954788,4413,1284,95.666
Google Ads,2022-08-22,CAMPAIGN954788,757,161,9.65
Google Ads,2022-08-23,CAMPAIGN954841,8100,763,170.33800000000002
Google Ads,2022-08-24,CAMPAIGN954841,4445,520,96.404
Google Ads,2022-08-25,CAMPAIGN954841,4087,571,82.884
Google Ads,2022-08-26,CAMPAIGN954841,3342,279,61.30799999999999
Google Ads,2022-08-27,CAMPAIGN954841,1249,210,31.254000000000005
Google Ads,2022-08-28,CAMPAIGN954899,4745,435,74.132
Google Ads,2022-08-29,CAMPAIGN954899,3319,317,51.564000000000014
Google Ads,2022-08-30,CAMPAIGN954899,2646,202,31.786
Google Ads,2022-08-31,CAMPAIGN954899,2016,118,17.419999999999998
Google Ads,2022-09-01,CAMPAIGN954899,1616,307,36.964
Google Ads,2022-09-02,CAMPAIGN955177,340,36,4.5280000000000005
Google Ads,2022-09-03,CAMPAIGN955177,78,20,1.024
Google Ads,2022-09-04,CAMPAIGN955177,47,7,0.30200000000000005
Google Ads,2022-09-05,CAMPAIGN954950,3411,670,30.756
Google Ads,2022-09-06,CAMPAIGN954950,2090,333,49.93
Google Ads,2022-09-07,CAMPAIGN954950,1926,439,22.432000000000002
Google Ads,2022-09-08,CAMPAIGN954950,1072,146,12.080000000000002
Google Ads,2022-09-09,CAMPAIGN954950,926,181,30.122
Google Ads,2022-09-10,CAMPAIGN954950,823,111,13.372
Google Ads,2022-09-11,CAMPAIGN955098,1163,229,16.380000000000003
Google Ads,2022-09-12,CAMPAIGN955098,433,85,10.174
Google Ads,2022-09-13,CAMPAIGN955098,321,62,5.912
Google Ads,2022-09-14,CAMPAIGN955098,167,50,5.374
Google Ads,2022-09-15,CAMPAIGN954772,15828,4841,540.95
Google Ads,2022-09-16,CAMPAIGN954772,14944,3542,151.87199999999999
Google Ads,2022-09-17,CAMPAIGN954772,12199,5326,596.3920000000002
Google Ads,2022-09-18,CAMPAIGN954772,9444,2563,181.77800000000002
Google Ads,2022-09-19,CAMPAIGN954772,8469,2167,270.418
Google Ads,2022-09-20,CAMPAIGN954772,5756,1666,102.68800000000002
Google Ads,2022-09-21,CAMPAIGN954772,3746,1282,185.23600000000002
Google Ads,2022-09-22,CAMPAIGN954772,956,161,22.546000000000003
Google Ads,2022-09-23,CAMPAIGN954991,2650,452,38.138
Google Ads,2022-09-24,CAMPAIGN954991,1218,248,30.460000000000004
Google Ads,2022-09-25,CAMPAIGN954991,753,132,18.320000000000004
Google Ads,2022-09-26,CAMPAIGN954991,311,72,8.012
Google Ads,2022-09-27,CAMPAIGN955083,1326,275,17.178
Google Ads,2022-09-28,CAMPAIGN955083,177,39,3.986
Google Ads,2022-09-29,CAMPAIGN955083,142,25,2.2640000000000002
Google Ads,2022-09-30,CAMPAIGN955083,23,4,0.246
Google Ads,2022-10-01,CAMPAIGN954768,16687,1677,218.416
Google Ads,2022-10-02,CAMPAIGN954768,15539,1302,245.46600000000004
Google Ads,2022-10-03,CAMPAIGN954768,8832,696,96.154
Google Ads,2022-10-04,CAMPAIGN954768,8610,903,103.08200000000002
Google Ads,2022-10-05,CAMPAIGN954768,6499,1287,103.03800000000001
Google Ads,2022-10-06,CAMPAIGN954768,593,29,5.748000000000001
Google Ads,2022-10-07,CAMPAIGN954925,3826,865,48.669999999999995
Google Ads,2022-10-08,CAMPAIGN954925,2423,547,47.286
Google Ads,2022-10-09,CAMPAIGN954925,1215,295,20.810000000000002
Google Ads,2022-10-10,CAMPAIGN954925,647,129,10.790000000000001
Google Ads,2022-10-11,CAMPAIGN954708,53066,9608,329.22800000000007
Google Ads,2022-10-12,CAMPAIGN954708,26191,7271,968.3420000000001
Google Ads,2022-10-13,CAMPAIGN954708,21095,4328,427.06800000000004
Google Ads,2022-10-14,CAMPAIGN954708,10218,2762,352.01800000000003
Google Ads,2022-10-15,CAMPAIGN954708,8326,1747,129.73800000000003
Google Ads,2022-10-16,CAMPAIGN954708,8227,2105,294.96
Google Ads,2022-10-17,CAMPAIGN954708,2273,395,36.385999999999996
Google Ads,2022-10-18,CAMPAIGN954708,2088,290,17.782
Google Ads,2022-10-19,CAMPAIGN954708,505,166,22.41
Google Ads,2022-10-20,CAMPAIGN954943,3543,366,104.562
Google Ads,2022-10-21,CAMPAIGN954943,1844,215,39.906000000000006
Google Ads,2022-10-22,CAMPAIGN954943,1584,250,19.934
Google Ads,2022-10-23,CAMPAIGN954943,1329,249,26.3
Google Ads,2022-10-24,CAMPAIGN954943,300,50,4.6080000000000005
Google Ads,2022-10-25,CAMPAIGN954881,5691,1371,56.232000000000006
Google Ads,2022-10-26,CAMPAIGN954881,4896,1188,177.33800000000002
Google Ads,2022-10-27,CAMPAIGN954881,4765,1011,98.37400000000001
Google Ads,2022-10-28,CAMPAIGN954881,4005,983,99.784
Google Ads,2022-10-29,CAMPAIGN954881,3210,1024,101.61200000000001
Google Ads,2022-10-30,CAMPAIGN954881,2655,1212,173.50000000000003
Google Ads,2022-10-31,CAMPAIGN954881,1908,629,84.64
Google Ads,2022-11-01,CAMPAIGN954881,333,75,8.412
Google Ads,2022-11-02,CAMPAIGN954970,2952,417,65.15599999999999
Google Ads,2022-11-03,CAMPAIGN954970,1047,122,19.692
Google Ads,2022-11-04,CAMPAIGN954970,437,58,8.298
Google Ads,2022-11-05,CAMPAIGN954970,415,46,8.190000000000001
Google Ads,2022-11-06,CAMPAIGN954889,5106,1174,92.122
Google Ads,2022-11-07,CAMPAIGN954889,5082,1528,111.69800000000001
Google Ads,2022-11-08,CAMPAIGN954889,2463,636,32.25
Google Ads,2022-11-09,CAMPAIGN954889,2277,656,27.612000000000002
Google Ads,2022-11-10,CAMPAIGN954753,20168,5948,72.008
Google Ads,2022-11-11,CAMPAIGN954753,15835,3709,69.35000000000001
Google Ads,2022-11-12,CAMPAIGN954753,12846,2750,37.910000000000004
Google Ads,2022-11-13,CAMPAIGN954753,1089,235,3.4980000000000007
Google Ads,2022-11-14,CAMPAIGN954753,444,79,1.7800000000000002
Google Ads,2022-11-15,CAMPAIGN954753,2,0,0.0
Google Ads,2022-11-16,CAMPAIGN954874,5882,1927,90.60600000000001
Google Ads,2022-11-17,CAMPAIGN954874,4260,965,35.153999999999996
Google Ads,2022-11-18,CAMPAIGN954874,2263,384,14.225999999999999
Google Ads,2022-11-19,CAMPAIGN954874,1484,398,17.858
Google Ads,2022-11-20,CAMPAIGN954874,153,21,1.014
Google Ads,2022-11-21,CAMPAIGN954874,143,7,0.446
Google Ads,2022-11-22,CAMPAIGN954874,112,14,1.1900000000000002
Google Ads,2022-11-23,CAMPAIGN954828,9528,1623,49.56
Google Ads,2022-11-24,CAMPAIGN954828,4041,765,24.53
Google Ads,2022-11-25,CAMPAIGN954828,2594,438,13.345999999999998
Google Ads,2022-11-26,CAMPAIGN954828,1869,517,12.938
Google Ads,2022-11-27,CAMPAIGN954718,38921,2571,145.656
Google Ads,2022-11-28,CAMPAIGN954718,26124,4663,259.708
Google Ads,2022-11-29,CAMPAIGN954718,13051,598,30.744
Google Ads,2022-11-30,CAMPAIGN954718,9748,424,22.308000000000003
Google Ads,2022-12-01,CAMPAIGN954718,8370,951,45.15
Google Ads,2022-12-02,CAMPAIGN954718,7235,425,22.158
Google Ads,2022-12-03,CAMPAIGN954718,1886,117,6.3500000000000005
Google Ads,2022-12-04,CAMPAIGN954732,27137,3512,52.67400000000001
Google Ads,2022-12-05,CAMPAIGN954732,16333,2195,21.446
Google Ads,2022-12-06,CAMPAIGN954732,15668,3555,30.412000000000003
Google Ads,2022-12-07,CAMPAIGN954732,716,124,0.96
Google Ads,2022-12-08,CAMPAIGN954732,418,53,0.7240000000000001
Google Ads,2022-12-09,CAMPAIGN954732,351,55,1.2480000000000002
Google Ads,2022-12-10,CAMPAIGN954888,5111,1468,80.03600000000002
Google Ads,2022-12-11,CAMPAIGN954888,4711,1419,54.63400000000001
Google Ads,2022-12-12,CAMPAIGN954888,4476,1440,78.882
Google Ads,2022-12-13,CAMPAIGN954888,1637,431,18.92
Google Ads,2022-12-14,CAMPAIGN954802,11687,1349,75.66799999999999
Google Ads,2022-12-15,CAMPAIGN954802,10582,3212,154.002
Google Ads,2022-12-16,CAMPAIGN954802,5746,1247,48.976000000000006
Google Ads,2022-12-17,CAMPAIGN954802,3443,530,21.490000000000002
Google Ads,2022-12-18,CAMPAIGN954802,956,99,4.852
Google Ads,2022-12-19,CAMPAIGN954802,880,66,3.968
Google Ads,2022-12-20,CAMPAIGN954802,422,39,1.806
Google Ads,2022-12-21,CAMPAIGN954711,47910,10988,260.196
Google Ads,2022-12-22,CAMPAIGN954711,37023,8352,251.65200000000002
Google Ads,2022-12-23,CAMPAIGN954711,18198,3341,72.312
Google Ads,2022-12-24,CAMPAIGN954711,1621,214,8.902000000000001
Google Ads,2022-12-25,CAMPAIGN954711,811,186,7.746000000000001
Google Ads,2022-12-26,CAMPAIGN954711,138,24,0.924
Google Ads,2022-12-27,CAMPAIGN954763,17756,1967,97.50400000000002
Google Ads,2022-12-28,CAMPAIGN954763,9201,2268,109.734
Google Ads,2022-12-29,CAMPAIGN954763,7455,416,20.258000000000003
Google Ads,2022-12-30,CAMPAIGN954763,5990,464,22.020000000000003
Google Ads,2022-12-31,CAMPAIGN954763,5169,712,30.441999999999997
Google Ads,2022-01-01,CAMPAIGN954763,3635,179,8.754000000000001
Google Ads,2022-01-01,CAMPAIGN954763,42,2,0.25
Google Ads,2022-01-02,CAMPAIGN954714,43275,9396,85.118
Google Ads,2022-01-03,CAMPAIGN954714,23028,6345,46.93000000000001
Google Ads,2022-01-04,CAMPAIGN954714,13348,2496,20.974000000000004
Google Ads,2022-01-05,CAMPAIGN954714,2202,536,4.578000000000001
Google Ads,2022-01-06,CAMPAIGN954714,355,66,1.3320000000000003
Google Ads,2022-01-07,CAMPAIGN954714,46,0,0.0
Google Ads,2022-01-08,CAMPAIGN954774,15648,1938,48.89600000000001
Google Ads,2022-01-09,CAMPAIGN954774,5165,971,28.868000000000002
Google Ads,2022-01-10,CAMPAIGN954774,4587,506,15.92
Google Ads,2022-01-11,CAMPAIGN954774,1088,227,5.93
Google Ads,2022-01-12,CAMPAIGN954709,52741,1905,79.95600000000002
Google Ads,2022-01-13,CAMPAIGN954709,23532,2931,109.29000000000002
Google Ads,2022-01-14,CAMPAIGN954709,17684,491,15.166
Google Ads,2022-01-15,CAMPAIGN954709,12601,662,23.182000000000002
Google Ads,2022-01-16,CAMPAIGN954709,9736,276,10.097999999999999
Google Ads,2022-01-17,CAMPAIGN954709,8232,205,8.018
Google Ads,2022-01-18,CAMPAIGN954709,2293,64,2.734
Google Ads,2022-01-19,CAMPAIGN954717,39641,1968,29.712000000000003
Google Ads,2022-01-20,CAMPAIGN954717,38000,2881,35.814
Google Ads,2022-01-21,CAMPAIGN954717,26832,2025,24.3
Google Ads,2022-01-22,CAMPAIGN954717,1481,62,0.8260000000000001
Google Ads,2022-01-23,CAMPAIGN954717,1169,47,0.686
Google Ads,2022-01-24,CAMPAIGN954717,642,44,0.6040000000000001
Google Ads,2022-01-25,CAMPAIGN954907,4462,1281,89.976
Google Ads,2022-01-26,CAMPAIGN954907,3713,1042,76.074
Google Ads,2022-01-27,CAMPAIGN954907,2875,700,31.164
Google Ads,2022-01-28,CAMPAIGN954907,1703,387,21.6
Google Ads,2022-01-29,CAMPAIGN954907,947,224,12.34
Google Ads,2022-01-30,CAMPAIGN954923,3861,1154,52.204
Google Ads,2022-01-31,CAMPAIGN954923,3192,607,21.578000000000003
Google Ads,2022-02-01,CAMPAIGN954923,3122,683,26.588
Google Ads,2022-02-02,CAMPAIGN954923,2661,361,17.195999999999998
Google Ads,2022-02-03,CAMPAIGN954923,883,103,3.9700000000000006
Google Ads,2022-02-04,CAMPAIGN954923,402,84,4.544
Google Ads,2022-02-05,CAMPAIGN954923,59,9,0.522
Google Ads,2022-02-06,CAMPAIGN954795,12061,2975,44.648
Google Ads,2022-02-07,CAMPAIGN954795,10005,2566,49.226
Google Ads,2022-02-08,CAMPAIGN954795,5390,1068,16.426
Google Ads,2022-02-09,CAMPAIGN954795,368,90,1.77
Google Ads,2022-02-10,CAMPAIGN954795,215,24,0.568
Google Ads,2022-02-11,CAMPAIGN954795,2,0,0.0
Google Ads,2022-02-12,CAMPAIGN954867,6238,1543,142.112
Google Ads,2022-02-13,CAMPAIGN954867,4550,1198,58.05600000000001
Google Ads,2022-02-14,CAMPAIGN954867,3575,1096,90.876
Google Ads,2022-02-15,CAMPAIGN954867,2149,468,31.060000000000002
Google Ads,2022-02-16,CAMPAIGN954867,1019,269,16.716
Google Ads,2022-02-17,CAMPAIGN954872,6049,2159,119.66
Google Ads,2022-02-18,CAMPAIGN954872,2217,328,21.872000000000003
Google Ads,2022-02-19,CAMPAIGN954872,2069,445,22.518
Google Ads,2022-02-20,CAMPAIGN954872,1002,75,4.774
Google Ads,2022-02-21,CAMPAIGN954872,553,73,4.787999999999999
Google Ads,2022-02-22,CAMPAIGN954872,406,72,4.216
Google Ads,2022-02-23,CAMPAIGN954872,289,36,2.186
Google Ads,2022-02-24,CAMPAIGN954814,10322,2563,40.62
Google Ads,2022-02-25,CAMPAIGN954814,7171,1664,31.418000000000003
Google Ads,2022-02-26,CAMPAIGN954814,4668,895,12.314
Google Ads,2022-02-27,CAMPAIGN954814,194,24,0.49400000000000005
Google Ads,2022-02-28,CAMPAIGN954814,92,15,0.43
Google Ads,2022-03-01,CAMPAIGN954814,1,0,0.0
Google Ads,2022-03-02,CAMPAIGN954956,3293,923,59.304
Google Ads,2022-03-03,CAMPAIGN954956,2947,847,53.48
Google Ads,2022-03-04,CAMPAIGN954956,2505,730,25.900000000000002
Google Ads,2022-03-05,CAMPAIGN954956,1394,338,17.008000000000003
Google Ads,2022-03-06,CAMPAIGN954956,1108,248,13.558
Google Ads,2022-03-07,CAMPAIGN954897,4787,1466,61.304
Google Ads,2022-03-08,CAMPAIGN954897,3069,611,16.424
Google Ads,2022-03-09,CAMPAIGN954897,2449,547,16.656000000000002
Google Ads,2022-03-10,CAMPAIGN954897,1692,308,12.872
Google Ads,2022-03-11,CAMPAIGN954897,682,74,2.866
Google Ads,2022-03-12,CAMPAIGN954897,398,55,2.212
Google Ads,2022-03-13,CAMPAIGN954897,34,3,0.13799999999999998
Google Ads,2022-03-14,CAMPAIGN954757,18824,3611,66.974
Google Ads,2022-03-15,CAMPAIGN954757,13100,2671,57.373999999999995
Google Ads,2022-03-16,CAMPAIGN954757,11874,2374,33.986000000000004
Google Ads,2022-03-17,CAMPAIGN954757,334,72,1.8579999999999999
Google Ads,2022-03-18,CAMPAIGN954757,252,25,0.548
Google Ads,2022-03-19,CAMPAIGN954757,4,0,0.0
Google Ads,2022-03-20,CAMPAIGN955033,1923,617,32.970000000000006
Google Ads,2022-03-21,CAMPAIGN955033,1786,544,18.058000000000003
Google Ads,2022-03-22,CAMPAIGN955033,1476,466,24.540000000000006
Google Ads,2022-03-23,CAMPAIGN955033,1008,238,10.784
Google Ads,2022-03-24,CAMPAIGN954870,6107,1983,104.22200000000001
Google Ads,2022-03-25,CAMPAIGN954870,4080,353,31.314
Google Ads,2022-03-26,CAMPAIGN954870,3438,654,30.846000000000004
Google Ads,2022-03-27,CAMPAIGN954870,770,76,4.14
Google Ads,2022-03-28,CAMPAIGN954870,554,100,5.142
Google Ads,2022-03-29,CAMPAIGN954870,500,38,2.122
Google Ads,2022-03-30,CAMPAIGN954870,289,29,1.568
Google Ads,2022-03-31,CAMPAIGN954775,15490,2988,50.331999999999994
Google Ads,2022-04-01,CAMPAIGN954775,9349,2006,41.782000000000004
Google Ads,2022-04-02,CAMPAIGN954775,6124,1167,17.32
Google Ads,2022-04-03,CAMPAIGN954775,261,24,0.5640000000000001
Google Ads,2022-04-04,CAMPAIGN954775,133,28,0.7640000000000001
Google Ads,2022-04-05,CAMPAIGN954775,48,7,0.08000000000000002
Google Ads,2022-04-06,CAMPAIGN954827,9532,3043,99.13600000000001
Google Ads,2022-04-07,CAMPAIGN954827,3030,815,22.048000000000002
Google Ads,2022-04-08,CAMPAIGN954827,1373,420,13.308
Google Ads,2022-04-09,CAMPAIGN954827,1312,176,5.088000000000001
Google Ads,2022-04-10,CAMPAIGN954827,603,77,5.288000000000001
Google Ads,2022-04-11,CAMPAIGN954827,174,25,0.7720000000000001
Google Ads,2022-04-12,CAMPAIGN954827,48,4,0.15600000000000003
Google Ads,2022-04-13,CAMPAIGN954743,23519,6711,61.454
Google Ads,2022-04-14,CAMPAIGN954743,14423,3397,30.468000000000004
Google Ads,2022-04-15,CAMPAIGN954743,13747,3189,39.092000000000006
Google Ads,2022-04-16,CAMPAIGN954743,198,43,0.476
Google Ads,2022-04-17,CAMPAIGN954743,163,40,0.47
Google Ads,2022-04-18,CAMPAIGN954743,3,1,0.014000000000000002
Google Ads,2022-04-19,CAMPAIGN954771,15966,4365,156.712
Google Ads,2022-04-20,CAMPAIGN954771,14546,3532,146.438
Google Ads,2022-04-21,CAMPAIGN954771,12540,3360,97.52600000000001
Google Ads,2022-04-22,CAMPAIGN954771,7660,1852,59.354
Google Ads,2022-04-23,CAMPAIGN954771,2381,524,17.46
Google Ads,2022-04-24,CAMPAIGN954751,20336,6521,194.516
Google Ads,2022-04-25,CAMPAIGN954751,14271,2644,68.716
Google Ads,2022-04-26,CAMPAIGN954751,12898,1458,51.912000000000006
Google Ads,2022-04-27,CAMPAIGN954751,4010,391,11.130000000000003
Google Ads,2022-04-28,CAMPAIGN954751,2813,256,9.112
Google Ads,2022-04-29,CAMPAIGN954751,2037,289,9.226
Google Ads,2022-04-30,CAMPAIGN954751,835,91,2.982
Google Ads,2022-05-01,CAMPAIGN954713,44220,8842,69.58999999999999
Google Ads,2022-05-02,CAMPAIGN954713,33779,3911,41.236000000000004
Google Ads,2022-05-03,CAMPAIGN954713,24423,3979,31.680000000000003
Google Ads,2022-05-04,CAMPAIGN954713,875,102,1.1440000000000001
Google Ads,2022-05-05,CAMPAIGN954713,497,92,1.2520000000000002
Google Ads,2022-05-06,CAMPAIGN954713,38,6,0.118
Google Ads,2022-05-07,CAMPAIGN954689,5828812,16440,1022.0100480000001
Google Ads,2022-05-08,CAMPAIGN954689,1760436,3776,280.5345972
Google Ads,2022-05-09,CAMPAIGN954694,243020,3276,58.279356199999995
Google Ads,2022-05-10,CAMPAIGN955106,1070,117,11.618000000000002
Google Ads,2022-05-11,CAMPAIGN955106,137,19,2.29
Google Ads,2022-05-12,CAMPAIGN955106,13,0,0.0
Google Ads,2022-05-13,CAMPAIGN954929,3787,686,41.582
Google Ads,2022-05-14,CAMPAIGN954929,2303,392,27.488000000000007
Google Ads,2022-05-15,CAMPAIGN954929,1447,200,17.426
Google Ads,2022-05-16,CAMPAIGN955207,171,31,1.1380000000000001
Google Ads,2022-05-17,CAMPAIGN955207,15,3,0.124
Google Ads,2022-05-18,CAMPAIGN955040,1838,329,43.864000000000004
Google Ads,2022-05-19,CAMPAIGN955040,946,136,21.080000000000002
Google Ads,2022-05-20,CAMPAIGN955040,429,32,4.830000000000001
Google Ads,2022-05-21,CAMPAIGN955228,87,18,0.6960000000000001
Google Ads,2022-05-22,CAMPAIGN955228,27,3,0.256
Google Ads,2022-05-23,CAMPAIGN954999,2524,237,43.12200000000001
Google Ads,2022-05-24,CAMPAIGN954999,433,36,12.082
Google Ads,2022-05-25,CAMPAIGN954996,2549,232,48.112
Google Ads,2022-05-26,CAMPAIGN954996,203,20,3.722
Google Ads,2022-05-27,CAMPAIGN955007,2317,209,41.178
Google Ads,2022-05-28,CAMPAIGN955007,142,9,1.7640000000000002
Google Ads,2022-05-29,CAMPAIGN954905,4480,280,64.55799999999999
Google Ads,2022-05-30,CAMPAIGN954905,1154,64,12.696000000000002
Google Ads,2022-05-31,CAMPAIGN954905,236,14,2.5520000000000005
Google Ads,2022-06-01,CAMPAIGN954988,2668,306,16.740000000000006
Google Ads,2022-06-02,CAMPAIGN954988,546,81,4.522
Google Ads,2022-06-03,CAMPAIGN954988,45,9,0.658
Google Ads,2022-06-04,CAMPAIGN954988,37,4,0.324
Google Ads,2022-06-05,CAMPAIGN954974,2848,624,60.43
Google Ads,2022-06-06,CAMPAIGN954974,838,108,11.472
Google Ads,2022-06-07,CAMPAIGN954974,520,105,10.655999999999999
Google Ads,2022-06-08,CAMPAIGN955202,214,25,1.6
Google Ads,2022-06-09,CAMPAIGN955202,62,3,0.168
Google Ads,2022-06-10,CAMPAIGN955072,1437,301,42.00200000000001
Google Ads,2022-06-11,CAMPAIGN955072,1078,180,31.394000000000002
Google Ads,2022-06-12,CAMPAIGN955072,481,81,15.532
Google Ads,2022-06-13,CAMPAIGN955232,75,3,0.098
Google Ads,2022-06-14,CAMPAIGN955072,18,1,0.194
Google Ads,2022-06-15,CAMPAIGN955232,8,1,0.05
Google Ads,2022-06-16,CAMPAIGN955099,1134,135,14.608000000000002
Google Ads,2022-06-17,CAMPAIGN955099,269,31,3.702
Google Ads,2022-06-18,CAMPAIGN955099,16,1,0.094
Google Ads,2022-06-19,CAMPAIGN955118,952,91,9.17
Google Ads,2022-06-20,CAMPAIGN955118,160,19,2.244
Google Ads,2022-06-21,CAMPAIGN955118,24,1,0.048
Google Ads,2022-06-22,CAMPAIGN955118,9,1,0.12
Google Ads,2022-06-23,CAMPAIGN955094,1237,133,14.868000000000002
Google Ads,2022-06-24,CAMPAIGN955094,530,47,6.56
Google Ads,2022-06-25,CAMPAIGN955094,49,4,0.49000000000000005
Google Ads,2022-06-26,CAMPAIGN955272,4,0,0.0
Google Ads,2022-06-27,CAMPAIGN955058,1562,161,17.962
Google Ads,2022-06-28,CAMPAIGN955058,263,34,4.352
Google Ads,2022-06-29,CAMPAIGN955058,21,3,0.666
Google Ads,2022-06-30,CAMPAIGN955058,5,0,0.0
Google Ads,2022-07-01,CAMPAIGN955011,2290,476,61.514
Google Ads,2022-07-02,CAMPAIGN955011,1064,163,21.364
Google Ads,2022-07-03,CAMPAIGN955011,844,92,13.334000000000001
Google Ads,2022-07-04,CAMPAIGN955011,472,56,8.288
Google Ads,2022-07-05,CAMPAIGN955011,134,4,1.1640000000000001
Google Ads,2022-07-06,CAMPAIGN955239,55,11,1.534
Google Ads,2022-07-07,CAMPAIGN955239,11,2,0.11200000000000002
Google Ads,2022-07-08,CAMPAIGN954971,2934,281,35.016
Google Ads,2022-07-09,CAMPAIGN954971,254,29,3.058
Google Ads,2022-07-10,CAMPAIGN954933,3733,180,54.416
Google Ads,2022-07-11,CAMPAIGN954933,190,13,10.270000000000001
Google Ads,2022-07-12,CAMPAIGN955091,1250,214,20.986
Google Ads,2022-07-13,CAMPAIGN955091,435,46,4.136
Google Ads,2022-07-14,CAMPAIGN955091,421,72,6.598000000000001
Google Ads,2022-07-15,CAMPAIGN955249,18,0,0.0
Google Ads,2022-07-16,CAMPAIGN955091,5,0,0.0
Google Ads,2022-07-17,CAMPAIGN955249,3,0,0.0
Google Ads,2022-07-18,CAMPAIGN955037,1881,134,23.958000000000002
Google Ads,2022-07-19,CAMPAIGN955037,688,44,7.368000000000001
Google Ads,2022-07-20,CAMPAIGN955037,128,5,0.48600000000000004
Google Ads,2022-07-21,CAMPAIGN955037,117,1,0.11200000000000002
Google Ads,2022-07-22,CAMPAIGN954883,5560,165,19.596000000000004
Google Ads,2022-07-23,CAMPAIGN954883,599,46,4.702
Google Ads,2022-07-24,CAMPAIGN954883,292,22,2.63
Google Ads,2022-07-25,CAMPAIGN954883,59,8,1.942
Google Ads,2022-07-26,CAMPAIGN954883,49,6,0.21200000000000002
Google Ads,2022-07-27,CAMPAIGN954883,24,2,0.27
Google Ads,2022-07-28,CAMPAIGN954883,14,0,0.0
Google Ads,2022-07-29,CAMPAIGN955260,8,0,0.0
Google Ads,2022-07-30,CAMPAIGN954883,8,0,0.0
Google Ads,2022-07-31,CAMPAIGN954883,4,0,0.0
Google Ads,2022-08-01,CAMPAIGN954900,4592,143,23.246000000000002
Google Ads,2022-08-02,CAMPAIGN954900,1901,144,17.658
Google Ads,2022-08-03,CAMPAIGN954900,477,44,5.956
Google Ads,2022-08-04,CAMPAIGN954900,314,10,1.774
Google Ads,2022-08-05,CAMPAIGN954900,18,0,0.0
Google Ads,2022-08-06,CAMPAIGN954900,9,0,0.0
Google Ads,2022-08-07,CAMPAIGN954900,7,1,0.084
Google Ads,2022-08-08,CAMPAIGN954900,6,2,0.342
Google Ads,2022-08-09,CAMPAIGN955265,5,0,0.0
Google Ads,2022-08-10,CAMPAIGN954857,6791,1006,44.542
Google Ads,2022-08-11,CAMPAIGN954857,1562,243,9.511999999999999
Google Ads,2022-08-12,CAMPAIGN954857,836,137,5.178000000000001
Google Ads,2022-08-13,CAMPAIGN954857,653,47,1.322
Google Ads,2022-08-14,CAMPAIGN954857,291,29,1.9080000000000004
Google Ads,2022-08-15,CAMPAIGN954987,2720,372,42.564
Google Ads,2022-08-16,CAMPAIGN954987,682,42,6.712000000000001
Google Ads,2022-08-17,CAMPAIGN954987,387,40,4.116
Google Ads,2022-08-18,CAMPAIGN954987,150,21,1.4160000000000001
Google Ads,2022-08-19,CAMPAIGN954987,88,3,0.132
Google Ads,2022-08-20,CAMPAIGN954987,11,1,0.30000000000000004
Google Ads,2022-08-21,CAMPAIGN954987,3,0,0.0
Google Ads,2022-08-22,CAMPAIGN954987,3,0,0.0
Google Ads,2022-08-23,CAMPAIGN954987,1,0,0.0
Google Ads,2022-08-24,CAMPAIGN955035,1902,69,8.556000000000001
Google Ads,2022-08-25,CAMPAIGN955035,164,16,2.0740000000000003
Google Ads,2022-08-26,CAMPAIGN955035,139,9,1.342
Google Ads,2022-08-27,CAMPAIGN955035,34,4,0.47000000000000003
Google Ads,2022-08-28,CAMPAIGN955035,10,1,0.08800000000000001
Google Ads,2022-08-29,CAMPAIGN955035,5,1,0.254
Google Ads,2022-08-30,CAMPAIGN955035,5,0,0.0
Google Ads,2022-08-31,CAMPAIGN955035,4,0,0.0
Google Ads,2022-09-01,CAMPAIGN955035,4,0,0.0
Google Ads,2022-09-02,CAMPAIGN955147,658,15,3.8659999999999997
Google Ads,2022-09-03,CAMPAIGN955147,379,24,5.032
Google Ads,2022-09-04,CAMPAIGN955147,135,8,1.3580000000000003
Google Ads,2022-09-05,CAMPAIGN955147,10,1,0.166
Google Ads,2022-09-06,CAMPAIGN954960,3172,399,39.908
Google Ads,2022-09-07,CAMPAIGN954960,1021,112,11.154000000000003
Google Ads,2022-09-08,CAMPAIGN954960,806,127,8.49
Google Ads,2022-09-09,CAMPAIGN954960,69,8,0.5
Google Ads,2022-09-10,CAMPAIGN954960,15,1,0.09000000000000001
Google Ads,2022-09-11,CAMPAIGN954960,2,0,0.0
Google Ads,2022-09-12,CAMPAIGN955112,982,90,15.77
Google Ads,2022-09-13,CAMPAIGN955112,599,65,12.836000000000002
Google Ads,2022-09-14,CAMPAIGN955112,131,8,1.234
Google Ads,2022-09-15,CAMPAIGN955112,63,4,0.9880000000000001
Google Ads,2022-09-16,CAMPAIGN955065,1498,75,12.424
Google Ads,2022-09-17,CAMPAIGN955065,251,40,4.378
Google Ads,2022-09-18,CAMPAIGN955065,8,0,0.0
Google Ads,2022-09-19,CAMPAIGN955065,3,0,0.0
Google Ads,2022-09-20,CAMPAIGN955281,1,1,0.052000000000000005
Google Ads,2022-09-21,CAMPAIGN954986,2754,122,14.256
Google Ads,2022-09-22,CAMPAIGN954986,611,97,5.25
Google Ads,2022-09-23,CAMPAIGN954986,11,1,0.05600000000000001
Google Ads,2022-09-24,CAMPAIGN954986,7,1,0.066
Google Ads,2022-09-25,CAMPAIGN955280,1,0,0.0
Google Ads,2022-09-26,CAMPAIGN955280,1,0,0.0
Google Ads,2022-09-27,CAMPAIGN954909,4403,856,69.83
Google Ads,2022-09-28,CAMPAIGN954909,1005,110,10.606000000000002
Google Ads,2022-09-29,CAMPAIGN954909,344,35,3.88
Google Ads,2022-09-30,CAMPAIGN954909,18,2,0.31000000000000005
Google Ads,2022-10-01,CAMPAIGN954909,6,0,0.0
Google Ads,2022-10-02,CAMPAIGN954980,2811,204,26.534000000000006
Google Ads,2022-10-03,CAMPAIGN954980,170,18,2.3160000000000003
Google Ads,2022-10-04,CAMPAIGN954980,40,10,0.976
Google Ads,2022-10-05,CAMPAIGN954980,15,2,0.484
Google Ads,2022-10-06,CAMPAIGN954980,12,1,0.13799999999999998
Google Ads,2022-10-07,CAMPAIGN954942,3567,376,36.794000000000004
Google Ads,2022-10-08,CAMPAIGN954942,242,25,2.362
Google Ads,2022-10-09,CAMPAIGN954942,73,3,0.36000000000000004
Google Ads,2022-10-10,CAMPAIGN954942,68,6,0.6280000000000001
Google Ads,2022-10-11,CAMPAIGN954942,10,0,0.0
Google Ads,2022-10-12,CAMPAIGN954934,3700,615,41.644000000000005
Google Ads,2022-10-13,CAMPAIGN954934,2153,327,24.494
Google Ads,2022-10-14,CAMPAIGN954934,1306,310,17.83
Google Ads,2022-10-15,CAMPAIGN954934,58,8,0.5660000000000001
Google Ads,2022-10-16,CAMPAIGN954934,23,2,0.42400000000000004
Google Ads,2022-10-17,CAMPAIGN954934,21,0,0.0
Google Ads,2022-10-18,CAMPAIGN954877,5788,1078,43.67
Google Ads,2022-10-19,CAMPAIGN954877,2292,381,31.150000000000002
Google Ads,2022-10-20,CAMPAIGN954877,1102,184,9.074000000000002
Google Ads,2022-10-21,CAMPAIGN954877,79,8,0.10400000000000001
Google Ads,2022-10-22,CAMPAIGN954877,40,3,0.254
Google Ads,2022-10-23,CAMPAIGN955021,2121,348,35.676
Google Ads,2022-10-24,CAMPAIGN955021,540,103,9.802000000000001
Google Ads,2022-10-25,CAMPAIGN955021,532,67,7.9460000000000015
Google Ads,2022-10-26,CAMPAIGN955021,427,74,6.686
Google Ads,2022-10-27,CAMPAIGN955021,403,52,2.3520000000000003
Google Ads,2022-10-28,CAMPAIGN955021,243,41,6.284000000000001
Google Ads,2022-10-29,CAMPAIGN955021,149,34,4.5760000000000005
Google Ads,2022-10-30,CAMPAIGN955021,33,3,0.17800000000000002
Google Ads,2022-10-31,CAMPAIGN955070,1452,269,29.576
Google Ads,2022-11-01,CAMPAIGN955070,1045,137,18.966
Google Ads,2022-11-02,CAMPAIGN955070,707,107,14.538
Google Ads,2022-11-03,CAMPAIGN955070,628,94,12.058
Google Ads,2022-11-04,CAMPAIGN955070,142,13,2.2520000000000002
Google Ads,2022-11-05,CAMPAIGN955070,110,19,2.9200000000000004
Google Ads,2022-11-06,CAMPAIGN955070,92,9,1.366
Google Ads,2022-11-07,CAMPAIGN955070,78,15,1.34
Google Ads,2022-11-08,CAMPAIGN955070,13,1,0.132
Google Ads,2022-11-09,CAMPAIGN954978,2822,258,32.136
Google Ads,2022-11-10,CAMPAIGN954978,193,26,2.658
Google Ads,2022-11-11,CAMPAIGN954978,40,1,0.19
Google Ads,2022-11-12,CAMPAIGN954978,13,0,0.0
Google Ads,2022-11-13,CAMPAIGN954978,11,0,0.0
Google Ads,2022-11-14,CAMPAIGN955131,796,38,7.038
Google Ads,2022-11-15,CAMPAIGN955131,344,64,7.568000000000001
Google Ads,2022-11-16,CAMPAIGN955131,5,0,0.0
Google Ads,2022-11-17,CAMPAIGN955131,5,0,0.0
Google Ads,2022-11-18,CAMPAIGN955131,2,0,0.0
Google Ads,2022-11-19,CAMPAIGN955131,1,1,0.11000000000000001
Google Ads,2022-11-20,CAMPAIGN955131,1,0,0.0
Google Ads,2022-11-21,CAMPAIGN954914,4294,773,68.594
Google Ads,2022-11-22,CAMPAIGN954914,1077,150,13.384
Google Ads,2022-11-23,CAMPAIGN954914,335,36,4.184
Google Ads,2022-11-24,CAMPAIGN954914,157,12,0.6160000000000001
Google Ads,2022-11-25,CAMPAIGN954914,41,4,0.786
Google Ads,2022-11-26,CAMPAIGN955278,1,0,0.0
Google Ads,2022-11-27,CAMPAIGN955069,1460,87,16.662
Google Ads,2022-11-28,CAMPAIGN955069,363,56,8.03
Google Ads,2022-11-29,CAMPAIGN955274,2,0,0.0
Google Ads,2022-11-30,CAMPAIGN955069,2,0,0.0
Google Ads,2022-12-01,CAMPAIGN955069,1,0,0.0
Google Ads,2022-12-02,CAMPAIGN955274,1,0,0.0
Google Ads,2022-12-03,CAMPAIGN955279,1,0,0.0
Google Ads,2022-12-04,CAMPAIGN955089,1299,94,14.994
Google Ads,2022-12-05,CAMPAIGN955089,700,65,10.542000000000002
Google Ads,2022-12-06,CAMPAIGN955089,111,12,2.0060000000000002
Google Ads,2022-12-07,CAMPAIGN955089,9,0,0.0
Google Ads,2022-12-08,CAMPAIGN955261,8,0,0.0
Google Ads,2022-12-09,CAMPAIGN955180,325,55,3.38
Google Ads,2022-12-10,CAMPAIGN955180,230,32,2.054
Google Ads,2022-12-11,CAMPAIGN955180,63,10,0.622
Google Ads,2022-12-12,CAMPAIGN955180,1,0,0.0
Google Ads,2022-12-13,CAMPAIGN955048,1681,75,16.694
Google Ads,2022-12-14,CAMPAIGN955048,159,29,3.762
Google Ads,2022-12-15,CAMPAIGN955048,73,11,1.686
Google Ads,2022-12-16,CAMPAIGN955048,7,1,0.19
Google Ads,2022-12-17,CAMPAIGN955048,3,0,0.0
Google Ads,2022-12-18,CAMPAIGN955048,1,0,0.0
Google Ads,2022-12-19,CAMPAIGN955277,1,0,0.0
Google Ads,2022-12-20,CAMPAIGN955012,2289,177,28.032000000000007
Google Ads,2022-12-21,CAMPAIGN955012,1219,91,15.112000000000002
Google Ads,2022-12-22,CAMPAIGN955012,140,8,1.256
Google Ads,2022-12-23,CAMPAIGN955012,39,5,0.86
Google Ads,2022-12-24,CAMPAIGN955012,31,1,0.134
Google Ads,2022-12-25,CAMPAIGN955012,15,1,0.18400000000000002
Google Ads,2022-12-26,CAMPAIGN955012,9,3,0.5740000000000001
Google Ads,2022-12-27,CAMPAIGN955012,9,1,0.098
Google Ads,2022-12-28,CAMPAIGN955012,2,0,0.0
Google Ads,2022-12-29,CAMPAIGN955087,1303,75,17.811999999999998
Google Ads,2022-12-30,CAMPAIGN955087,156,27,3.8960000000000004
Google Ads,2022-12-31,CAMPAIGN955087,10,5,0.8960000000000001
Google Ads,2022-01-01,CAMPAIGN955087,2,0,0.0
Google Ads,2022-01-02,CAMPAIGN955087,1,0,0.0
Google Ads,2022-01-03,CAMPAIGN955087,1,0,0.0
Google Ads,2022-01-04,CAMPAIGN955087,1,0,0.0
Google Ads,2022-01-05,CAMPAIGN955013,2279,174,30.878
Google Ads,2022-01-06,CAMPAIGN955013,286,34,5.566
Google Ads,2022-01-07,CAMPAIGN955013,35,4,0.466
Google Ads,2022-01-08,CAMPAIGN955013,9,0,0.0
Google Ads,2022-01-09,CAMPAIGN955013,2,0,0.0
Google Ads,2022-01-10,CAMPAIGN954694,940857,13547,208.54986399999999
Google Ads,2022-01-11,CAMPAIGN954694,616209,14907,129.2174476
Google Ads,2022-01-12,CAMPAIGN954694,345844,6116,72.598788
Google Ads,2022-01-13,CAMPAIGN954694,210760,2692,47.84276080000001
Google Ads,2022-01-14,CAMPAIGN954694,788549,14003,215.1394418
Google Ads,2022-01-15,CAMPAIGN954729,28879,2956,564.8
Google Ads,2022-01-16,CAMPAIGN954729,5106,500,65.18400000000001
Google Ads,2022-01-17,CAMPAIGN954698,133165,36718,985.8280000000001
Google Ads,2022-01-18,CAMPAIGN954875,5843,1019,31.836000000000002
Google Ads,2022-01-19,CAMPAIGN954750,20457,6119,498.15200000000004
Google Ads,2022-01-20,CAMPAIGN954750,15241,4119,318.504
Google Ads,2022-01-21,CAMPAIGN954710,50385,8357,342.88800000000003
Google Ads,2022-01-22,CAMPAIGN954710,48013,9946,518.384
Google Ads,2022-01-23,CAMPAIGN954789,13070,3371,138.84400000000002
Google Ads,2022-01-24,CAMPAIGN954789,431,76,2.444
Google Ads,2022-01-25,CAMPAIGN955211,150,56,1.7439999999999998
Google Ads,2022-01-26,CAMPAIGN954780,14861,2431,140.596
Google Ads,2022-01-27,CAMPAIGN955163,457,86,3.8959999999999995
Google Ads,2022-01-28,CAMPAIGN954731,27970,5334,461.13200000000006
Google Ads,2022-01-29,CAMPAIGN954731,3739,673,58.70600000000001
Google Ads,2022-01-30,CAMPAIGN954731,3159,655,54.062000000000005
Google Ads,2022-01-31,CAMPAIGN954731,3028,667,48.998
Google Ads,2022-02-01,CAMPAIGN954825,9654,3165,22.44
Google Ads,2022-02-02,CAMPAIGN954825,5445,2034,14.440000000000001
Google Ads,2022-02-03,CAMPAIGN955191,265,55,0.462
Google Ads,2022-02-04,CAMPAIGN954778,14995,1022,138.138
Google Ads,2022-02-05,CAMPAIGN954913,4298,1197,61.092
Google Ads,2022-02-06,CAMPAIGN955154,573,126,13.994
Google Ads,2022-02-07,CAMPAIGN954724,34039,6993,436.03000000000003
Google Ads,2022-02-08,CAMPAIGN954724,22994,5229,264.43600000000004
Google Ads,2022-02-09,CAMPAIGN954724,11732,2751,121.50200000000001
Google Ads,2022-02-10,CAMPAIGN954721,38184,8436,470.65200000000004
Google Ads,2022-02-11,CAMPAIGN954721,9697,1668,186.0
Google Ads,2022-02-12,CAMPAIGN955162,476,121,7.9399999999999995
Google Ads,2022-02-13,CAMPAIGN954741,23713,4306,631.3720000000001
Google Ads,2022-02-14,CAMPAIGN954741,8218,1267,294.986
Google Ads,2022-02-15,CAMPAIGN954741,906,236,31.692000000000004
Google Ads,2022-02-16,CAMPAIGN954737,25284,6124,644.968
Google Ads,2022-02-17,CAMPAIGN954737,19161,3964,658.4320000000001
Google Ads,2022-02-18,CAMPAIGN954779,14971,3638,307.96000000000004
Google Ads,2022-02-19,CAMPAIGN954981,2809,634,70.324
Google Ads,2022-02-20,CAMPAIGN955166,450,58,5.0280000000000005
Google Ads,2022-02-21,CAMPAIGN955039,1865,217,55.548
Google Ads,2022-02-22,CAMPAIGN955039,1848,301,87.428
Google Ads,2022-02-23,CAMPAIGN954747,21036,4840,653.9080000000001
Google Ads,2022-02-24,CAMPAIGN954747,11131,2639,138.796
Google Ads,2022-02-25,CAMPAIGN954742,23681,3396,756.102
Google Ads,2022-02-26,CAMPAIGN954742,4490,724,187.83400000000003
Google Ads,2022-02-27,CAMPAIGN954734,26922,7471,302.436
Google Ads,2022-02-28,CAMPAIGN954734,23075,4858,534.632
Google Ads,2022-03-01,CAMPAIGN955030,1978,311,21.57
Google Ads,2022-03-02,CAMPAIGN954728,29956,6510,449.576
Google Ads,2022-03-03,CAMPAIGN954728,6781,1270,122.39200000000001
Google Ads,2022-03-04,CAMPAIGN954759,18437,3409,361.156
Google Ads,2022-03-05,CAMPAIGN955000,2483,574,63.760000000000005
Google Ads,2022-03-06,CAMPAIGN954762,18084,3295,485.05400000000003
Google Ads,2022-03-07,CAMPAIGN954762,15865,3559,354.82
Google Ads,2022-03-08,CAMPAIGN955144,668,109,10.172
Google Ads,2022-03-09,CAMPAIGN955144,377,32,3.326
Google Ads,2022-03-10,CAMPAIGN955144,91,20,1.032
Google Ads,2022-03-11,CAMPAIGN955144,45,2,0.15800000000000003
Google Ads,2022-03-12,CAMPAIGN955144,19,0,0.0
Google Ads,2022-03-13,CAMPAIGN955156,558,25,3.482
Google Ads,2022-03-14,CAMPAIGN955156,175,13,1.586
Google Ads,2022-03-15,CAMPAIGN955156,30,3,0.284
Google Ads,2022-03-16,CAMPAIGN955263,6,0,0.0
Google Ads,2022-03-17,CAMPAIGN954871,6093,315,42.0
Google Ads,2022-03-18,CAMPAIGN954871,1815,233,18.594
Google Ads,2022-03-19,CAMPAIGN954871,264,30,3.0340000000000003
Google Ads,2022-03-20,CAMPAIGN955229,84,7,1.084
Google Ads,2022-03-21,CAMPAIGN955231,80,6,0.44399999999999995
Google Ads,2022-03-22,CAMPAIGN955231,6,1,0.11399999999999999
Google Ads,2022-03-23,CAMPAIGN955275,1,0,0.0
Google Ads,2022-03-24,CAMPAIGN955095,1232,87,8.562000000000001
Google Ads,2022-03-25,CAMPAIGN955095,459,39,3.658
Google Ads,2022-03-26,CAMPAIGN955095,107,17,1.5060000000000002
Google Ads,2022-03-27,CAMPAIGN955095,106,13,1.1079999999999999
Google Ads,2022-03-28,CAMPAIGN954967,3073,119,23.646000000000004
Google Ads,2022-03-29,CAMPAIGN954967,2882,407,53.74400000000001
Google Ads,2022-03-30,CAMPAIGN955208,161,13,2.3960000000000004
Google Ads,2022-03-31,CAMPAIGN955223,115,14,1.638
Google Ads,2022-04-01,CAMPAIGN955208,13,2,0.27
Google Ads,2022-04-02,CAMPAIGN955254,13,1,0.32200000000000006
Google Ads,2022-04-03,CAMPAIGN955129,811,105,8.081999999999999
Google Ads,2022-04-04,CAMPAIGN955129,223,39,2.684
Google Ads,2022-04-05,CAMPAIGN955129,188,31,1.9760000000000002
Google Ads,2022-04-06,CAMPAIGN955027,2016,201,7.172000000000001
Google Ads,2022-04-07,CAMPAIGN955027,876,98,3.3659999999999997
Google Ads,2022-04-08,CAMPAIGN955027,701,98,3.8920000000000003
Google Ads,2022-04-09,CAMPAIGN955027,169,21,0.802
Google Ads,2022-04-10,CAMPAIGN955276,1,0,0.0
Google Ads,2022-04-11,CAMPAIGN955053,1637,47,11.722000000000001
Google Ads,2022-04-12,CAMPAIGN955053,246,16,2.608
Google Ads,2022-04-13,CAMPAIGN955053,143,11,1.8200000000000003
Google Ads,2022-04-14,CAMPAIGN955053,3,1,0.07600000000000001
Google Ads,2022-04-15,CAMPAIGN955053,3,0,0.0
Google Ads,2022-04-16,CAMPAIGN955053,1,0,0.0
Google Ads,2022-04-17,CAMPAIGN955204,181,3,1.452
Google Ads,2022-04-18,CAMPAIGN955204,110,4,2.62
Google Ads,2022-04-19,CAMPAIGN955204,93,4,2.346
Google Ads,2022-04-20,CAMPAIGN954694,410254,6012,111.0547468
Google Ads,2022-04-21,CAMPAIGN954694,55662,929,25.706814200000004
Google Ads,2022-04-22,CAMPAIGN954685,14418489,63711,2649.1312384
Google Ads,2022-04-23,CAMPAIGN954687,8583034,468,1945.8153452
Google Ads,2022-04-24,CAMPAIGN954938,3627,284,16.498
Google Ads,2022-04-25,CAMPAIGN954938,468,36,1.8760000000000003
Google Ads,2022-04-26,CAMPAIGN954938,86,1,0.064
Google Ads,2022-04-27,CAMPAIGN954938,51,4,0.22799999999999998
Google Ads,2022-04-28,CAMPAIGN954946,3493,754,49.968
Google Ads,2022-04-29,CAMPAIGN954946,1531,298,19.472
Google Ads,2022-04-30,CAMPAIGN954946,981,258,12.558
Google Ads,2022-05-01,CAMPAIGN955068,1472,193,39.548
Google Ads,2022-05-02,CAMPAIGN955068,242,21,3.0380000000000003
Google Ads,2022-05-03,CAMPAIGN954755,19599,2897,125.18200000000002
Google Ads,2022-05-04,CAMPAIGN954755,2980,702,34.242
Google Ads,2022-05-05,CAMPAIGN955172,364,54,1.4320000000000004
Google Ads,2022-05-06,CAMPAIGN954965,3097,580,17.404
Google Ads,2022-05-07,CAMPAIGN954965,1330,305,7.718000000000001
Google Ads,2022-05-08,CAMPAIGN955192,261,18,1.454
Google Ads,2022-05-09,CAMPAIGN955192,193,24,1.924
Google Ads,2022-05-10,CAMPAIGN955192,134,21,1.342
Google Ads,2022-05-11,CAMPAIGN954697,207590,47792,208.56800000000004
Google Ads,2022-05-12,CAMPAIGN954700,84168,21642,88.31600000000002
Google Ads,2022-05-13,CAMPAIGN954697,32632,4717,23.142
Google Ads,2022-05-14,CAMPAIGN954697,32094,6576,28.408
Google Ads,2022-05-15,CAMPAIGN954697,27052,5971,26.3
Google Ads,2022-05-16,CAMPAIGN955139,732,130,6.702000000000002
Google Ads,2022-05-17,CAMPAIGN955268,5,1,0.07600000000000001
Google Ads,2022-05-18,CAMPAIGN955137,748,158,15.524000000000001
Google Ads,2022-05-19,CAMPAIGN955137,47,5,0.926
Google Ads,2022-05-20,CAMPAIGN954964,3122,505,93.50999999999999
Google Ads,2022-05-21,CAMPAIGN955111,984,124,5.970000000000001
Google Ads,2022-05-22,CAMPAIGN955111,239,41,2.668
Google Ads,2022-05-23,CAMPAIGN955111,39,4,0.29800000000000004
Google Ads,2022-05-24,CAMPAIGN955005,2414,252,53.428
Google Ads,2022-05-25,CAMPAIGN955005,1566,248,22.0
Google Ads,2022-05-26,CAMPAIGN955071,1440,124,27.59
Google Ads,2022-05-27,CAMPAIGN955071,665,78,14.968000000000002
Google Ads,2022-05-28,CAMPAIGN954856,6811,1274,126.19400000000002
Google Ads,2022-05-29,CAMPAIGN955017,2218,341,43.90200000000001
Google Ads,2022-05-30,CAMPAIGN955046,1716,316,36.833999999999996
Google Ads,2022-05-31,CAMPAIGN955206,178,33,3.314
Google Ads,2022-06-01,CAMPAIGN954879,5706,1108,140.59
Google Ads,2022-06-02,CAMPAIGN955133,782,210,21.662000000000003
Google Ads,2022-06-03,CAMPAIGN954694,83187,1124,30.959336199999996
Google Ads,2022-06-04,CAMPAIGN954694,224559,5830,67.43024580000001
Google Ads,2022-06-05,CAMPAIGN954694,140105,2290,39.1295156
Google Ads,2022-06-06,CAMPAIGN954694,328078,6671,115.1250912
Google Ads,2022-06-07,CAMPAIGN954898,4770,753,71.284
Google Ads,2022-06-08,CAMPAIGN955158,526,106,10.602000000000002
Google Ads,2022-06-09,CAMPAIGN954898,126,20,1.9299999999999997
Google Ads,2022-06-10,CAMPAIGN955025,2040,378,55.117999999999995
Google Ads,2022-06-11,CAMPAIGN955121,881,85,7.386
Google Ads,2022-06-12,CAMPAIGN955121,408,54,5.938
Google Ads,2022-06-13,CAMPAIGN954972,2932,704,60.802
Google Ads,2022-06-14,CAMPAIGN955230,81,15,1.23
Google Ads,2022-06-15,CAMPAIGN955230,67,8,1.1560000000000001
Google Ads,2022-06-16,CAMPAIGN954939,3618,624,71.44800000000001
Google Ads,2022-06-17,CAMPAIGN955010,2300,294,39.135999999999996
Google Ads,2022-06-18,CAMPAIGN955010,2137,461,44.812000000000005
Google Ads,2022-06-19,CAMPAIGN955009,2306,243,29.724000000000004
Google Ads,2022-06-20,CAMPAIGN955009,1625,228,23.0
Google Ads,2022-06-21,CAMPAIGN955009,554,53,4.042000000000001
Google Ads,2022-06-22,CAMPAIGN955009,78,10,0.7040000000000002
Google Ads,2022-06-23,CAMPAIGN955150,632,55,11.068000000000001
Google Ads,2022-06-24,CAMPAIGN955150,313,26,4.972
Google Ads,2022-06-25,CAMPAIGN955150,66,1,0.18000000000000002
Google Ads,2022-06-26,CAMPAIGN955173,357,42,3.076
Google Ads,2022-06-27,CAMPAIGN955173,179,17,1.7240000000000002
Google Ads,2022-06-28,CAMPAIGN955173,10,1,0.054000000000000006
Google Ads,2022-06-29,CAMPAIGN955024,2046,478,49.43200000000001
Google Ads,2022-06-30,CAMPAIGN955024,342,62,6.7
Google Ads,2022-07-01,CAMPAIGN955174,356,18,2.2380000000000004
Google Ads,2022-07-02,CAMPAIGN955174,272,41,5.93
Google Ads,2022-07-03,CAMPAIGN954997,2533,326,25.886000000000003
Google Ads,2022-07-04,CAMPAIGN954997,650,35,2.104
Google Ads,2022-07-05,CAMPAIGN954926,3825,887,36.14600000000001
Google Ads,2022-07-06,CAMPAIGN954926,3025,539,25.226
Google Ads,2022-07-07,CAMPAIGN954926,1205,200,9.59
Google Ads,2022-07-08,CAMPAIGN954955,3312,206,17.508
Google Ads,2022-07-09,CAMPAIGN954955,77,10,0.772
Google Ads,2022-07-10,CAMPAIGN954955,53,6,0.3940000000000001
Google Ads,2022-07-11,CAMPAIGN955252,14,3,0.144
Google Ads,2022-07-12,CAMPAIGN955102,1112,89,13.347999999999999
Google Ads,2022-07-13,CAMPAIGN955102,435,28,4.652
Google Ads,2022-07-14,CAMPAIGN955102,66,5,0.596
Google Ads,2022-07-15,CAMPAIGN955102,45,2,0.188
Google Ads,2022-07-16,CAMPAIGN955271,4,0,0.0
Google Ads,2022-07-17,CAMPAIGN955102,4,0,0.0
Google Ads,2022-07-18,CAMPAIGN955271,3,0,0.0
Google Ads,2022-07-19,CAMPAIGN955102,2,0,0.0
Google Ads,2022-07-20,CAMPAIGN955140,720,103,16.572
Google Ads,2022-07-21,CAMPAIGN955140,509,34,8.42
Google Ads,2022-07-22,CAMPAIGN955140,41,5,1.168
Google Ads,2022-07-23,CAMPAIGN954919,4028,705,66.04
Google Ads,2022-07-24,CAMPAIGN954919,805,146,11.178
Google Ads,2022-07-25,CAMPAIGN954919,445,66,7.3500000000000005
Google Ads,2022-07-26,CAMPAIGN955126,835,98,13.060000000000002
Google Ads,2022-07-27,CAMPAIGN955256,9,1,0.17600000000000002
Google Ads,2022-07-28,CAMPAIGN955146,660,59,12.662
Google Ads,2022-07-29,CAMPAIGN955146,125,13,2.3000000000000003
Google Ads,2022-07-30,CAMPAIGN955056,1608,184,58.870000000000005
Google Ads,2022-07-31,CAMPAIGN955056,544,98,22.736000000000004
Google Ads,2022-08-01,CAMPAIGN955199,224,20,3.186
Google Ads,2022-08-02,CAMPAIGN955199,82,6,0.7200000000000001
Google Ads,2022-08-03,CAMPAIGN955123,858,70,11.986
Google Ads,2022-08-04,CAMPAIGN955123,129,16,2.7620000000000005
Google Ads,2022-08-05,CAMPAIGN955123,25,4,0.7160000000000001
Google Ads,2022-08-06,CAMPAIGN955195,250,43,4.5040000000000004
Google Ads,2022-08-07,CAMPAIGN955195,126,5,0.6779999999999999
Google Ads,2022-08-08,CAMPAIGN955195,31,2,0.268
Google Ads,2022-08-09,CAMPAIGN954761,18178,7879,305.114
Google Ads,2022-08-10,CAMPAIGN955085,1312,340,12.582
Google Ads,2022-08-11,CAMPAIGN954820,9857,4224,66.39399999999999
Google Ads,2022-08-12,CAMPAIGN954891,4956,1539,37.406
Google Ads,2022-08-13,CAMPAIGN954891,1310,225,7.0440000000000005
Google Ads,2022-08-14,CAMPAIGN954773,15709,3731,269.75600000000003
Google Ads,2022-08-15,CAMPAIGN954773,4635,1896,181.24800000000002
Google Ads,2022-08-16,CAMPAIGN954773,2158,418,21.332
Google Ads,2022-08-17,CAMPAIGN955036,1898,88,24.252
Google Ads,2022-08-18,CAMPAIGN955036,1413,53,34.908
Google Ads,2022-08-19,CAMPAIGN955036,32,2,0.36000000000000004
Google Ads,2022-08-20,CAMPAIGN954691,3016724,7139,481.99775360000007
Google Ads,2022-08-21,CAMPAIGN954693,1686630,58,319.098492
Google Ads,2022-08-22,CAMPAIGN955052,1647,213,17.074
Google Ads,2022-08-23,CAMPAIGN955052,35,12,0.926
Google Ads,2022-08-24,CAMPAIGN955052,31,1,0.148
Google Ads,2022-08-25,CAMPAIGN955052,10,0,0.0
Google Ads,2022-08-26,CAMPAIGN954832,8807,1938,167.77800000000002
Google Ads,2022-08-27,CAMPAIGN955051,1663,392,36.052
Google Ads,2022-08-28,CAMPAIGN955006,2368,426,52.064
Google Ads,2022-08-29,CAMPAIGN954890,4978,978,99.55000000000001
Google Ads,2022-08-30,CAMPAIGN954932,3757,602,75.242
Google Ads,2022-08-31,CAMPAIGN955047,1711,150,14.991999999999999
Google Ads,2022-09-01,CAMPAIGN955047,193,14,1.5
Google Ads,2022-09-02,CAMPAIGN955047,18,0,0.0
Google Ads,2022-09-03,CAMPAIGN954976,2832,138,23.439999999999998
Google Ads,2022-09-04,CAMPAIGN954976,280,17,2.564
Google Ads,2022-09-05,CAMPAIGN955022,2076,245,35.15
Google Ads,2022-09-06,CAMPAIGN955119,933,147,19.444000000000003
Google Ads,2022-09-07,CAMPAIGN955170,372,55,7.346000000000001
Google Ads,2022-09-08,CAMPAIGN954876,5842,1243,104.41
Google Ads,2022-09-09,CAMPAIGN954876,1117,251,19.124000000000002
Google Ads,2022-09-10,CAMPAIGN954911,4339,913,59.14
Google Ads,2022-09-11,CAMPAIGN954915,4255,1068,52.164
Google Ads,2022-09-12,CAMPAIGN954928,3801,672,34.27
Google Ads,2022-09-13,CAMPAIGN954961,3170,659,79.18400000000001
Google Ads,2022-09-14,CAMPAIGN955093,1243,173,19.926000000000002
Google Ads,2022-09-15,CAMPAIGN955193,260,93,6.606000000000001
Google Ads,2022-09-16,CAMPAIGN954912,4334,668,120.29199999999999
Google Ads,2022-09-17,CAMPAIGN954912,119,20,4.012
Google Ads,2022-09-18,CAMPAIGN955059,1555,384,28.644000000000002
Google Ads,2022-09-19,CAMPAIGN955059,141,35,4.152
Google Ads,2022-09-20,CAMPAIGN955038,1879,162,24.842000000000002
Google Ads,2022-09-21,CAMPAIGN955125,839,134,19.438000000000002
Google Ads,2022-09-22,CAMPAIGN955184,314,31,3.4200000000000004
Google Ads,2022-09-23,CAMPAIGN955184,119,16,2.116
Google Ads,2022-09-24,CAMPAIGN955184,13,1,0.118
Google Ads,2022-09-25,CAMPAIGN955135,756,113,13.139999999999999
Google Ads,2022-09-26,CAMPAIGN955135,113,23,2.386
Google Ads,2022-09-27,CAMPAIGN955049,1668,239,46.178
Google Ads,2022-09-28,CAMPAIGN955049,752,172,33.082
Google Ads,2022-09-29,CAMPAIGN955049,177,38,6.144
Google Ads,2022-09-30,CAMPAIGN955032,1951,165,16.476
Google Ads,2022-10-01,CAMPAIGN955032,155,16,1.4000000000000001
Google Ads,2022-10-02,CAMPAIGN955242,45,2,0.22599999999999998
Google Ads,2022-10-03,CAMPAIGN955029,1994,255,22.2
Google Ads,2022-10-04,CAMPAIGN955029,870,138,9.016
Google Ads,2022-10-05,CAMPAIGN955029,507,128,6.09
Google Ads,2022-10-06,CAMPAIGN955029,466,59,6.098
Google Ads,2022-10-07,CAMPAIGN955029,169,22,2.5320000000000005
Google Ads,2022-10-08,CAMPAIGN955209,157,32,4.03
Google Ads,2022-10-09,CAMPAIGN955029,148,32,2.2960000000000003
Google Ads,2022-10-10,CAMPAIGN955067,1487,220,27.744
Google Ads,2022-10-11,CAMPAIGN955067,1164,156,21.200000000000003
Google Ads,2022-10-12,CAMPAIGN955067,599,119,13.398
Google Ads,2022-10-13,CAMPAIGN955067,484,78,8.192
Google Ads,2022-10-14,CAMPAIGN955067,112,16,2.092
Google Ads,2022-10-15,CAMPAIGN955067,40,2,0.31000000000000005
Google Ads,2022-10-16,CAMPAIGN955194,258,24,6.764
Google Ads,2022-10-17,CAMPAIGN955224,104,9,2.0020000000000002
Google Ads,2022-10-18,CAMPAIGN954716,40262,11668,397.31
Google Ads,2022-10-19,CAMPAIGN954716,8412,1484,54.14600000000001
Google Ads,2022-10-20,CAMPAIGN954855,6860,2335,119.73800000000001
Google Ads,2022-10-21,CAMPAIGN954855,2425,445,23.264
Google Ads,2022-10-22,CAMPAIGN954855,429,80,4.55
Google Ads,2022-10-23,CAMPAIGN954855,363,28,1.4580000000000002
Google Ads,2022-10-24,CAMPAIGN954776,15100,7262,58.254
Google Ads,2022-10-25,CAMPAIGN954799,11859,4314,33.303999999999995
Google Ads,2022-10-26,CAMPAIGN954799,2053,376,3.5180000000000002
Google Ads,2022-10-27,CAMPAIGN955105,1081,56,10.608000000000002
Google Ads,2022-10-28,CAMPAIGN955105,776,56,9.256000000000002
Google Ads,2022-10-29,CAMPAIGN955105,294,22,9.768
Google Ads,2022-10-30,CAMPAIGN954686,9416494,31359,1801.8966194000002
Google Ads,2022-10-31,CAMPAIGN954690,4286474,9644,913.1954756
Google Ads,2022-11-01,CAMPAIGN954690,292906,658,64.395032
Google Ads,2022-11-02,CAMPAIGN954690,264615,866,46.8841142
Google Ads,2022-11-03,CAMPAIGN954684,18169102,59471,2946.5917264
Google Ads,2022-11-04,CAMPAIGN954684,6606410,21055,1125.7536578000002
Google Ads,2022-11-05,CAMPAIGN954684,1327017,4756,216.87172300000003
Google Ads,2022-11-06,CAMPAIGN955075,1410,112,20.986000000000004
Google Ads,2022-11-07,CAMPAIGN955075,1311,83,12.92
Google Ads,2022-11-08,CAMPAIGN955130,811,166,10.742
Google Ads,2022-11-09,CAMPAIGN955130,219,18,1.586
Google Ads,2022-11-10,CAMPAIGN955130,165,26,2.862
Google Ads,2022-11-11,CAMPAIGN955130,40,7,1.19
Google Ads,2022-11-12,CAMPAIGN955073,1414,179,52.664
Google Ads,2022-11-13,CAMPAIGN955073,340,23,5.184000000000001
Google Ads,2022-11-14,CAMPAIGN954853,6904,724,243.16
Google Ads,2022-11-15,CAMPAIGN955148,644,152,15.341999999999999
Google Ads,2022-11-16,CAMPAIGN955148,93,11,1.6219999999999999
Google Ads,2022-11-17,CAMPAIGN955148,59,14,2.418
Google Ads,2022-11-18,CAMPAIGN955148,14,7,0.79
Google Ads,2022-11-19,CAMPAIGN955264,6,1,0.16000000000000003
Google Ads,2022-11-20,CAMPAIGN955004,2423,180,51.402
Google Ads,2022-11-21,CAMPAIGN955004,113,9,1.1420000000000001
Google Ads,2022-11-22,CAMPAIGN954994,2618,225,67.54
Google Ads,2022-11-23,CAMPAIGN954994,39,6,3.4380000000000006
Google Ads,2022-11-24,CAMPAIGN954754,19959,1276,305.182
Google Ads,2022-11-25,CAMPAIGN954754,100,9,1.1660000000000001
Google Ads,2022-11-26,CAMPAIGN955127,826,185,15.128
Google Ads,2022-11-27,CAMPAIGN955127,328,53,7.675999999999999
Google Ads,2022-11-28,CAMPAIGN955127,262,22,2.14
Google Ads,2022-11-29,CAMPAIGN955127,31,4,0.248
Google Ads,2022-11-30,CAMPAIGN955127,8,1,0.046000000000000006
Google Ads,2022-12-01,CAMPAIGN955153,577,61,16.506
Google Ads,2022-12-02,CAMPAIGN955153,171,11,3.0020000000000002
Google Ads,2022-12-03,CAMPAIGN954936,3652,240,94.06600000000002
Google Ads,2022-12-04,CAMPAIGN954936,27,2,0.30800000000000005
Google Ads,2022-12-05,CAMPAIGN955186,290,69,6.7379999999999995
Google Ads,2022-12-06,CAMPAIGN955186,195,47,4.562
Google Ads,2022-12-07,CAMPAIGN955186,153,13,1.548
Google Ads,2022-12-08,CAMPAIGN955186,16,1,0.057999999999999996
Google Ads,2022-12-09,CAMPAIGN955186,13,4,0.422
Google Ads,2022-12-10,CAMPAIGN954692,2089157,7931,326.7453348
Google Ads,2022-12-11,CAMPAIGN954901,4544,752,51.888000000000005
Google Ads,2022-12-12,CAMPAIGN954904,4522,682,53.678
Google Ads,2022-12-13,CAMPAIGN954990,2656,375,8.996
Google Ads,2022-12-14,CAMPAIGN954990,705,200,20.014000000000003
Google Ads,2022-12-15,CAMPAIGN954815,10304,1075,105.582
Google Ads,2022-12-16,CAMPAIGN954815,5491,858,64.15599999999999
Google Ads,2022-12-17,CAMPAIGN954916,4160,581,24.29
Google Ads,2022-12-18,CAMPAIGN955031,1964,288,26.677999999999997
Google Ads,2022-12-19,CAMPAIGN954865,6340,979,76.70800000000001
Google Ads,2022-12-20,CAMPAIGN954959,3233,747,50.05600000000001
Google Ads,2022-12-21,CAMPAIGN954865,752,235,16.502000000000002
Google Ads,2022-12-22,CAMPAIGN954848,7297,916,80.1
Google Ads,2022-12-23,CAMPAIGN954848,6412,1001,89.25600000000001
Google Ads,2022-12-24,CAMPAIGN954917,4106,1028,73.61800000000001
Google Ads,2022-12-25,CAMPAIGN954848,541,102,6.532000000000001
Google Ads,2022-12-26,CAMPAIGN954823,9720,2268,55.64
Google Ads,2022-12-27,CAMPAIGN954823,736,242,10.802000000000001
Google Ads,2022-12-28,CAMPAIGN955248,19,3,0.282
Google Ads,2022-12-29,CAMPAIGN954844,7761,1183,52.861999999999995
Google Ads,2022-12-30,CAMPAIGN954922,3899,804,61.629999999999995
Google Ads,2022-12-31,CAMPAIGN954704,73675,7731,182.96400000000003
Google Ads,2022-01-01,CAMPAIGN954924,3826,464,83.786
Google Ads,2022-01-02,CAMPAIGN954924,1275,278,14.854000000000003
Google Ads,2022-01-03,CAMPAIGN954924,1029,103,12.102
Google Ads,2022-01-04,CAMPAIGN954924,829,145,16.892000000000003
Google Ads,2022-01-05,CAMPAIGN954924,787,148,15.924000000000001
Google Ads,2022-01-06,CAMPAIGN954924,318,58,5.140000000000001
Google Ads,2022-01-07,CAMPAIGN954924,292,57,3.9299999999999997
Google Ads,2022-01-08,CAMPAIGN954924,283,42,3.6479999999999997
Google Ads,2022-01-09,CAMPAIGN954924,231,39,2.8040000000000003
Google Ads,2022-01-10,CAMPAIGN954924,195,31,2.5600000000000005
Google Ads,2022-01-11,CAMPAIGN954924,171,24,2.4480000000000004
Google Ads,2022-01-12,CAMPAIGN954924,149,32,1.922
Google Ads,2022-01-13,CAMPAIGN954924,139,29,2.654
Google Ads,2022-01-14,CAMPAIGN954924,95,19,1.0239999999999998
Google Ads,2022-01-15,CAMPAIGN954924,76,7,0.6940000000000001
Google Ads,2022-01-16,CAMPAIGN954924,72,8,0.6060000000000001
Google Ads,2022-01-17,CAMPAIGN954924,28,7,3.0660000000000003
Google Ads,2022-01-18,CAMPAIGN954818,9965,1437,264.14399999999995
Google Ads,2022-01-19,CAMPAIGN954818,2688,566,48.184000000000005
Google Ads,2022-01-20,CAMPAIGN954818,918,173,30.208
Google Ads,2022-01-21,CAMPAIGN954818,806,85,12.074
Google Ads,2022-01-22,CAMPAIGN954818,373,48,7.102
Google Ads,2022-01-23,CAMPAIGN954818,363,62,8.825999999999999
Google Ads,2022-01-24,CAMPAIGN954818,265,48,7.13
Google Ads,2022-01-25,CAMPAIGN954818,258,37,4.992000000000001
Google Ads,2022-01-26,CAMPAIGN954818,246,39,5.392
Google Ads,2022-01-27,CAMPAIGN954818,220,32,2.9160000000000004
Google Ads,2022-01-28,CAMPAIGN954818,207,45,5.0600000000000005
Google Ads,2022-01-29,CAMPAIGN954818,150,28,4.351999999999999
Google Ads,2022-01-30,CAMPAIGN954818,88,17,2.34
Google Ads,2022-01-31,CAMPAIGN954818,50,3,0.294
Google Ads,2022-02-01,CAMPAIGN954818,44,1,0.13999999999999999
Google Ads,2022-02-02,CAMPAIGN954818,25,4,0.39
Google Ads,2022-02-03,CAMPAIGN954818,25,3,0.3320000000000001
Google Ads,2022-02-04,CAMPAIGN954725,33756,3150,64.668
Google Ads,2022-02-05,CAMPAIGN955159,522,130,3.2460000000000004
Google Ads,2022-02-06,CAMPAIGN955159,396,60,3.0460000000000003
Google Ads,2022-02-07,CAMPAIGN955159,384,76,3.222
Google Ads,2022-02-08,CAMPAIGN955159,136,10,0.6960000000000001
Google Ads,2022-02-09,CAMPAIGN955159,99,11,0.588
Google Ads,2022-02-10,CAMPAIGN955159,96,11,0.9299999999999999
Google Ads,2022-02-11,CAMPAIGN955159,93,23,2.568
Google Ads,2022-02-12,CAMPAIGN955159,78,6,0.514
Google Ads,2022-02-13,CAMPAIGN955159,62,9,0.8700000000000001
Google Ads,2022-02-14,CAMPAIGN955159,39,4,0.016
Google Ads,2022-02-15,CAMPAIGN955159,20,4,0.376
Google Ads,2022-02-16,CAMPAIGN955159,17,5,0.044000000000000004
Google Ads,2022-02-17,CAMPAIGN955159,17,4,0.074
Google Ads,2022-02-18,CAMPAIGN955159,12,1,0.010000000000000002
Google Ads,2022-02-19,CAMPAIGN955159,11,2,0.288
Google Ads,2022-02-20,CAMPAIGN955159,9,0,0.0
Google Ads,2022-02-21,CAMPAIGN955107,1000,146,22.39
Google Ads,2022-02-22,CAMPAIGN955107,824,213,9.678
Google Ads,2022-02-23,CAMPAIGN955107,821,104,4.836
Google Ads,2022-02-24,CAMPAIGN955107,755,165,10.114
Google Ads,2022-02-25,CAMPAIGN955107,199,26,2.378
Google Ads,2022-02-26,CAMPAIGN955107,174,23,1.7200000000000004
Google Ads,2022-02-27,CAMPAIGN955107,115,14,1.4320000000000002
Google Ads,2022-02-28,CAMPAIGN955107,80,6,0.554
Google Ads,2022-03-01,CAMPAIGN955107,76,9,1.058
Google Ads,2022-03-02,CAMPAIGN955107,72,15,1.362
Google Ads,2022-03-03,CAMPAIGN955240,55,6,1.152
Google Ads,2022-03-04,CAMPAIGN955107,35,2,0.15600000000000003
Google Ads,2022-03-05,CAMPAIGN955107,29,6,0.382
Google Ads,2022-03-06,CAMPAIGN955107,26,10,0.296
Google Ads,2022-03-07,CAMPAIGN955107,26,8,0.3320000000000001
Google Ads,2022-03-08,CAMPAIGN955107,24,3,0.43200000000000005
Google Ads,2022-03-09,CAMPAIGN955107,12,4,0.132
Google Ads,2022-03-10,CAMPAIGN954838,8229,1348,62.54000000000001
Google Ads,2022-03-11,CAMPAIGN954838,4965,750,36.744
Google Ads,2022-03-12,CAMPAIGN954838,3649,664,20.626000000000005
Google Ads,2022-03-13,CAMPAIGN954838,2917,407,20.822000000000003
Google Ads,2022-03-14,CAMPAIGN954838,1432,339,11.072000000000001
Google Ads,2022-03-15,CAMPAIGN954838,155,19,1.074
Google Ads,2022-03-16,CAMPAIGN954940,3591,556,56.800000000000004
Google Ads,2022-03-17,CAMPAIGN954940,1325,203,26.498000000000005
Google Ads,2022-03-18,CAMPAIGN954940,1223,299,12.998
Google Ads,2022-03-19,CAMPAIGN954940,921,170,20.142000000000003
Google Ads,2022-03-20,CAMPAIGN954940,576,75,7.056000000000001
Google Ads,2022-03-21,CAMPAIGN954940,260,30,4.234
Google Ads,2022-03-22,CAMPAIGN954940,203,36,2.85
Google Ads,2022-03-23,CAMPAIGN954940,183,41,2.63
Google Ads,2022-03-24,CAMPAIGN954940,142,17,1.7480000000000002
Google Ads,2022-03-25,CAMPAIGN954940,140,34,1.7140000000000002
Google Ads,2022-03-26,CAMPAIGN954940,106,14,1.1119999999999999
Google Ads,2022-03-27,CAMPAIGN954940,71,20,1.1800000000000002
Google Ads,2022-03-28,CAMPAIGN954940,61,14,1.526
Google Ads,2022-03-29,CAMPAIGN954940,49,13,1.0600000000000003
Google Ads,2022-03-30,CAMPAIGN954940,38,13,0.7120000000000001
Google Ads,2022-03-31,CAMPAIGN954940,20,2,0.27
Google Ads,2022-04-01,CAMPAIGN954940,16,4,0.43599999999999994
Google Ads,2022-04-02,CAMPAIGN954707,57457,8687,241.24200000000002
Google Ads,2022-04-03,CAMPAIGN954707,16726,2543,90.458
Google Ads,2022-04-04,CAMPAIGN954707,9482,1593,45.238
Google Ads,2022-04-05,CAMPAIGN954707,4113,374,18.248
Google Ads,2022-04-06,CAMPAIGN954707,3192,638,29.542
Google Ads,2022-04-07,CAMPAIGN954707,3186,843,33.918
Google Ads,2022-04-08,CAMPAIGN954707,2499,596,28.332
Google Ads,2022-04-09,CAMPAIGN954707,2132,372,15.978000000000002
Google Ads,2022-04-10,CAMPAIGN954707,1782,223,10.352000000000002
Google Ads,2022-04-11,CAMPAIGN954707,1503,224,8.01
Google Ads,2022-04-12,CAMPAIGN954707,1373,173,7.386
Google Ads,2022-04-13,CAMPAIGN954707,400,47,2.2640000000000002
Google Ads,2022-04-14,CAMPAIGN954707,388,49,2.144
Google Ads,2022-04-15,CAMPAIGN954707,333,27,1.016
Google Ads,2022-04-16,CAMPAIGN954816,10073,1753,31.816000000000003
Google Ads,2022-04-17,CAMPAIGN954816,1859,437,7.532
Google Ads,2022-04-18,CAMPAIGN954816,608,93,1.4100000000000001
Google Ads,2022-04-19,CAMPAIGN954816,598,131,2.466
Google Ads,2022-04-20,CAMPAIGN954816,359,93,1.6880000000000004
Google Ads,2022-04-21,CAMPAIGN954816,259,27,0.572
Google Ads,2022-04-22,CAMPAIGN954816,206,17,0.336
Google Ads,2022-04-23,CAMPAIGN954816,160,8,0.15200000000000002
Google Ads,2022-04-24,CAMPAIGN954816,160,5,0.168
Google Ads,2022-04-25,CAMPAIGN954816,96,13,0.258
Google Ads,2022-04-26,CAMPAIGN954816,74,7,0.168
Google Ads,2022-04-27,CAMPAIGN954816,59,4,0.286
Google Ads,2022-04-28,CAMPAIGN954816,31,1,0.024
Google Ads,2022-04-29,CAMPAIGN954816,14,0,0.0
Google Ads,2022-04-30,CAMPAIGN955116,962,157,20.296000000000003
Google Ads,2022-05-01,CAMPAIGN955116,481,75,6.106
Google Ads,2022-05-02,CAMPAIGN955116,447,91,5.448
Google Ads,2022-05-03,CAMPAIGN955116,304,72,5.65
Google Ads,2022-05-04,CAMPAIGN955116,97,26,1.552
Google Ads,2022-05-05,CAMPAIGN955116,82,15,1.07
Google Ads,2022-05-06,CAMPAIGN955116,77,10,0.55
Google Ads,2022-05-07,CAMPAIGN955116,59,6,0.446
Google Ads,2022-05-08,CAMPAIGN955116,51,18,1.16
Google Ads,2022-05-09,CAMPAIGN955116,50,7,0.2
Google Ads,2022-05-10,CAMPAIGN955116,28,1,0.098
Google Ads,2022-05-11,CAMPAIGN955116,27,7,0.7400000000000001
Google Ads,2022-05-12,CAMPAIGN955116,27,4,0.21600000000000003
Google Ads,2022-05-13,CAMPAIGN955116,20,4,0.6680000000000001
Google Ads,2022-05-14,CAMPAIGN955116,16,0,0.0
Google Ads,2022-05-15,CAMPAIGN955116,16,0,0.0
Google Ads,2022-05-16,CAMPAIGN955116,11,2,0.10600000000000001
Google Ads,2022-05-17,CAMPAIGN954736,26120,5017,187.29
Google Ads,2022-05-18,CAMPAIGN954736,5792,1146,40.992000000000004
Google Ads,2022-05-19,CAMPAIGN954736,5571,1213,53.028
Google Ads,2022-05-20,CAMPAIGN954736,4345,1016,41.83
Google Ads,2022-05-21,CAMPAIGN954736,928,175,9.532
Google Ads,2022-05-22,CAMPAIGN954736,910,111,3.672
Google Ads,2022-05-23,CAMPAIGN954736,865,123,5.5200000000000005
Google Ads,2022-05-24,CAMPAIGN954736,852,185,9.932
Google Ads,2022-05-25,CAMPAIGN954736,756,47,2.64
Google Ads,2022-05-26,CAMPAIGN954736,709,153,8.628
Google Ads,2022-05-27,CAMPAIGN954736,594,78,3.8680000000000003
Google Ads,2022-05-28,CAMPAIGN954736,413,37,2.3139999999999996
Google Ads,2022-05-29,CAMPAIGN954736,279,20,0.968
Google Ads,2022-05-30,CAMPAIGN954736,143,4,0.35400000000000004
Google Ads,2022-05-31,CAMPAIGN954809,10666,2542,82.63400000000001
Google Ads,2022-06-01,CAMPAIGN954809,4492,714,31.146
Google Ads,2022-06-02,CAMPAIGN954809,3988,568,24.036
Google Ads,2022-06-03,CAMPAIGN954809,1236,239,9.336
Google Ads,2022-06-04,CAMPAIGN954809,1155,179,4.03
Google Ads,2022-06-05,CAMPAIGN954809,865,151,6.338000000000001
Google Ads,2022-06-06,CAMPAIGN954809,703,43,2.0
Google Ads,2022-06-07,CAMPAIGN954809,571,107,4.609999999999999
Google Ads,2022-06-08,CAMPAIGN954809,315,54,1.9800000000000002
Google Ads,2022-06-09,CAMPAIGN954809,257,18,0.8460000000000001
Google Ads,2022-06-10,CAMPAIGN954809,190,30,1.2240000000000002
Google Ads,2022-06-11,CAMPAIGN954809,179,26,0.8900000000000001
Google Ads,2022-06-12,CAMPAIGN954809,158,32,1.708
Google Ads,2022-06-13,CAMPAIGN954809,114,8,0.30800000000000005
Google Ads,2022-06-14,CAMPAIGN954738,25049,3772,111.91
Google Ads,2022-06-15,CAMPAIGN954738,3178,675,15.126
Google Ads,2022-06-16,CAMPAIGN954738,1622,188,6.058
Google Ads,2022-06-17,CAMPAIGN954738,1556,80,3.8040000000000003
Google Ads,2022-06-18,CAMPAIGN954738,1151,176,8.158000000000001
Google Ads,2022-06-19,CAMPAIGN954738,1084,286,8.596000000000002
Google Ads,2022-06-20,CAMPAIGN954738,929,114,4.612000000000001
Google Ads,2022-06-21,CAMPAIGN954738,599,93,4.0
Google Ads,2022-06-22,CAMPAIGN954738,553,82,2.8640000000000003
Google Ads,2022-06-23,CAMPAIGN954738,474,25,1.068
Google Ads,2022-06-24,CAMPAIGN954738,423,115,3.0280000000000005
Google Ads,2022-06-25,CAMPAIGN954738,309,24,0.9359999999999999
Google Ads,2022-06-26,CAMPAIGN954738,301,24,1.07
Google Ads,2022-06-27,CAMPAIGN954738,207,9,0.338
Google Ads,2022-06-28,CAMPAIGN954767,16884,2875,142.826
Google Ads,2022-06-29,CAMPAIGN954767,3643,681,30.477999999999998
Google Ads,2022-06-30,CAMPAIGN954767,1864,157,20.5
Google Ads,2022-07-01,CAMPAIGN954767,1306,163,12.614000000000003
Google Ads,2022-07-02,CAMPAIGN954767,1204,296,41.094
Google Ads,2022-07-03,CAMPAIGN954767,1061,338,52.903999999999996
Google Ads,2022-07-04,CAMPAIGN954767,640,142,23.998000000000005
Google Ads,2022-07-05,CAMPAIGN954767,628,181,8.096000000000002
Google Ads,2022-07-06,CAMPAIGN954767,613,128,15.496000000000002
Google Ads,2022-07-07,CAMPAIGN954767,435,70,5.846
Google Ads,2022-07-08,CAMPAIGN954767,337,91,2.93
Google Ads,2022-07-09,CAMPAIGN954767,100,12,1.464
Google Ads,2022-07-10,CAMPAIGN954767,93,12,1.1960000000000002
Google Ads,2022-07-11,CAMPAIGN954767,89,9,0.9660000000000001
Google Ads,2022-07-12,CAMPAIGN954739,24689,1870,425.10400000000004
Google Ads,2022-07-13,CAMPAIGN954739,14208,1293,189.33400000000003
Google Ads,2022-07-14,CAMPAIGN954739,13604,1149,196.48600000000002
Google Ads,2022-07-15,CAMPAIGN954739,8501,1074,126.758
Google Ads,2022-07-16,CAMPAIGN954739,3559,327,42.120000000000005
Google Ads,2022-07-17,CAMPAIGN954739,3464,470,41.660000000000004
Google Ads,2022-07-18,CAMPAIGN954739,2291,484,37.63400000000001
Google Ads,2022-07-19,CAMPAIGN954739,2289,176,24.154000000000003
Google Ads,2022-07-20,CAMPAIGN954739,1403,222,37.876
Google Ads,2022-07-21,CAMPAIGN954739,906,54,6.550000000000001
Google Ads,2022-07-22,CAMPAIGN954781,14459,2167,218.94000000000003
Google Ads,2022-07-23,CAMPAIGN954781,2531,338,28.406000000000002
Google Ads,2022-07-24,CAMPAIGN954781,514,140,9.71
Google Ads,2022-07-25,CAMPAIGN954781,417,92,85.85600000000001
Google Ads,2022-07-26,CAMPAIGN954781,345,72,4.41
Google Ads,2022-07-27,CAMPAIGN954781,266,43,5.550000000000001
Google Ads,2022-07-28,CAMPAIGN954781,237,40,2.712
Google Ads,2022-07-29,CAMPAIGN954781,58,3,0.504
Google Ads,2022-07-30,CAMPAIGN954781,49,6,0.45
Google Ads,2022-07-31,CAMPAIGN954781,31,4,0.576
Google Ads,2022-08-01,CAMPAIGN954781,26,3,0.194
Google Ads,2022-08-02,CAMPAIGN955200,220,42,4.524
Google Ads,2022-08-03,CAMPAIGN955200,56,10,1.752
Google Ads,2022-08-04,CAMPAIGN955200,52,11,1.236
Google Ads,2022-08-05,CAMPAIGN955200,36,5,0.562
Google Ads,2022-08-06,CAMPAIGN954858,6756,598,125.782
Google Ads,2022-08-07,CAMPAIGN954858,1811,174,34.188
Google Ads,2022-08-08,CAMPAIGN954858,1484,67,12.066
Google Ads,2022-08-09,CAMPAIGN954858,540,32,11.202
Google Ads,2022-08-10,CAMPAIGN954858,433,67,5.004
Google Ads,2022-08-11,CAMPAIGN954858,351,19,2.8920000000000003
Google Ads,2022-08-12,CAMPAIGN955179,330,46,3.414
Google Ads,2022-08-13,CAMPAIGN955179,313,47,7.184000000000001
Google Ads,2022-08-14,CAMPAIGN955179,96,28,2.942
Google Ads,2022-08-15,CAMPAIGN955179,94,18,1.8299999999999998
Google Ads,2022-08-16,CAMPAIGN955190,268,28,6.114000000000001
Google Ads,2022-08-17,CAMPAIGN955190,178,25,5.232
Google Ads,2022-08-18,CAMPAIGN955190,169,23,1.986
Google Ads,2022-08-19,CAMPAIGN955190,53,11,1.336
Google Ads,2022-08-20,CAMPAIGN954973,2915,671,149.74
Google Ads,2022-08-21,CAMPAIGN954979,2821,594,128.818
Google Ads,2022-08-22,CAMPAIGN954979,2534,525,41.97200000000001
Google Ads,2022-08-23,CAMPAIGN954979,2496,1009,174.344
Google Ads,2022-08-24,CAMPAIGN954979,1292,354,49.510000000000005
Google Ads,2022-08-25,CAMPAIGN954973,1131,255,60.616000000000014
Google Ads,2022-08-26,CAMPAIGN954973,624,135,17.733999999999998
Google Ads,2022-08-27,CAMPAIGN954973,295,37,9.642000000000001
Google Ads,2022-08-28,CAMPAIGN954984,2781,569,61.82000000000001
Google Ads,2022-08-29,CAMPAIGN954984,1068,217,47.152
Google Ads,2022-08-30,CAMPAIGN954984,801,99,25.977999999999998
Google Ads,2022-08-31,CAMPAIGN954984,510,151,29.136000000000003
Google Ads,2022-09-01,CAMPAIGN954984,509,116,9.952000000000002
Google Ads,2022-09-02,CAMPAIGN954984,458,91,9.67
Google Ads,2022-09-03,CAMPAIGN954984,391,55,11.648
Google Ads,2022-09-04,CAMPAIGN954984,33,4,1.004
Google Ads,2022-09-05,CAMPAIGN955183,317,13,3.5160000000000005
Google Ads,2022-09-06,CAMPAIGN955183,274,22,5.278
Google Ads,2022-09-07,CAMPAIGN955183,174,12,3.1
Google Ads,2022-09-08,CAMPAIGN955210,152,20,2.802
Google Ads,2022-09-09,CAMPAIGN955183,16,2,0.7360000000000001
Google Ads,2022-09-10,CAMPAIGN955104,1101,199,24.672000000000004
Google Ads,2022-09-11,CAMPAIGN955134,777,79,18.896
Google Ads,2022-09-12,CAMPAIGN955104,461,72,7.388
Google Ads,2022-09-13,CAMPAIGN955104,217,28,4.658
Google Ads,2022-09-14,CAMPAIGN955134,175,20,4.758
Google Ads,2022-09-15,CAMPAIGN955104,27,5,1.2460000000000002
Google Ads,2022-09-16,CAMPAIGN954937,3633,723,66.95400000000001
Google Ads,2022-09-17,CAMPAIGN954937,1604,271,60.636
Google Ads,2022-09-18,CAMPAIGN954937,1102,243,18.304
Google Ads,2022-09-19,CAMPAIGN954937,957,87,15.940000000000001
Google Ads,2022-09-20,CAMPAIGN954937,903,319,45.891999999999996
Google Ads,2022-09-21,CAMPAIGN954937,615,133,31.440000000000005
Google Ads,2022-09-22,CAMPAIGN954937,354,14,2.5940000000000003
Google Ads,2022-09-23,CAMPAIGN954937,301,119,12.07
Google Ads,2022-09-24,CAMPAIGN954937,86,17,3.822
Google Ads,2022-09-25,CAMPAIGN955142,678,59,17.074
Google Ads,2022-09-26,CAMPAIGN955142,603,53,16.578
Google Ads,2022-09-27,CAMPAIGN955142,370,27,7.5760000000000005
Google Ads,2022-09-28,CAMPAIGN955142,355,47,8.042
Google Ads,2022-09-29,CAMPAIGN955142,323,7,1.7000000000000002
Google Ads,2022-09-30,CAMPAIGN954801,11825,1255,379.22600000000006
Google Ads,2022-10-01,CAMPAIGN954801,3534,583,123.104
Google Ads,2022-10-02,CAMPAIGN954801,1486,230,62.716
Google Ads,2022-10-03,CAMPAIGN954801,1045,179,30.586000000000002
Google Ads,2022-10-04,CAMPAIGN954801,979,168,37.20600000000001
Google Ads,2022-10-05,CAMPAIGN954801,820,127,26.388
Google Ads,2022-10-06,CAMPAIGN954801,605,90,22.810000000000002
Google Ads,2022-10-07,CAMPAIGN954801,366,99,16.512
Google Ads,2022-10-08,CAMPAIGN954801,337,72,14.990000000000002
Google Ads,2022-10-09,CAMPAIGN954801,181,18,3.794
Google Ads,2022-10-10,CAMPAIGN955212,150,29,1.2400000000000002
Google Ads,2022-10-11,CAMPAIGN955212,87,18,1.6219999999999999
Google Ads,2022-10-12,CAMPAIGN955212,57,18,2.45
Google Ads,2022-10-13,CAMPAIGN955212,37,4,0.79
Google Ads,2022-10-14,CAMPAIGN955157,551,79,11.106000000000002
Google Ads,2022-10-15,CAMPAIGN955157,385,64,10.162
Google Ads,2022-10-16,CAMPAIGN955157,362,5,1.586
Google Ads,2022-10-17,CAMPAIGN955157,25,1,0.296
Google Ads,2022-10-18,CAMPAIGN955157,21,1,0.27
Google Ads,2022-10-19,CAMPAIGN955157,9,0,0.0
Google Ads,2022-10-20,CAMPAIGN954811,10592,770,151.324
Google Ads,2022-10-21,CAMPAIGN954811,2431,227,36.912
Google Ads,2022-10-22,CAMPAIGN954811,1918,348,55.482
Google Ads,2022-10-23,CAMPAIGN954811,1620,256,45.37200000000001
Google Ads,2022-10-24,CAMPAIGN954811,1401,292,53.153999999999996
Google Ads,2022-10-25,CAMPAIGN954811,1170,188,29.54
Google Ads,2022-10-26,CAMPAIGN954811,718,134,17.238
Google Ads,2022-10-27,CAMPAIGN954811,529,105,16.342
Google Ads,2022-10-28,CAMPAIGN954811,485,75,11.152000000000001
Google Ads,2022-10-29,CAMPAIGN954811,210,24,4.194
Google Ads,2022-10-30,CAMPAIGN954989,2664,465,108.84800000000001
Google Ads,2022-10-31,CAMPAIGN954989,1890,430,31.036
Google Ads,2022-11-01,CAMPAIGN954989,1772,383,74.86200000000001
Google Ads,2022-11-02,CAMPAIGN954989,1757,346,32.065999999999995
Google Ads,2022-11-03,CAMPAIGN954989,1738,572,148.98200000000003
Google Ads,2022-11-04,CAMPAIGN954989,1064,251,40.554
Google Ads,2022-11-05,CAMPAIGN954989,796,144,32.566
Google Ads,2022-11-06,CAMPAIGN954989,270,24,3.5500000000000003
Google Ads,2022-11-07,CAMPAIGN955122,881,65,21.695999999999998
Google Ads,2022-11-08,CAMPAIGN955122,526,11,3.6060000000000003
Google Ads,2022-11-09,CAMPAIGN955165,451,72,9.494
Google Ads,2022-11-10,CAMPAIGN955122,349,26,11.626
Google Ads,2022-11-11,CAMPAIGN955165,55,1,0.634
Google Ads,2022-11-12,CAMPAIGN955122,8,0,0.0
Google Ads,2022-11-13,CAMPAIGN954745,22803,4288,136.09400000000002
Google Ads,2022-11-14,CAMPAIGN954745,3904,644,89.23
Google Ads,2022-11-15,CAMPAIGN954985,2760,577,64.364
Google Ads,2022-11-16,CAMPAIGN954745,2515,489,45.82000000000001
Google Ads,2022-11-17,CAMPAIGN954745,2278,703,197.01200000000003
Google Ads,2022-11-18,CAMPAIGN954745,1580,243,55.002
Google Ads,2022-11-19,CAMPAIGN954745,1218,291,28.238
Google Ads,2022-11-20,CAMPAIGN954745,1028,218,11.272
Google Ads,2022-11-21,CAMPAIGN954745,869,61,10.296
Google Ads,2022-11-22,CAMPAIGN955220,125,20,2.118
Google Ads,2022-11-23,CAMPAIGN955220,32,8,0.8880000000000001
Google Ads,2022-11-24,CAMPAIGN955220,20,4,0.48
Google Ads,2022-11-25,CAMPAIGN955220,20,4,0.45599999999999996
Google Ads,2022-11-26,CAMPAIGN955241,46,10,2.378
Google Ads,2022-11-27,CAMPAIGN955241,39,4,0.558
Google Ads,2022-11-28,CAMPAIGN955241,28,5,0.58
Google Ads,2022-11-29,CAMPAIGN955187,290,53,9.506
Google Ads,2022-11-30,CAMPAIGN955187,133,12,2.5620000000000003
Google Ads,2022-12-01,CAMPAIGN955187,93,14,3.0060000000000002
Google Ads,2022-12-02,CAMPAIGN955187,75,4,0.6980000000000001
Google Ads,2022-12-03,CAMPAIGN954796,12014,1096,295.558
Google Ads,2022-12-04,CAMPAIGN954796,4001,622,137.302
Google Ads,2022-12-05,CAMPAIGN954796,3095,351,86.39800000000001
Google Ads,2022-12-06,CAMPAIGN954796,2569,305,60.150000000000006
Google Ads,2022-12-07,CAMPAIGN954796,1932,212,40.04
Google Ads,2022-12-08,CAMPAIGN954796,802,116,19.618000000000002
Google Ads,2022-12-09,CAMPAIGN954796,673,63,14.716000000000001
Google Ads,2022-12-10,CAMPAIGN954796,525,119,19.136000000000003
Google Ads,2022-12-11,CAMPAIGN954796,177,15,3.372
Google Ads,2022-12-12,CAMPAIGN954796,142,45,7.244
Google Ads,2022-12-13,CAMPAIGN954793,12194,1229,240.74200000000002
Google Ads,2022-12-14,CAMPAIGN954793,5157,695,134.348
Google Ads,2022-12-15,CAMPAIGN954793,2338,330,50.13
Google Ads,2022-12-16,CAMPAIGN954793,1830,272,47.06400000000001
Google Ads,2022-12-17,CAMPAIGN954793,1490,171,28.238
Google Ads,2022-12-18,CAMPAIGN954793,1120,176,32.222
Google Ads,2022-12-19,CAMPAIGN954793,1048,181,26.54
Google Ads,2022-12-20,CAMPAIGN954793,453,126,18.244
Google Ads,2022-12-21,CAMPAIGN954793,325,33,5.356000000000001
Google Ads,2022-12-22,CAMPAIGN954793,235,50,7.452
Google Ads,2022-12-23,CAMPAIGN954834,8610,889,273.174
Google Ads,2022-12-24,CAMPAIGN954834,3854,653,152.166
Google Ads,2022-12-25,CAMPAIGN954834,2396,315,94.142
Google Ads,2022-12-26,CAMPAIGN954834,1950,171,35.642
Google Ads,2022-12-27,CAMPAIGN954834,1916,340,95.66
Google Ads,2022-12-28,CAMPAIGN954834,1391,204,33.496
Google Ads,2022-12-29,CAMPAIGN954834,898,97,24.934
Google Ads,2022-12-30,CAMPAIGN954834,582,144,29.786
Google Ads,2022-12-31,CAMPAIGN954834,360,72,15.27
Google Ads,2022-01-01,CAMPAIGN954834,150,35,9.0
Google Ads,2022-01-02,CAMPAIGN954861,6612,873,91.84800000000001
Google Ads,2022-01-03,CAMPAIGN954861,5435,520,46.95
Google Ads,2022-01-04,CAMPAIGN954861,744,125,8.196
Google Ads,2022-01-05,CAMPAIGN954861,297,42,2.814
Google Ads,2022-01-06,CAMPAIGN954861,93,7,5.444
Google Ads,2022-01-07,CAMPAIGN954861,54,10,0.892
Google Ads,2022-01-08,CAMPAIGN954949,3425,422,72.60799999999999
Google Ads,2022-01-09,CAMPAIGN954949,3356,294,42.676
Google Ads,2022-01-10,CAMPAIGN954949,281,42,4.698
Google Ads,2022-01-11,CAMPAIGN954949,172,18,2.2680000000000002
Google Ads,2022-01-12,CAMPAIGN954949,140,17,2.782
Google Ads,2022-01-13,CAMPAIGN954949,29,3,0.404
Google Ads,2022-01-14,CAMPAIGN954945,3518,266,101.83800000000001
Google Ads,2022-01-15,CAMPAIGN954945,3098,323,128.61800000000002
Google Ads,2022-01-16,CAMPAIGN954945,159,11,9.238
Google Ads,2022-01-17,CAMPAIGN954945,104,15,3.096
Google Ads,2022-01-18,CAMPAIGN954945,100,6,1.084
Google Ads,2022-01-19,CAMPAIGN954945,33,1,0.488
Google Ads,2022-01-20,CAMPAIGN955066,1494,166,20.976
Google Ads,2022-01-21,CAMPAIGN955066,1474,173,25.336000000000002
Google Ads,2022-01-22,CAMPAIGN955236,65,8,1.116
Google Ads,2022-01-23,CAMPAIGN955066,50,6,0.23200000000000004
Google Ads,2022-01-24,CAMPAIGN955066,25,2,0.338
Google Ads,2022-01-25,CAMPAIGN955066,18,2,0.16000000000000003
Google Ads,2022-01-26,CAMPAIGN955045,1782,188,19.256
Google Ads,2022-01-27,CAMPAIGN955045,1368,191,28.012
Google Ads,2022-01-28,CAMPAIGN955045,107,15,1.102
Google Ads,2022-01-29,CAMPAIGN955045,30,2,0.1
Google Ads,2022-01-30,CAMPAIGN955045,24,3,0.65
Google Ads,2022-01-31,CAMPAIGN955045,19,3,0.418
Google Ads,2022-02-01,CAMPAIGN954785,13433,3799,224.81400000000005
Google Ads,2022-02-02,CAMPAIGN954785,9415,2704,52.806
Google Ads,2022-02-03,CAMPAIGN954785,6495,1342,35.738
Google Ads,2022-02-04,CAMPAIGN954785,2119,560,33.114
Google Ads,2022-02-05,CAMPAIGN954785,1038,244,18.276
Google Ads,2022-02-06,CAMPAIGN954785,486,92,6.376000000000001
Google Ads,2022-02-07,CAMPAIGN954783,13873,4501,203.36
Google Ads,2022-02-08,CAMPAIGN954783,12406,3165,75.676
Google Ads,2022-02-09,CAMPAIGN954783,3283,684,18.242
Google Ads,2022-02-10,CAMPAIGN954783,886,254,14.81
Google Ads,2022-02-11,CAMPAIGN954783,352,85,7.612000000000001
Google Ads,2022-02-12,CAMPAIGN954783,57,9,0.556
Google Ads,2022-02-13,CAMPAIGN954829,9450,1536,201.47
Google Ads,2022-02-14,CAMPAIGN954829,6046,1537,151.414
Google Ads,2022-02-15,CAMPAIGN954829,4287,929,58.54000000000001
Google Ads,2022-02-16,CAMPAIGN954829,1740,377,34.282000000000004
Google Ads,2022-02-17,CAMPAIGN954829,17,5,0.7480000000000001
Google Ads,2022-02-18,CAMPAIGN954740,23939,3699,129.40200000000002
Google Ads,2022-02-19,CAMPAIGN954740,16732,2681,94.804
Google Ads,2022-02-20,CAMPAIGN954740,7505,1752,38.339999999999996
Google Ads,2022-02-21,CAMPAIGN954740,5627,479,18.817999999999998
Google Ads,2022-02-22,CAMPAIGN954740,2112,364,12.794000000000002
Google Ads,2022-02-23,CAMPAIGN955182,322,51,1.614
Google Ads,2022-02-24,CAMPAIGN954851,7007,1415,134.69000000000003
Google Ads,2022-02-25,CAMPAIGN954851,6909,1576,134.462
Google Ads,2022-02-26,CAMPAIGN954851,6151,1093,110.274
Google Ads,2022-02-27,CAMPAIGN954851,1873,533,24.380000000000003
Google Ads,2022-02-28,CAMPAIGN954851,1170,278,21.454
Google Ads,2022-03-01,CAMPAIGN954851,164,27,2.214
Google Ads,2022-03-02,CAMPAIGN955176,343,40,8.482
Google Ads,2022-03-03,CAMPAIGN955176,209,27,7.024
Google Ads,2022-03-04,CAMPAIGN955214,142,13,5.560000000000001
Google Ads,2022-03-05,CAMPAIGN955176,107,7,1.5739999999999998
Google Ads,2022-03-06,CAMPAIGN954766,17200,4764,42.928
Google Ads,2022-03-07,CAMPAIGN954766,9902,3160,72.186
Google Ads,2022-03-08,CAMPAIGN954766,2704,700,7.6000000000000005
Google Ads,2022-03-09,CAMPAIGN954766,518,157,3.5820000000000003
Google Ads,2022-03-10,CAMPAIGN954766,87,23,0.58
Google Ads,2022-03-11,CAMPAIGN954766,86,20,0.71
Google Ads,2022-03-12,CAMPAIGN954846,7613,2344,17.246
Google Ads,2022-03-13,CAMPAIGN954846,6232,1703,30.228000000000005
Google Ads,2022-03-14,CAMPAIGN954846,3121,800,5.448
Google Ads,2022-03-15,CAMPAIGN954846,178,60,0.81
Google Ads,2022-03-16,CAMPAIGN954846,114,26,0.47000000000000003
Google Ads,2022-03-17,CAMPAIGN954846,53,14,0.34800000000000003
Google Ads,2022-03-18,CAMPAIGN954833,8738,1083,128.604
Google Ads,2022-03-19,CAMPAIGN954833,4269,494,79.95
Google Ads,2022-03-20,CAMPAIGN954833,1539,104,17.302000000000003
Google Ads,2022-03-21,CAMPAIGN954833,639,55,5.728
Google Ads,2022-03-22,CAMPAIGN954833,336,45,4.852
Google Ads,2022-03-23,CAMPAIGN954833,281,31,3.5180000000000002
Google Ads,2022-03-24,CAMPAIGN954833,138,21,3.3979999999999997
Google Ads,2022-03-25,CAMPAIGN954918,4100,550,110.59000000000002
Google Ads,2022-03-26,CAMPAIGN954918,2823,590,126.17000000000002
Google Ads,2022-03-27,CAMPAIGN954918,959,140,29.994
Google Ads,2022-03-28,CAMPAIGN954918,517,102,33.66400000000001
Google Ads,2022-03-29,CAMPAIGN954918,492,44,14.056000000000001
Google Ads,2022-03-30,CAMPAIGN954918,283,27,6.066000000000001
Google Ads,2022-03-31,CAMPAIGN954918,84,15,3.042
Google Ads,2022-04-01,CAMPAIGN954993,2619,300,63.46000000000001
Google Ads,2022-04-02,CAMPAIGN954993,1688,330,69.722
Google Ads,2022-04-03,CAMPAIGN954993,539,54,9.668000000000001
Google Ads,2022-04-04,CAMPAIGN954993,334,27,9.684000000000001
Google Ads,2022-04-05,CAMPAIGN954993,289,57,12.450000000000001
Google Ads,2022-04-06,CAMPAIGN954993,218,20,5.178000000000001
Google Ads,2022-04-07,CAMPAIGN954993,99,14,2.2060000000000004
Google Ads,2022-04-08,CAMPAIGN955020,2172,278,68.242
Google Ads,2022-04-09,CAMPAIGN955020,1567,232,49.105999999999995
Google Ads,2022-04-10,CAMPAIGN955020,793,109,23.162000000000003
Google Ads,2022-04-11,CAMPAIGN955020,561,30,11.012
Google Ads,2022-04-12,CAMPAIGN955020,435,84,25.088
Google Ads,2022-04-13,CAMPAIGN955020,359,26,6.19
Google Ads,2022-04-14,CAMPAIGN955020,112,11,1.4700000000000002
Google Ads,2022-04-15,CAMPAIGN954842,7864,1270,236.87
Google Ads,2022-04-16,CAMPAIGN954842,1064,157,36.174
Google Ads,2022-04-17,CAMPAIGN954842,456,158,17.900000000000002
Google Ads,2022-04-18,CAMPAIGN954842,181,24,10.722000000000001
Google Ads,2022-04-19,CAMPAIGN954842,102,15,4.886
Google Ads,2022-04-20,CAMPAIGN954842,93,16,2.9000000000000004
Google Ads,2022-04-21,CAMPAIGN954842,75,15,2.096
Google Ads,2022-04-22,CAMPAIGN954842,43,5,0.526
Google Ads,2022-04-23,CAMPAIGN954842,21,6,0.55
Google Ads,2022-04-24,CAMPAIGN954873,5898,909,89.18
Google Ads,2022-04-25,CAMPAIGN954873,1081,115,12.114000000000003
Google Ads,2022-04-26,CAMPAIGN954873,259,38,5.2860000000000005
Google Ads,2022-04-27,CAMPAIGN954873,142,44,3.504
Google Ads,2022-04-28,CAMPAIGN954873,69,5,0.538
Google Ads,2022-04-29,CAMPAIGN954873,59,18,1.7260000000000002
Google Ads,2022-04-30,CAMPAIGN954873,42,6,1.0120000000000002
Google Ads,2022-05-01,CAMPAIGN954873,26,3,0.122
Google Ads,2022-05-02,CAMPAIGN954873,20,7,1.2400000000000002
Google Ads,2022-05-03,CAMPAIGN954873,10,0,0.0
Google Ads,2022-05-04,CAMPAIGN954873,4,0,0.0
Google Ads,2022-05-05,CAMPAIGN954884,5557,825,170.01
Google Ads,2022-05-06,CAMPAIGN954884,598,95,16.689999999999998
Google Ads,2022-05-07,CAMPAIGN954884,355,90,12.702
Google Ads,2022-05-08,CAMPAIGN954884,190,22,13.924000000000001
Google Ads,2022-05-09,CAMPAIGN954884,73,9,3.062
Google Ads,2022-05-10,CAMPAIGN954884,50,21,5.196000000000001
Google Ads,2022-05-11,CAMPAIGN954884,30,6,2.718
Google Ads,2022-05-12,CAMPAIGN954884,24,3,0.04800000000000001
Google Ads,2022-05-13,CAMPAIGN954884,21,1,0.32000000000000006
Google Ads,2022-05-14,CAMPAIGN954884,1,0,0.0
Google Ads,2022-05-15,CAMPAIGN954982,2802,565,33.080000000000005
Google Ads,2022-05-16,CAMPAIGN954982,373,63,3.7800000000000007
Google Ads,2022-05-17,CAMPAIGN954982,129,45,2.552
Google Ads,2022-05-18,CAMPAIGN954982,45,9,0.426
Google Ads,2022-05-19,CAMPAIGN954982,32,7,0.794
Google Ads,2022-05-20,CAMPAIGN954982,24,7,0.368
Google Ads,2022-05-21,CAMPAIGN954982,21,6,0.542
Google Ads,2022-05-22,CAMPAIGN954982,12,3,0.614
Google Ads,2022-05-23,CAMPAIGN954982,8,2,0.08800000000000002
Google Ads,2022-05-24,CAMPAIGN954982,1,1,0.08800000000000001
Google Ads,2022-05-25,CAMPAIGN954712,45715,4420,108.54199999999999
Google Ads,2022-05-26,CAMPAIGN954712,26925,2261,56.120000000000005
Google Ads,2022-05-27,CAMPAIGN954712,12134,2248,47.14600000000001
Google Ads,2022-05-28,CAMPAIGN954712,11398,882,34.24399999999999
Google Ads,2022-05-29,CAMPAIGN954712,7847,1306,26.968000000000004
Google Ads,2022-05-30,CAMPAIGN954712,206,12,0.148
Google Ads,2022-05-31,CAMPAIGN955197,238,32,5.78
Google Ads,2022-06-01,CAMPAIGN955197,215,29,8.352
Google Ads,2022-06-02,CAMPAIGN955197,75,11,2.8740000000000006
Google Ads,2022-06-03,CAMPAIGN955244,34,2,1.042
Google Ads,2022-06-04,CAMPAIGN955201,219,31,6.074000000000002
Google Ads,2022-06-05,CAMPAIGN955201,148,40,7.586
Google Ads,2022-06-06,CAMPAIGN955217,131,16,4.806000000000001
Google Ads,2022-06-07,CAMPAIGN955201,58,10,3.878
Google Ads,2022-06-08,CAMPAIGN954719,38437,10318,328.37800000000004
Google Ads,2022-06-09,CAMPAIGN954719,36336,8244,165.002
Google Ads,2022-06-10,CAMPAIGN954719,11315,2210,39.828
Google Ads,2022-06-11,CAMPAIGN954719,3578,848,26.168000000000003
Google Ads,2022-06-12,CAMPAIGN954719,1231,246,7.718000000000001
Google Ads,2022-06-13,CAMPAIGN954719,802,146,3.822
Google Ads,2022-06-14,CAMPAIGN955008,2315,325,65.096
Google Ads,2022-06-15,CAMPAIGN955008,1739,380,72.99
Google Ads,2022-06-16,CAMPAIGN955008,249,44,11.356000000000002
Google Ads,2022-06-17,CAMPAIGN955008,248,19,4.856000000000001
Google Ads,2022-06-18,CAMPAIGN955008,225,28,5.0200000000000005
Google Ads,2022-06-19,CAMPAIGN955008,183,19,5.784
Google Ads,2022-06-20,CAMPAIGN955008,31,5,0.7460000000000001
Google Ads,2022-06-21,CAMPAIGN955149,636,77,9.49
Google Ads,2022-06-22,CAMPAIGN955149,337,46,4.314
Google Ads,2022-06-23,CAMPAIGN955149,254,39,6.082000000000001
Google Ads,2022-06-24,CAMPAIGN955234,67,1,0.188
Google Ads,2022-06-25,CAMPAIGN955205,179,35,7.162000000000001
Google Ads,2022-06-26,CAMPAIGN955205,170,26,5.6000000000000005
Google Ads,2022-06-27,CAMPAIGN955218,129,15,5.346
Google Ads,2022-06-28,CAMPAIGN955205,63,9,2.144
Google Ads,2022-06-29,CAMPAIGN955078,1373,81,23.618000000000002
Google Ads,2022-06-30,CAMPAIGN955227,95,14,1.9240000000000004
Google Ads,2022-07-01,CAMPAIGN955227,94,13,1.6119999999999999
Google Ads,2022-07-02,CAMPAIGN955227,55,4,0.186
Google Ads,2022-07-03,CAMPAIGN954962,3143,199,74.17200000000001
Google Ads,2022-07-04,CAMPAIGN955155,563,76,12.426000000000002
Google Ads,2022-07-05,CAMPAIGN955155,157,21,2.4320000000000004
Google Ads,2022-07-06,CAMPAIGN955155,15,3,1.618
Google Ads,2022-07-07,CAMPAIGN954885,5468,834,62.44800000000001
Google Ads,2022-07-08,CAMPAIGN954885,1175,386,27.308
Google Ads,2022-07-09,CAMPAIGN955188,288,72,4.274
Google Ads,2022-07-10,CAMPAIGN955222,122,27,2.2100000000000004
Google Ads,2022-07-11,CAMPAIGN955057,1572,177,40.928
Google Ads,2022-07-12,CAMPAIGN955057,190,15,4.258
Google Ads,2022-07-13,CAMPAIGN955057,175,18,4.27
Google Ads,2022-07-14,CAMPAIGN955216,132,13,3.5520000000000005
Google Ads,2022-07-15,CAMPAIGN954765,17334,3800,22.858
Google Ads,2022-07-16,CAMPAIGN954765,5992,1297,7.16
Google Ads,2022-07-17,CAMPAIGN954903,4524,382,2.362
Google Ads,2022-07-18,CAMPAIGN954903,1413,478,2.648
Google Ads,2022-07-19,CAMPAIGN954765,126,17,0.08400000000000002
Google Ads,2022-07-20,CAMPAIGN954954,3340,919,19.254
Google Ads,2022-07-21,CAMPAIGN954954,1436,399,6.818000000000001
Google Ads,2022-07-22,CAMPAIGN954954,270,71,1.724
Google Ads,2022-07-23,CAMPAIGN954954,162,31,1.0
Google Ads,2022-07-24,CAMPAIGN954954,22,5,0.09000000000000001
Google Ads,2022-07-25,CAMPAIGN955108,999,171,14.238
Google Ads,2022-07-26,CAMPAIGN955108,970,198,14.722000000000001
Google Ads,2022-07-27,CAMPAIGN955108,920,134,33.986000000000004
Google Ads,2022-07-28,CAMPAIGN955108,697,81,20.156000000000002
Google Ads,2022-07-29,CAMPAIGN955108,237,47,8.138
Google Ads,2022-07-30,CAMPAIGN955108,202,39,6.364000000000001
Google Ads,2022-07-31,CAMPAIGN954791,12749,2952,40.862
Google Ads,2022-08-01,CAMPAIGN954791,4674,667,18.184
Google Ads,2022-08-02,CAMPAIGN954791,4517,1052,14.878
Google Ads,2022-08-03,CAMPAIGN954791,2720,386,6.874
Google Ads,2022-08-04,CAMPAIGN954791,1522,292,5.148
Google Ads,2022-08-05,CAMPAIGN954983,2799,357,46.75
Google Ads,2022-08-06,CAMPAIGN954983,556,139,15.708000000000002
Google Ads,2022-08-07,CAMPAIGN954983,217,35,3.7840000000000007
Google Ads,2022-08-08,CAMPAIGN954983,3,0,0.0
Google Ads,2022-08-09,CAMPAIGN954975,2847,1047,12.950000000000001
Google Ads,2022-08-10,CAMPAIGN954975,2106,491,9.526000000000002
Google Ads,2022-08-11,CAMPAIGN954975,1323,272,7.192
Google Ads,2022-08-12,CAMPAIGN954975,1015,339,3.686
Google Ads,2022-08-13,CAMPAIGN954975,98,16,0.242
Google Ads,2022-08-14,CAMPAIGN955167,434,38,8.816
Google Ads,2022-08-15,CAMPAIGN955167,126,30,5.866
Google Ads,2022-08-16,CAMPAIGN955246,30,1,0.148
Google Ads,2022-08-17,CAMPAIGN955247,20,4,0.576
Google Ads,2022-08-18,CAMPAIGN955167,19,7,1.002
Google Ads,2022-08-19,CAMPAIGN954782,13880,2911,19.946
Google Ads,2022-08-20,CAMPAIGN954782,7681,1836,12.226
Google Ads,2022-08-21,CAMPAIGN954782,2735,272,2.558
Google Ads,2022-08-22,CAMPAIGN954782,1833,218,1.4400000000000002
Google Ads,2022-08-23,CAMPAIGN954782,1487,269,2.0260000000000002
Google Ads,2022-08-24,CAMPAIGN954952,3410,401,39.526
Google Ads,2022-08-25,CAMPAIGN954952,575,122,13.46
Google Ads,2022-08-26,CAMPAIGN954952,188,50,3.2159999999999997
Google Ads,2022-08-27,CAMPAIGN954963,3133,466,57.412000000000006
Google Ads,2022-08-28,CAMPAIGN954963,954,259,33.588
Google Ads,2022-08-29,CAMPAIGN954963,201,43,4.006
Google Ads,2022-08-30,CAMPAIGN955238,56,14,1.21
Google Ads,2022-08-31,CAMPAIGN954817,9966,1866,22.098
Google Ads,2022-09-01,CAMPAIGN954817,3966,790,8.408
Google Ads,2022-09-02,CAMPAIGN954817,2229,207,3.326
Google Ads,2022-09-03,CAMPAIGN954817,1706,347,3.4960000000000004
Google Ads,2022-09-04,CAMPAIGN954817,1462,258,2.8760000000000003
Google Ads,2022-09-05,CAMPAIGN955203,209,24,1.316
Google Ads,2022-09-06,CAMPAIGN955203,117,8,0.496
Google Ads,2022-09-07,CAMPAIGN955203,52,13,0.734
Google Ads,2022-09-08,CAMPAIGN955203,24,0,0.0
Google Ads,2022-09-09,CAMPAIGN955255,13,1,0.07800000000000001
Google Ads,2022-09-10,CAMPAIGN955255,5,2,0.31200000000000006
Google Ads,2022-09-11,CAMPAIGN955255,4,0,0.0
Google Ads,2022-09-12,CAMPAIGN955266,5,0,0.0
Google Ads,2022-09-13,CAMPAIGN955266,2,0,0.0
Google Ads,2022-09-14,CAMPAIGN954695,615541,656,100.9747322
Google Ads,2022-09-15,CAMPAIGN954695,547063,384,78.1760354
Google Ads,2022-09-16,CAMPAIGN954695,448128,335,60.482877599999995
Google Ads,2022-09-17,CAMPAIGN954695,100171,120,9.6707082
Google Ads,2022-09-18,CAMPAIGN954696,323135,223,57.2327628
Google Ads,2022-09-19,CAMPAIGN954696,234249,174,45.2216416
Google Ads,2022-09-20,CAMPAIGN954696,47567,21,6.516552400000001
Meta Ads,2022-01-01,CAMPAIGN123230,6295814,90302,967.2920002
Meta Ads,2022-01-02,CAMPAIGN123587,1573358,39234,179.8
Meta Ads,2022-01-03,CAMPAIGN123186,8211538,11226,442.208
Meta Ads,2022-01-04,CAMPAIGN123186,6500422,11091,360.7919996
Meta Ads,2022-01-05,CAMPAIGN124306,203238,18935,34.202
Meta Ads,2022-01-06,CAMPAIGN124306,13422,716,1.596
Meta Ads,2022-01-07,CAMPAIGN124060,468649,7478,44.482
Meta Ads,2022-01-08,CAMPAIGN124060,58327,830,5.318
Meta Ads,2022-01-09,CAMPAIGN123187,8021359,11005,1599.800001
Meta Ads,2022-01-10,CAMPAIGN123653,1317949,3914,87.27
Meta Ads,2022-01-11,CAMPAIGN123653,1225926,2254,81.73
Meta Ads,2022-01-12,CAMPAIGN123653,921621,3980,59.558
Meta Ads,2022-01-13,CAMPAIGN123653,428944,1616,27.242
Meta Ads,2022-01-14,CAMPAIGN124157,348917,10808,69.8
Meta Ads,2022-01-15,CAMPAIGN124498,44748,550,70.116
Meta Ads,2022-01-16,CAMPAIGN124498,31543,297,51.67
Meta Ads,2022-01-17,CAMPAIGN124498,23804,300,40.594
Meta Ads,2022-01-18,CAMPAIGN124498,17797,174,30.174
Meta Ads,2022-01-19,CAMPAIGN123396,2818040,29916,495.982
Meta Ads,2022-01-20,CAMPAIGN123396,1055268,9051,142.644
Meta Ads,2022-01-21,CAMPAIGN123396,612955,7081,167.904
Meta Ads,2022-01-22,CAMPAIGN123396,771,11,0.27
Meta Ads,2022-01-23,CAMPAIGN123997,546206,7514,278.33
Meta Ads,2022-01-24,CAMPAIGN123997,102770,1424,48.814
Meta Ads,2022-01-25,CAMPAIGN123997,99887,1273,49.0659998
Meta Ads,2022-01-26,CAMPAIGN123997,55108,761,25.79
Meta Ads,2022-01-27,CAMPAIGN123905,668535,3718,165.02
Meta Ads,2022-01-28,CAMPAIGN123905,142257,500,25.18
Meta Ads,2022-01-29,CAMPAIGN123984,558419,418,88.382
Meta Ads,2022-01-30,CAMPAIGN123984,459572,242,82.502
Meta Ads,2022-01-31,CAMPAIGN123984,332815,685,59.2539996
Meta Ads,2022-02-01,CAMPAIGN123984,159555,606,31.046
Meta Ads,2022-02-02,CAMPAIGN123984,155366,248,24.32
Meta Ads,2022-02-03,CAMPAIGN123984,35755,68,4.696
Meta Ads,2022-02-04,CAMPAIGN123984,1,0,0.0
Meta Ads,2022-02-05,CAMPAIGN123619,1423935,3865,104.5899998
Meta Ads,2022-02-06,CAMPAIGN123619,1269012,5028,121.616
Meta Ads,2022-02-07,CAMPAIGN123619,1178226,6380,118.2719998
Meta Ads,2022-02-08,CAMPAIGN123619,661601,2639,48.318
Meta Ads,2022-02-09,CAMPAIGN123619,616733,2658,59.822
Meta Ads,2022-02-10,CAMPAIGN123619,376517,1619,27.182
Meta Ads,2022-02-11,CAMPAIGN123859,737235,2839,121.94
Meta Ads,2022-02-12,CAMPAIGN123859,634440,1683,74.9319998
Meta Ads,2022-02-13,CAMPAIGN123859,527069,2782,82.214
Meta Ads,2022-02-14,CAMPAIGN123859,314969,555,49.5860002
Meta Ads,2022-02-15,CAMPAIGN123859,303620,1228,34.186
Meta Ads,2022-02-16,CAMPAIGN123859,222069,901,23.942
Meta Ads,2022-02-17,CAMPAIGN124304,205158,2307,84.8319998
Meta Ads,2022-02-18,CAMPAIGN124304,156715,1794,69.086
Meta Ads,2022-02-19,CAMPAIGN123635,1358825,32743,261.998
Meta Ads,2022-02-20,CAMPAIGN123635,1132682,28460,216.02
Meta Ads,2022-02-21,CAMPAIGN123635,84756,1277,9.516
Meta Ads,2022-02-22,CAMPAIGN123635,29526,525,4.266
Meta Ads,2022-02-23,CAMPAIGN123875,711669,7048,210.592
Meta Ads,2022-02-24,CAMPAIGN123875,685290,6509,191.388
Meta Ads,2022-02-25,CAMPAIGN123875,180437,1551,63.254
Meta Ads,2022-02-26,CAMPAIGN123875,159572,1358,57.096
Meta Ads,2022-02-27,CAMPAIGN124027,500435,14363,99.698
Meta Ads,2022-02-28,CAMPAIGN124027,379278,11334,76.178
Meta Ads,2022-03-01,CAMPAIGN124027,211008,5979,42.862
Meta Ads,2022-03-02,CAMPAIGN124027,192061,5987,41.944
Meta Ads,2022-03-03,CAMPAIGN123498,1985926,39361,348.6559998
Meta Ads,2022-03-04,CAMPAIGN123498,1364914,26401,267.926
Meta Ads,2022-03-05,CAMPAIGN123498,22,0,0.0
Meta Ads,2022-03-06,CAMPAIGN123498,6,1,0.008
Meta Ads,2022-03-07,CAMPAIGN123460,2206586,25983,428.796
Meta Ads,2022-03-08,CAMPAIGN123460,2032211,22639,419.558
Meta Ads,2022-03-09,CAMPAIGN123460,1510080,15969,308.758
Meta Ads,2022-03-10,CAMPAIGN123460,1332642,17393,292.48
Meta Ads,2022-03-11,CAMPAIGN123460,163629,2567,56.394
Meta Ads,2022-03-12,CAMPAIGN123460,69237,1203,25.592
Meta Ads,2022-03-13,CAMPAIGN123689,1193471,26200,228.62
Meta Ads,2022-03-14,CAMPAIGN123689,912904,19515,174.908
Meta Ads,2022-03-15,CAMPAIGN123689,260034,7100,62.762
Meta Ads,2022-03-16,CAMPAIGN123689,144720,3220,29.31
Meta Ads,2022-03-17,CAMPAIGN123403,2770159,24997,914.856
Meta Ads,2022-03-18,CAMPAIGN123403,1862533,15894,569.6539998
Meta Ads,2022-03-19,CAMPAIGN123403,357593,3496,124.218
Meta Ads,2022-03-20,CAMPAIGN123403,345699,3301,110.576
Meta Ads,2022-03-21,CAMPAIGN123329,3660372,90223,719.3940002
Meta Ads,2022-03-22,CAMPAIGN123329,3551842,95337,782.8820002
Meta Ads,2022-03-23,CAMPAIGN123329,2738923,72113,577.3619998
Meta Ads,2022-03-24,CAMPAIGN123329,2138566,51702,414.79
Meta Ads,2022-03-25,CAMPAIGN123329,113684,6593,52.996
Meta Ads,2022-03-26,CAMPAIGN123329,112587,4950,39.22
Meta Ads,2022-03-27,CAMPAIGN123373,3028973,40561,617.598
Meta Ads,2022-03-28,CAMPAIGN123373,2540359,34340,527.332
Meta Ads,2022-03-29,CAMPAIGN123373,1493104,16863,254.624
Meta Ads,2022-03-30,CAMPAIGN123373,1212435,13562,210.6
Meta Ads,2022-03-31,CAMPAIGN123373,70586,1046,19.148
Meta Ads,2022-04-01,CAMPAIGN123373,32323,559,10.086
Meta Ads,2022-04-02,CAMPAIGN123492,2030025,11240,446.6200006
Meta Ads,2022-04-03,CAMPAIGN123492,1953832,11544,452.7359996
Meta Ads,2022-04-04,CAMPAIGN123183,8468141,146435,1997.316
Meta Ads,2022-04-05,CAMPAIGN123183,6468576,142423,1467.354
Meta Ads,2022-04-06,CAMPAIGN123183,464484,5087,94.73
Meta Ads,2022-04-07,CAMPAIGN123428,2499216,36107,355.0399996
Meta Ads,2022-04-08,CAMPAIGN123428,1219639,16019,147.5520002
Meta Ads,2022-04-09,CAMPAIGN123511,1939746,31971,635.0600004
Meta Ads,2022-04-10,CAMPAIGN123511,1597237,31239,559.2959996
Meta Ads,2022-04-11,CAMPAIGN123511,334614,6162,133.29
Meta Ads,2022-04-12,CAMPAIGN123511,64743,1032,23.6280004
Meta Ads,2022-04-13,CAMPAIGN123511,63595,783,15.2779998
Meta Ads,2022-04-14,CAMPAIGN123511,49877,672,13.8439998
Meta Ads,2022-04-15,CAMPAIGN123511,34613,577,10.51
Meta Ads,2022-04-16,CAMPAIGN123511,10076,154,2.632
Meta Ads,2022-04-17,CAMPAIGN123511,6939,54,1.03
Meta Ads,2022-04-18,CAMPAIGN123511,6723,77,1.606
Meta Ads,2022-04-19,CAMPAIGN123511,5258,52,0.912
Meta Ads,2022-04-20,CAMPAIGN123511,4971,65,1.246
Meta Ads,2022-04-21,CAMPAIGN123511,3927,60,0.876
Meta Ads,2022-04-22,CAMPAIGN123511,2451,38,0.386
Meta Ads,2022-04-23,CAMPAIGN123225,6486769,178531,1031.814
Meta Ads,2022-04-24,CAMPAIGN123225,4086277,124240,607.5740002
Meta Ads,2022-04-25,CAMPAIGN123225,794313,21093,143.414
Meta Ads,2022-04-26,CAMPAIGN123225,492226,10727,75.684
Meta Ads,2022-04-27,CAMPAIGN123225,453308,13400,84.308
Meta Ads,2022-04-28,CAMPAIGN123225,72598,2095,15.468
Meta Ads,2022-04-29,CAMPAIGN123225,49744,1049,7.6979998
Meta Ads,2022-04-30,CAMPAIGN123225,31963,964,6.238
Meta Ads,2022-05-01,CAMPAIGN123225,9125,131,0.896
Meta Ads,2022-05-02,CAMPAIGN123225,8785,173,1.352
Meta Ads,2022-05-03,CAMPAIGN123225,6356,169,1.14
Meta Ads,2022-05-04,CAMPAIGN123225,5050,165,1.296
Meta Ads,2022-05-05,CAMPAIGN123225,4510,68,0.448
Meta Ads,2022-05-06,CAMPAIGN123225,3376,58,0.468
Meta Ads,2022-05-07,CAMPAIGN123269,5054976,179353,860.924
Meta Ads,2022-05-08,CAMPAIGN123269,3647550,123265,614.4939992
Meta Ads,2022-05-09,CAMPAIGN123269,498185,18107,107.78
Meta Ads,2022-05-10,CAMPAIGN123269,205415,6674,50.298
Meta Ads,2022-05-11,CAMPAIGN123269,38658,995,6.466
Meta Ads,2022-05-12,CAMPAIGN123269,14419,405,2.488
Meta Ads,2022-05-13,CAMPAIGN123269,13132,490,2.222
Meta Ads,2022-05-14,CAMPAIGN123269,9424,461,2.654
Meta Ads,2022-05-15,CAMPAIGN123269,4240,197,1.318
Meta Ads,2022-05-16,CAMPAIGN123269,2014,74,0.42
Meta Ads,2022-05-17,CAMPAIGN123269,1581,47,0.246
Meta Ads,2022-05-18,CAMPAIGN123269,915,31,0.128
Meta Ads,2022-05-19,CAMPAIGN123269,816,20,0.116
Meta Ads,2022-05-20,CAMPAIGN123269,752,46,0.232
Meta Ads,2022-05-21,CAMPAIGN123342,3408638,107685,656.356
Meta Ads,2022-05-22,CAMPAIGN123342,1976905,52708,404.0080002
Meta Ads,2022-05-23,CAMPAIGN123342,442486,15000,108.824
Meta Ads,2022-05-24,CAMPAIGN123342,168190,4257,37.056
Meta Ads,2022-05-25,CAMPAIGN123342,24296,512,4.392
Meta Ads,2022-05-26,CAMPAIGN123342,19997,411,3.672
Meta Ads,2022-05-27,CAMPAIGN123342,16047,574,4.216
Meta Ads,2022-05-28,CAMPAIGN123342,11663,320,2.176
Meta Ads,2022-05-29,CAMPAIGN123342,6876,259,1.828
Meta Ads,2022-05-30,CAMPAIGN123342,2237,65,0.372
Meta Ads,2022-05-31,CAMPAIGN123342,1661,37,0.216
Meta Ads,2022-06-01,CAMPAIGN123342,1447,39,0.238
Meta Ads,2022-06-02,CAMPAIGN123342,1309,32,0.188
Meta Ads,2022-06-03,CAMPAIGN123342,1059,32,0.258
Meta Ads,2022-06-04,CAMPAIGN123736,1028003,12135,455.688
Meta Ads,2022-06-05,CAMPAIGN123736,39924,337,66.036
Meta Ads,2022-06-06,CAMPAIGN123736,2224,27,3.7
Meta Ads,2022-06-07,CAMPAIGN123736,1178,13,2.032
Meta Ads,2022-06-08,CAMPAIGN123736,313,8,0.516
Meta Ads,2022-06-09,CAMPAIGN123736,137,4,0.178
Meta Ads,2022-06-10,CAMPAIGN124035,490833,8227,120.656
Meta Ads,2022-06-11,CAMPAIGN124035,227938,1917,34.454
Meta Ads,2022-06-12,CAMPAIGN123873,713584,39077,150.786
Meta Ads,2022-06-13,CAMPAIGN123873,58485,1037,2.4
Meta Ads,2022-06-14,CAMPAIGN123939,615177,32360,153.094
Meta Ads,2022-06-15,CAMPAIGN123939,54224,1589,6.104
Meta Ads,2022-06-16,CAMPAIGN123955,588651,31774,126.926
Meta Ads,2022-06-17,CAMPAIGN123955,47227,699,2.274
Meta Ads,2022-06-18,CAMPAIGN123952,595284,17026,149.614
Meta Ads,2022-06-19,CAMPAIGN123952,324771,6250,31.552
Meta Ads,2022-06-20,CAMPAIGN124033,492281,24007,106.052
Meta Ads,2022-06-21,CAMPAIGN124033,85243,1358,4.864
Meta Ads,2022-06-22,CAMPAIGN124033,78457,1991,4.28
Meta Ads,2022-06-23,CAMPAIGN124346,163863,2638,16.44
Meta Ads,2022-06-24,CAMPAIGN124346,139690,1855,12.2140002
Meta Ads,2022-06-25,CAMPAIGN124246,264292,11607,44.5340002
Meta Ads,2022-06-26,CAMPAIGN124246,169839,10421,43.402
Meta Ads,2022-06-27,CAMPAIGN124246,118563,4569,18.988
Meta Ads,2022-06-28,CAMPAIGN124246,7491,370,1.476
Meta Ads,2022-06-29,CAMPAIGN124334,172595,4978,35.5780002
Meta Ads,2022-06-30,CAMPAIGN124334,91671,2406,23.424
Meta Ads,2022-07-01,CAMPAIGN124334,61249,1325,13.764
Meta Ads,2022-07-02,CAMPAIGN124334,12656,252,2.234
Meta Ads,2022-07-03,CAMPAIGN123272,5017617,69015,799.8000002
Meta Ads,2022-07-04,CAMPAIGN123237,6026494,262149,965.6939996
Meta Ads,2022-07-05,CAMPAIGN123237,197731,5711,22.706
Meta Ads,2022-07-06,CAMPAIGN123602,1521264,24096,249.118
Meta Ads,2022-07-07,CAMPAIGN123602,1136882,18717,189.652
Meta Ads,2022-07-08,CAMPAIGN123602,890426,14681,148.0099998
Meta Ads,2022-07-09,CAMPAIGN123602,536449,8409,85.22
Meta Ads,2022-07-10,CAMPAIGN124180,331347,12246,50.752
Meta Ads,2022-07-11,CAMPAIGN124180,118081,5976,22.916
Meta Ads,2022-07-12,CAMPAIGN124180,95630,3532,17.056
Meta Ads,2022-07-13,CAMPAIGN124180,81042,4139,18.276
Meta Ads,2022-07-14,CAMPAIGN124040,480891,23241,77.7419998
Meta Ads,2022-07-15,CAMPAIGN124040,44675,2093,7.594
Meta Ads,2022-07-16,CAMPAIGN123957,583158,9892,130.75
Meta Ads,2022-07-17,CAMPAIGN123957,44279,846,12.07
Meta Ads,2022-07-18,CAMPAIGN123979,562348,22132,80.9740002
Meta Ads,2022-07-19,CAMPAIGN123979,66763,2222,9.002
Meta Ads,2022-07-20,CAMPAIGN123979,51734,2799,10.754
Meta Ads,2022-07-21,CAMPAIGN123979,16628,557,2.08
Meta Ads,2022-07-22,CAMPAIGN124113,406212,22970,77.276
Meta Ads,2022-07-23,CAMPAIGN123715,1088825,26296,160.786
Meta Ads,2022-07-24,CAMPAIGN123715,93065,1948,10.742
Meta Ads,2022-07-25,CAMPAIGN123496,2003813,32114,442.42
Meta Ads,2022-07-26,CAMPAIGN123496,1765394,40667,543.366
Meta Ads,2022-07-27,CAMPAIGN123496,43428,653,6.402
Meta Ads,2022-07-28,CAMPAIGN123566,1673160,4475,151.126
Meta Ads,2022-07-29,CAMPAIGN123566,1015210,1786,93.674
Meta Ads,2022-07-30,CAMPAIGN124032,492619,28348,57.8
Meta Ads,2022-07-31,CAMPAIGN124049,475016,21125,103.6
Meta Ads,2022-08-01,CAMPAIGN123976,567477,36021,59.6
Meta Ads,2022-08-02,CAMPAIGN124199,306726,19454,57.6
Meta Ads,2022-08-03,CAMPAIGN123775,913338,2353,101.174
Meta Ads,2022-08-04,CAMPAIGN123775,134017,342,14.552
Meta Ads,2022-08-05,CAMPAIGN123775,93831,170,11.078
Meta Ads,2022-08-06,CAMPAIGN123565,1682427,29296,223.9959998
Meta Ads,2022-08-07,CAMPAIGN123565,72906,3118,7.04
Meta Ads,2022-08-08,CAMPAIGN123499,1983374,8804,269.2639998
Meta Ads,2022-08-09,CAMPAIGN123499,1330462,4424,186.2420004
Meta Ads,2022-08-10,CAMPAIGN123499,928849,4217,117.914
Meta Ads,2022-08-11,CAMPAIGN123637,1353848,2363,240.3660006
Meta Ads,2022-08-12,CAMPAIGN123151,14724492,31115,1003.4
Meta Ads,2022-08-13,CAMPAIGN123494,2019544,684,107.54
Meta Ads,2022-08-14,CAMPAIGN123494,1448934,506,77.9280004
Meta Ads,2022-08-15,CAMPAIGN123494,639339,151,34.112
Meta Ads,2022-08-16,CAMPAIGN123494,157009,63,9.42
Meta Ads,2022-08-17,CAMPAIGN124294,214719,1808,49.308
Meta Ads,2022-08-18,CAMPAIGN124294,195817,2029,55.328
Meta Ads,2022-08-19,CAMPAIGN124294,93456,1060,26.936
Meta Ads,2022-08-20,CAMPAIGN124294,14917,172,4.422
Meta Ads,2022-08-21,CAMPAIGN123169,9799983,21882,654.8019992
Meta Ads,2022-08-22,CAMPAIGN123169,5306797,12689,321.398
Meta Ads,2022-08-23,CAMPAIGN123366,3106641,56760,587.978
Meta Ads,2022-08-24,CAMPAIGN123209,7081568,6641,536.4260008
Meta Ads,2022-08-25,CAMPAIGN123209,3443675,3056,249.4500002
Meta Ads,2022-08-26,CAMPAIGN123209,3155081,3795,218.8739996
Meta Ads,2022-08-27,CAMPAIGN123209,883133,1656,62.352
Meta Ads,2022-08-28,CAMPAIGN123209,500930,482,33.824
Meta Ads,2022-08-29,CAMPAIGN123209,399350,537,27.474
Meta Ads,2022-08-30,CAMPAIGN123295,4454592,47752,799.9940002
Meta Ads,2022-08-31,CAMPAIGN123295,58295,696,10.006
Meta Ads,2022-09-01,CAMPAIGN123137,22889054,71365,1423.199999
Meta Ads,2022-09-02,CAMPAIGN123137,5877587,28685,799.8000006
Meta Ads,2022-09-03,CAMPAIGN124089,434311,13516,81.098
Meta Ads,2022-09-04,CAMPAIGN124089,253000,6486,36.078
Meta Ads,2022-09-05,CAMPAIGN124089,195431,5028,28.83
Meta Ads,2022-09-06,CAMPAIGN124089,138209,5653,32.274
Meta Ads,2022-09-07,CAMPAIGN124089,122170,3828,25.406
Meta Ads,2022-09-08,CAMPAIGN124089,77946,3018,19.822
Meta Ads,2022-09-09,CAMPAIGN124089,36756,1163,6.818
Meta Ads,2022-09-10,CAMPAIGN124089,6302,226,1.474
Meta Ads,2022-09-11,CAMPAIGN124031,493499,15715,94.652
Meta Ads,2022-09-12,CAMPAIGN124031,316011,8243,48.842
Meta Ads,2022-09-13,CAMPAIGN124031,282354,9191,61.282
Meta Ads,2022-09-14,CAMPAIGN124031,239598,8818,51.5
Meta Ads,2022-09-15,CAMPAIGN124031,174117,4952,29.25
Meta Ads,2022-09-16,CAMPAIGN124031,95753,3802,24.434
Meta Ads,2022-09-17,CAMPAIGN124031,44993,1360,8.4060002
Meta Ads,2022-09-18,CAMPAIGN124031,11337,400,2.632
Meta Ads,2022-09-19,CAMPAIGN124077,445132,507,66.9000002
Meta Ads,2022-09-20,CAMPAIGN124077,293151,339,52.8940002
Meta Ads,2022-09-21,CAMPAIGN124077,270577,329,42.95
Meta Ads,2022-09-22,CAMPAIGN124077,140930,132,21.016
Meta Ads,2022-09-23,CAMPAIGN124077,121218,146,21.408
Meta Ads,2022-09-24,CAMPAIGN124077,115998,162,20.042
Meta Ads,2022-09-25,CAMPAIGN124077,68433,87,12.732
Meta Ads,2022-09-26,CAMPAIGN124077,53710,57,10.638
Meta Ads,2022-09-27,CAMPAIGN124077,51446,49,8.698
Meta Ads,2022-09-28,CAMPAIGN124077,38975,52,6.94
Meta Ads,2022-09-29,CAMPAIGN124077,38188,47,6.792
Meta Ads,2022-09-30,CAMPAIGN124077,35364,46,6.072
Meta Ads,2022-10-01,CAMPAIGN124077,29287,43,6.862
Meta Ads,2022-10-02,CAMPAIGN124077,18346,14,3.526
Meta Ads,2022-10-03,CAMPAIGN124077,17358,23,4.52
Meta Ads,2022-10-04,CAMPAIGN124077,13180,16,2.542
Meta Ads,2022-10-05,CAMPAIGN124077,12872,18,2.264
Meta Ads,2022-10-06,CAMPAIGN124077,12647,21,2.47
Meta Ads,2022-10-07,CAMPAIGN124077,9512,9,1.998
Meta Ads,2022-10-08,CAMPAIGN124077,9115,14,2.376
Meta Ads,2022-10-09,CAMPAIGN124077,7883,12,1.252
Meta Ads,2022-10-10,CAMPAIGN124077,6768,9,0.976
Meta Ads,2022-10-11,CAMPAIGN124077,5849,9,1.362
Meta Ads,2022-10-12,CAMPAIGN124077,3745,7,0.818
Meta Ads,2022-10-13,CAMPAIGN124077,3320,2,0.422
Meta Ads,2022-10-14,CAMPAIGN124077,3156,3,0.566
Meta Ads,2022-10-15,CAMPAIGN124077,2158,1,0.37
Meta Ads,2022-10-16,CAMPAIGN124077,1404,6,0.432
Meta Ads,2022-10-17,CAMPAIGN124077,1210,1,0.25
Meta Ads,2022-10-18,CAMPAIGN124077,558,1,0.134
Meta Ads,2022-10-19,CAMPAIGN124077,438,1,0.096
Meta Ads,2022-10-20,CAMPAIGN124077,389,0,0.082
Meta Ads,2022-10-21,CAMPAIGN123776,909718,3905,120.1380002
Meta Ads,2022-10-22,CAMPAIGN123776,753423,3434,95.1119998
Meta Ads,2022-10-23,CAMPAIGN123776,303124,1261,44.62
Meta Ads,2022-10-24,CAMPAIGN123776,290352,1215,44.504
Meta Ads,2022-10-25,CAMPAIGN123776,172369,399,26.49
Meta Ads,2022-10-26,CAMPAIGN123776,108610,460,15.248
Meta Ads,2022-10-27,CAMPAIGN123776,93286,414,14.256
Meta Ads,2022-10-28,CAMPAIGN123776,77876,347,12.896
Meta Ads,2022-10-29,CAMPAIGN123776,52801,220,9.668
Meta Ads,2022-10-30,CAMPAIGN123776,46250,101,8.226
Meta Ads,2022-10-31,CAMPAIGN123776,37493,114,6.912
Meta Ads,2022-11-01,CAMPAIGN123776,33819,127,5.942
Meta Ads,2022-11-02,CAMPAIGN123776,32570,159,5.45
Meta Ads,2022-11-03,CAMPAIGN123776,25608,120,3.992
Meta Ads,2022-11-04,CAMPAIGN123776,20461,46,4.568
Meta Ads,2022-11-05,CAMPAIGN123776,16567,77,3.008
Meta Ads,2022-11-06,CAMPAIGN123776,14472,56,2.958
Meta Ads,2022-11-07,CAMPAIGN123776,11624,19,2.024
Meta Ads,2022-11-08,CAMPAIGN123776,10958,51,2.572
Meta Ads,2022-11-09,CAMPAIGN123776,10324,22,1.968
Meta Ads,2022-11-10,CAMPAIGN123776,9923,46,1.89
Meta Ads,2022-11-11,CAMPAIGN123776,7989,34,1.35
Meta Ads,2022-11-12,CAMPAIGN123776,6453,15,1.098
Meta Ads,2022-11-13,CAMPAIGN123776,6434,29,1.362
Meta Ads,2022-11-14,CAMPAIGN123776,4400,11,0.67
Meta Ads,2022-11-15,CAMPAIGN123776,3968,22,0.65
Meta Ads,2022-11-16,CAMPAIGN123776,2637,4,0.472
Meta Ads,2022-11-17,CAMPAIGN123776,1824,18,0.446
Meta Ads,2022-11-18,CAMPAIGN123776,1679,5,0.38
Meta Ads,2022-11-19,CAMPAIGN123776,1605,5,0.402
Meta Ads,2022-11-20,CAMPAIGN123776,1396,4,0.396
Meta Ads,2022-11-21,CAMPAIGN123776,512,3,0.132
Meta Ads,2022-11-22,CAMPAIGN123734,1029569,4495,119.9199994
Meta Ads,2022-11-23,CAMPAIGN123734,1023624,4562,113.4599998
Meta Ads,2022-11-24,CAMPAIGN123734,591753,2432,85.5400004
Meta Ads,2022-11-25,CAMPAIGN123734,239297,863,30.87
Meta Ads,2022-11-26,CAMPAIGN123734,226314,997,27.088
Meta Ads,2022-11-27,CAMPAIGN123734,147192,440,22.838
Meta Ads,2022-11-28,CAMPAIGN123734,141782,529,18.19
Meta Ads,2022-11-29,CAMPAIGN123734,78033,269,9.756
Meta Ads,2022-11-30,CAMPAIGN123734,70535,267,10.296
Meta Ads,2022-12-01,CAMPAIGN123734,65721,178,8.646
Meta Ads,2022-12-02,CAMPAIGN123734,51069,124,9.096
Meta Ads,2022-12-03,CAMPAIGN123734,50061,207,9.448
Meta Ads,2022-12-04,CAMPAIGN123734,49799,97,7.494
Meta Ads,2022-12-05,CAMPAIGN123734,44750,138,8.02
Meta Ads,2022-12-06,CAMPAIGN123734,30571,107,4.176
Meta Ads,2022-12-07,CAMPAIGN123734,20420,64,4.682
Meta Ads,2022-12-08,CAMPAIGN123734,16089,73,2.448
Meta Ads,2022-12-09,CAMPAIGN123734,14677,51,3.71
Meta Ads,2022-12-10,CAMPAIGN123734,10747,35,2.034
Meta Ads,2022-12-11,CAMPAIGN123734,10118,32,1.222
Meta Ads,2022-12-12,CAMPAIGN123734,9954,29,1.404
Meta Ads,2022-12-13,CAMPAIGN123734,8871,18,1.376
Meta Ads,2022-12-14,CAMPAIGN123734,6571,17,1.076
Meta Ads,2022-12-15,CAMPAIGN123734,5903,28,0.814
Meta Ads,2022-12-16,CAMPAIGN123734,4643,17,0.976
Meta Ads,2022-12-17,CAMPAIGN123734,4295,10,1.318
Meta Ads,2022-12-18,CAMPAIGN123734,3261,12,0.732
Meta Ads,2022-12-19,CAMPAIGN123734,2689,23,0.484
Meta Ads,2022-12-20,CAMPAIGN123734,2647,6,0.502
Meta Ads,2022-12-21,CAMPAIGN123734,2552,18,0.434
Meta Ads,2022-12-22,CAMPAIGN123734,1161,0,0.31
Meta Ads,2022-12-23,CAMPAIGN123734,965,4,0.24
Meta Ads,2022-12-24,CAMPAIGN123685,1197245,5488,166.678
Meta Ads,2022-12-25,CAMPAIGN123685,1114512,3003,158.2939996
Meta Ads,2022-12-26,CAMPAIGN123685,279609,1251,44.0540002
Meta Ads,2022-12-27,CAMPAIGN123685,276338,763,44.89
Meta Ads,2022-12-28,CAMPAIGN123685,202375,617,34.668
Meta Ads,2022-12-29,CAMPAIGN123685,158608,391,26.712
Meta Ads,2022-12-30,CAMPAIGN123685,138091,425,20.088
Meta Ads,2022-12-31,CAMPAIGN123685,129005,315,19.126
Meta Ads,2022-01-01,CAMPAIGN123685,77079,118,14.084
Meta Ads,2022-01-02,CAMPAIGN123685,70873,206,12.79
Meta Ads,2022-01-03,CAMPAIGN123685,55045,108,10.142
Meta Ads,2022-01-04,CAMPAIGN123685,52235,238,9.732
Meta Ads,2022-01-05,CAMPAIGN123685,50551,73,8.282
Meta Ads,2022-01-06,CAMPAIGN123685,35357,119,6.306
Meta Ads,2022-01-07,CAMPAIGN123685,32909,69,5.256
Meta Ads,2022-01-08,CAMPAIGN123685,32826,60,6.69
Meta Ads,2022-01-09,CAMPAIGN123685,11611,25,2.396
Meta Ads,2022-01-10,CAMPAIGN123685,8511,43,1.728
Meta Ads,2022-01-11,CAMPAIGN123685,7207,15,1.266
Meta Ads,2022-01-12,CAMPAIGN123685,6660,16,1.542
Meta Ads,2022-01-13,CAMPAIGN123685,6209,20,0.904
Meta Ads,2022-01-14,CAMPAIGN123685,4643,8,1.112
Meta Ads,2022-01-15,CAMPAIGN123685,3923,17,0.694
Meta Ads,2022-01-16,CAMPAIGN123685,3597,9,0.538
Meta Ads,2022-01-17,CAMPAIGN123685,3431,19,0.548
Meta Ads,2022-01-18,CAMPAIGN123685,3333,3,0.664
Meta Ads,2022-01-19,CAMPAIGN123685,3231,7,0.586
Meta Ads,2022-01-20,CAMPAIGN123685,1276,1,0.326
Meta Ads,2022-01-21,CAMPAIGN123685,927,5,0.144
Meta Ads,2022-01-22,CAMPAIGN123685,427,2,0.076
Meta Ads,2022-01-23,CAMPAIGN123685,293,0,0.068
Meta Ads,2022-01-24,CAMPAIGN123685,122,0,0.016
Meta Ads,2022-01-25,CAMPAIGN123201,7163358,19175,5429.784
Meta Ads,2022-01-26,CAMPAIGN123201,2087002,8425,1581.925999
Meta Ads,2022-01-27,CAMPAIGN123201,2029782,6191,1538.560001
Meta Ads,2022-01-28,CAMPAIGN123201,1180611,8980,894.8880016
Meta Ads,2022-01-29,CAMPAIGN123201,210266,965,159.37
Meta Ads,2022-01-30,CAMPAIGN123201,98161,339,74.396
Meta Ads,2022-01-31,CAMPAIGN123201,76762,193,58.172
Meta Ads,2022-02-01,CAMPAIGN123189,7914171,15091,8531.403999
Meta Ads,2022-02-02,CAMPAIGN123189,3381040,7258,3644.731998
Meta Ads,2022-02-03,CAMPAIGN123189,940421,2821,1013.75
Meta Ads,2022-02-04,CAMPAIGN123189,282858,1713,304.906
Meta Ads,2022-02-05,CAMPAIGN123189,145121,290,156.4280004
Meta Ads,2022-02-06,CAMPAIGN123189,59978,109,64.644
Meta Ads,2022-02-07,CAMPAIGN123189,57783,125,62.278
Meta Ads,2022-02-08,CAMPAIGN123130,30924483,157120,17131.892
Meta Ads,2022-02-09,CAMPAIGN123130,6279207,41541,3478.64
Meta Ads,2022-02-10,CAMPAIGN123130,6251857,32879,3463.454
Meta Ads,2022-02-11,CAMPAIGN123130,4405140,33260,2440.418001
Meta Ads,2022-02-12,CAMPAIGN123130,3139127,32507,1739.040001
Meta Ads,2022-02-13,CAMPAIGN123130,1009251,5148,559.1059984
Meta Ads,2022-02-14,CAMPAIGN123130,389318,1679,215.6600002
Meta Ads,2022-02-15,CAMPAIGN123130,179736,961,99.5499992
Meta Ads,2022-02-16,CAMPAIGN123824,799589,973,132.03
Meta Ads,2022-02-17,CAMPAIGN123824,321270,337,48.816
Meta Ads,2022-02-18,CAMPAIGN123824,236145,406,36.742
Meta Ads,2022-02-19,CAMPAIGN123824,98493,241,16.212
Meta Ads,2022-02-20,CAMPAIGN123353,3270083,4152,231.422
Meta Ads,2022-02-21,CAMPAIGN123353,1544427,1862,106.682
Meta Ads,2022-02-22,CAMPAIGN123353,1145939,2466,79.392
Meta Ads,2022-02-23,CAMPAIGN123353,1024568,2375,66.304
Meta Ads,2022-02-24,CAMPAIGN124308,201867,2886,41.362
Meta Ads,2022-02-25,CAMPAIGN123983,559414,1934,85.3180002
Meta Ads,2022-02-26,CAMPAIGN123983,455033,1501,65.314
Meta Ads,2022-02-27,CAMPAIGN123983,91957,254,17.348
Meta Ads,2022-02-28,CAMPAIGN123983,88862,457,15.72
Meta Ads,2022-03-01,CAMPAIGN123983,79175,400,11.458
Meta Ads,2022-03-02,CAMPAIGN123983,36481,215,7.446
Meta Ads,2022-03-03,CAMPAIGN123983,14415,56,2.33
Meta Ads,2022-03-04,CAMPAIGN123983,7955,81,1.48
Meta Ads,2022-03-05,CAMPAIGN124245,264679,356,38.402
Meta Ads,2022-03-06,CAMPAIGN124245,259703,309,34.8020004
Meta Ads,2022-03-07,CAMPAIGN124245,60937,75,8.554
Meta Ads,2022-03-08,CAMPAIGN124245,59151,77,9.948
Meta Ads,2022-03-09,CAMPAIGN124245,29779,35,4.644
Meta Ads,2022-03-10,CAMPAIGN124245,22354,29,5.08
Meta Ads,2022-03-11,CAMPAIGN124245,8419,12,1.158
Meta Ads,2022-03-12,CAMPAIGN124245,4818,6,1.094
Meta Ads,2022-03-13,CAMPAIGN124024,504463,2355,69.5300004
Meta Ads,2022-03-14,CAMPAIGN124024,351834,1934,46.5719998
Meta Ads,2022-03-15,CAMPAIGN124024,67617,324,9.54
Meta Ads,2022-03-16,CAMPAIGN124024,64785,173,11.6760004
Meta Ads,2022-03-17,CAMPAIGN124024,27377,118,4.874
Meta Ads,2022-03-18,CAMPAIGN124024,24819,175,5.426
Meta Ads,2022-03-19,CAMPAIGN124024,10521,41,1.66
Meta Ads,2022-03-20,CAMPAIGN124024,8643,71,1.834
Meta Ads,2022-03-21,CAMPAIGN123954,590955,2963,66.2739998
Meta Ads,2022-03-22,CAMPAIGN123954,587667,2157,68.524
Meta Ads,2022-03-23,CAMPAIGN123954,90390,541,10.512
Meta Ads,2022-03-24,CAMPAIGN123954,87818,234,13.53
Meta Ads,2022-03-25,CAMPAIGN123954,33907,201,4.82
Meta Ads,2022-03-26,CAMPAIGN123954,32600,157,7.068
Meta Ads,2022-03-27,CAMPAIGN123954,13667,76,1.61
Meta Ads,2022-03-28,CAMPAIGN123954,11220,87,2.166
Meta Ads,2022-03-29,CAMPAIGN124436,91661,704,59.434
Meta Ads,2022-03-30,CAMPAIGN123844,756065,13523,137.824
Meta Ads,2022-03-31,CAMPAIGN123844,251624,3470,36.942
Meta Ads,2022-04-01,CAMPAIGN123844,17356,251,2.934
Meta Ads,2022-04-02,CAMPAIGN123844,11120,116,0.82
Meta Ads,2022-04-03,CAMPAIGN123844,10319,166,1.098
Meta Ads,2022-04-04,CAMPAIGN123844,2206,21,0.18
Meta Ads,2022-04-05,CAMPAIGN124191,315915,9432,88.302
Meta Ads,2022-04-06,CAMPAIGN124191,7848,113,0.654
Meta Ads,2022-04-07,CAMPAIGN124191,5789,36,0.284
Meta Ads,2022-04-08,CAMPAIGN124191,3300,43,0.552
Meta Ads,2022-04-09,CAMPAIGN123968,572350,26933,143.61
Meta Ads,2022-04-10,CAMPAIGN123968,42200,1503,9.42
Meta Ads,2022-04-11,CAMPAIGN123968,18419,645,4.296
Meta Ads,2022-04-12,CAMPAIGN123968,10041,172,1.126
Meta Ads,2022-04-13,CAMPAIGN123968,9186,188,0.71
Meta Ads,2022-04-14,CAMPAIGN123968,3567,71,0.362
Meta Ads,2022-04-15,CAMPAIGN123968,1988,29,0.134
Meta Ads,2022-04-16,CAMPAIGN123968,1586,30,0.142
Meta Ads,2022-04-17,CAMPAIGN124235,273304,14433,79.196
Meta Ads,2022-04-18,CAMPAIGN124235,22221,116,0.51
Meta Ads,2022-04-19,CAMPAIGN124235,1495,18,0.094
Meta Ads,2022-04-20,CAMPAIGN124101,417290,18869,119.218
Meta Ads,2022-04-21,CAMPAIGN124101,5116,32,0.168
Meta Ads,2022-04-22,CAMPAIGN124101,3952,54,0.386
Meta Ads,2022-04-23,CAMPAIGN124101,2720,20,0.028
Meta Ads,2022-04-24,CAMPAIGN123804,846693,35696,225.332
Meta Ads,2022-04-25,CAMPAIGN123804,30043,853,5.49
Meta Ads,2022-04-26,CAMPAIGN123804,23699,669,4.752
Meta Ads,2022-04-27,CAMPAIGN123804,19798,493,1.234
Meta Ads,2022-04-28,CAMPAIGN123804,4723,25,0.116
Meta Ads,2022-04-29,CAMPAIGN123804,2082,59,0.276
Meta Ads,2022-04-30,CAMPAIGN124373,138052,10062,46.604
Meta Ads,2022-05-01,CAMPAIGN124373,16664,553,3.04
Meta Ads,2022-05-02,CAMPAIGN124373,1163,24,0.122
Meta Ads,2022-05-03,CAMPAIGN124373,959,5,0.01
Meta Ads,2022-05-04,CAMPAIGN124373,464,13,0.022
Meta Ads,2022-05-05,CAMPAIGN124256,254033,14392,66.952
Meta Ads,2022-05-06,CAMPAIGN124256,86798,4996,22.66
Meta Ads,2022-05-07,CAMPAIGN124256,2480,8,0.03
Meta Ads,2022-05-08,CAMPAIGN124256,2345,10,0.04
Meta Ads,2022-05-09,CAMPAIGN124256,1381,3,0.022
Meta Ads,2022-05-10,CAMPAIGN124256,662,0,0.0
Meta Ads,2022-05-11,CAMPAIGN124256,518,8,0.038
Meta Ads,2022-05-12,CAMPAIGN124256,430,7,0.052
Meta Ads,2022-05-13,CAMPAIGN123950,595759,17916,113.894
Meta Ads,2022-05-14,CAMPAIGN123950,16546,276,1.53
Meta Ads,2022-05-15,CAMPAIGN123950,16009,354,3.056
Meta Ads,2022-05-16,CAMPAIGN123950,14319,173,1.32
Meta Ads,2022-05-17,CAMPAIGN124190,320876,4590,98.524
Meta Ads,2022-05-18,CAMPAIGN124190,195283,1752,37.366
Meta Ads,2022-05-19,CAMPAIGN124190,109734,898,21.766
Meta Ads,2022-05-20,CAMPAIGN124190,77293,899,11.878
Meta Ads,2022-05-21,CAMPAIGN124190,35804,405,7.328
Meta Ads,2022-05-22,CAMPAIGN124190,23209,136,2.92
Meta Ads,2022-05-23,CAMPAIGN124310,201727,3474,77.9119998
Meta Ads,2022-05-24,CAMPAIGN124310,25278,256,4.972
Meta Ads,2022-05-25,CAMPAIGN124310,20116,134,3.424
Meta Ads,2022-05-26,CAMPAIGN124310,17294,121,3.4
Meta Ads,2022-05-27,CAMPAIGN123725,1060968,33642,219.024
Meta Ads,2022-05-28,CAMPAIGN123725,76137,1779,5.186
Meta Ads,2022-05-29,CAMPAIGN123725,50763,1050,5.078
Meta Ads,2022-05-30,CAMPAIGN123725,38689,744,5.752
Meta Ads,2022-05-31,CAMPAIGN123725,19659,182,1.304
Meta Ads,2022-06-01,CAMPAIGN123725,14158,176,1.056
Meta Ads,2022-06-02,CAMPAIGN124047,476001,4276,49.198
Meta Ads,2022-06-03,CAMPAIGN124047,177931,1791,19.242
Meta Ads,2022-06-04,CAMPAIGN124047,163152,2500,27.74
Meta Ads,2022-06-05,CAMPAIGN124047,134698,1232,15.942
Meta Ads,2022-06-06,CAMPAIGN124047,60832,520,6.806
Meta Ads,2022-06-07,CAMPAIGN124047,39124,316,3.978
Meta Ads,2022-06-08,CAMPAIGN124047,28696,384,3.812
Meta Ads,2022-06-09,CAMPAIGN124047,20310,204,2.994
Meta Ads,2022-06-10,CAMPAIGN124122,394673,4127,32.042
Meta Ads,2022-06-11,CAMPAIGN124122,293354,4238,32.62
Meta Ads,2022-06-12,CAMPAIGN124122,242049,3544,32.214
Meta Ads,2022-06-13,CAMPAIGN124122,110511,1546,11.12
Meta Ads,2022-06-14,CAMPAIGN124122,102494,1388,12.78
Meta Ads,2022-06-15,CAMPAIGN124122,84456,889,7.68
Meta Ads,2022-06-16,CAMPAIGN124122,7691,145,0.932
Meta Ads,2022-06-17,CAMPAIGN124122,4578,69,0.41
Meta Ads,2022-06-18,CAMPAIGN123865,728275,8783,64.7419998
Meta Ads,2022-06-19,CAMPAIGN123865,696337,8247,64.166
Meta Ads,2022-06-20,CAMPAIGN123865,630463,6069,55.818
Meta Ads,2022-06-21,CAMPAIGN123865,460260,6209,55.06
Meta Ads,2022-06-22,CAMPAIGN123864,729341,8107,82.184
Meta Ads,2022-06-23,CAMPAIGN123864,696378,8743,64.258
Meta Ads,2022-06-24,CAMPAIGN123864,427091,5265,46.526
Meta Ads,2022-06-25,CAMPAIGN123864,294751,4633,44.946
Meta Ads,2022-06-26,CAMPAIGN123864,135928,1839,15.272
Meta Ads,2022-06-27,CAMPAIGN123864,120964,1297,14.93
Meta Ads,2022-06-28,CAMPAIGN123864,84489,1439,15.718
Meta Ads,2022-06-29,CAMPAIGN123864,50906,633,5.966
Meta Ads,2022-06-30,CAMPAIGN124207,300313,5192,32.476
Meta Ads,2022-07-01,CAMPAIGN124207,168381,2686,24.726
Meta Ads,2022-07-02,CAMPAIGN124207,97712,1479,11.492
Meta Ads,2022-07-03,CAMPAIGN124207,45780,964,6.838
Meta Ads,2022-07-04,CAMPAIGN124207,18928,352,3.27
Meta Ads,2022-07-05,CAMPAIGN124207,8293,128,0.952
Meta Ads,2022-07-06,CAMPAIGN124252,258615,1692,38.268
Meta Ads,2022-07-07,CAMPAIGN124252,220275,1341,33.546
Meta Ads,2022-07-08,CAMPAIGN124252,167354,831,20.058
Meta Ads,2022-07-09,CAMPAIGN124252,123451,801,19.722
Meta Ads,2022-07-10,CAMPAIGN124252,58893,330,8.742
Meta Ads,2022-07-11,CAMPAIGN124252,57698,289,7.194
Meta Ads,2022-07-12,CAMPAIGN124252,47213,342,7.414
Meta Ads,2022-07-13,CAMPAIGN124252,23323,188,4.714
Meta Ads,2022-07-14,CAMPAIGN124538,11674,124,20.076
Meta Ads,2022-07-15,CAMPAIGN124538,11483,140,19.23
Meta Ads,2022-07-16,CAMPAIGN124538,11076,123,18.336
Meta Ads,2022-07-17,CAMPAIGN124538,8890,129,14.97
Meta Ads,2022-07-18,CAMPAIGN124538,282,14,0.456
Meta Ads,2022-07-19,CAMPAIGN124538,268,5,0.456
Meta Ads,2022-07-20,CAMPAIGN124538,250,7,0.416
Meta Ads,2022-07-21,CAMPAIGN124538,211,9,0.334
Meta Ads,2022-07-22,CAMPAIGN124538,181,8,0.292
Meta Ads,2022-07-23,CAMPAIGN124509,33842,427,52.7280002
Meta Ads,2022-07-24,CAMPAIGN124509,19137,230,28.332
Meta Ads,2022-07-25,CAMPAIGN124509,13233,181,20.504
Meta Ads,2022-07-26,CAMPAIGN124509,10440,119,16.42
Meta Ads,2022-07-27,CAMPAIGN124509,8009,102,12.086
Meta Ads,2022-07-28,CAMPAIGN124509,623,14,1.002
Meta Ads,2022-07-29,CAMPAIGN124509,363,8,0.594
Meta Ads,2022-07-30,CAMPAIGN124509,300,8,0.48
Meta Ads,2022-07-31,CAMPAIGN124206,300794,4053,469.478
Meta Ads,2022-08-01,CAMPAIGN124206,120075,1985,183.41
Meta Ads,2022-08-02,CAMPAIGN124206,80984,1165,124.682
Meta Ads,2022-08-03,CAMPAIGN124206,74903,1148,110.352
Meta Ads,2022-08-04,CAMPAIGN124206,60846,910,90.172
Meta Ads,2022-08-05,CAMPAIGN124206,518,10,0.856
Meta Ads,2022-08-06,CAMPAIGN124206,207,4,0.342
Meta Ads,2022-08-07,CAMPAIGN124206,187,7,0.31
Meta Ads,2022-08-08,CAMPAIGN124206,126,5,0.196
Meta Ads,2022-08-09,CAMPAIGN124519,21489,300,32.868
Meta Ads,2022-08-10,CAMPAIGN124519,16459,214,26.4719998
Meta Ads,2022-08-11,CAMPAIGN124519,12690,186,20.19
Meta Ads,2022-08-12,CAMPAIGN124519,11959,161,18.95
Meta Ads,2022-08-13,CAMPAIGN124519,10831,164,16.9
Meta Ads,2022-08-14,CAMPAIGN124519,8588,103,12.802
Meta Ads,2022-08-15,CAMPAIGN124519,531,10,0.854
Meta Ads,2022-08-16,CAMPAIGN124519,327,13,0.548
Meta Ads,2022-08-17,CAMPAIGN124519,117,7,0.186
Meta Ads,2022-08-18,CAMPAIGN124547,6256,78,9.528
Meta Ads,2022-08-19,CAMPAIGN124547,5377,69,8.538
Meta Ads,2022-08-20,CAMPAIGN124547,4749,66,7.694
Meta Ads,2022-08-21,CAMPAIGN124547,3857,39,6.312
Meta Ads,2022-08-22,CAMPAIGN124547,2217,23,3.54
Meta Ads,2022-08-23,CAMPAIGN124547,1764,35,2.804
Meta Ads,2022-08-24,CAMPAIGN124547,263,7,0.45
Meta Ads,2022-08-25,CAMPAIGN124547,180,3,0.298
Meta Ads,2022-08-26,CAMPAIGN124547,115,7,0.19
Meta Ads,2022-08-27,CAMPAIGN124547,102,5,0.152
Meta Ads,2022-08-28,CAMPAIGN124551,3263,45,5.098
Meta Ads,2022-08-29,CAMPAIGN124551,2715,30,4.33
Meta Ads,2022-08-30,CAMPAIGN124551,2429,29,3.968
Meta Ads,2022-08-31,CAMPAIGN124551,2344,29,3.646
Meta Ads,2022-09-01,CAMPAIGN124551,1432,20,2.254
Meta Ads,2022-09-02,CAMPAIGN124551,101,2,0.156
Meta Ads,2022-09-03,CAMPAIGN124551,101,1,0.154
Meta Ads,2022-09-04,CAMPAIGN124551,58,4,0.078
Meta Ads,2022-09-05,CAMPAIGN124551,34,0,0.056
Meta Ads,2022-09-06,CAMPAIGN124383,131032,3459,32.572
Meta Ads,2022-09-07,CAMPAIGN124383,108122,2415,25.706
Meta Ads,2022-09-08,CAMPAIGN124383,88000,1894,23.798
Meta Ads,2022-09-09,CAMPAIGN124383,53205,1149,11.998
Meta Ads,2022-09-10,CAMPAIGN124383,13303,298,3.404
Meta Ads,2022-09-11,CAMPAIGN124383,12692,265,2.918
Meta Ads,2022-09-12,CAMPAIGN124383,4432,104,1.104
Meta Ads,2022-09-13,CAMPAIGN124383,2230,58,0.5
Meta Ads,2022-09-14,CAMPAIGN124143,366061,8132,52.782
Meta Ads,2022-09-15,CAMPAIGN124143,302018,8414,56.35
Meta Ads,2022-09-16,CAMPAIGN124143,144277,2967,22.348
Meta Ads,2022-09-17,CAMPAIGN124143,128565,2785,19.148
Meta Ads,2022-09-18,CAMPAIGN124143,107715,2575,17.914
Meta Ads,2022-09-19,CAMPAIGN124143,30197,686,4.596
Meta Ads,2022-09-20,CAMPAIGN124143,29213,496,4.954
Meta Ads,2022-09-21,CAMPAIGN124143,14622,308,1.908
Meta Ads,2022-09-22,CAMPAIGN124359,152141,5445,40.594
Meta Ads,2022-09-23,CAMPAIGN124359,117636,3529,23.788
Meta Ads,2022-09-24,CAMPAIGN124359,106458,2552,20.972
Meta Ads,2022-09-25,CAMPAIGN124359,72094,2186,13.74
Meta Ads,2022-09-26,CAMPAIGN124359,70513,2944,21.362
Meta Ads,2022-09-27,CAMPAIGN124359,57005,1508,11.646
Meta Ads,2022-09-28,CAMPAIGN124359,23606,719,5.994
Meta Ads,2022-09-29,CAMPAIGN124359,13535,588,3.902
Meta Ads,2022-09-30,CAMPAIGN124332,174380,1988,44.198
Meta Ads,2022-10-01,CAMPAIGN124332,142516,1761,41.512
Meta Ads,2022-10-02,CAMPAIGN124332,94903,1367,28.578
Meta Ads,2022-10-03,CAMPAIGN124332,78692,975,21.578
Meta Ads,2022-10-04,CAMPAIGN124332,30072,389,8.484
Meta Ads,2022-10-05,CAMPAIGN124332,16784,159,3.312
Meta Ads,2022-10-06,CAMPAIGN124332,7954,92,1.844
Meta Ads,2022-10-07,CAMPAIGN124332,6948,67,1.06
Meta Ads,2022-10-08,CAMPAIGN124328,179539,3686,37.158
Meta Ads,2022-10-09,CAMPAIGN124328,156330,3850,36.502
Meta Ads,2022-10-10,CAMPAIGN124328,109881,2115,20.556
Meta Ads,2022-10-11,CAMPAIGN124328,63598,1287,16.364
Meta Ads,2022-10-12,CAMPAIGN124328,37193,808,8.446
Meta Ads,2022-10-13,CAMPAIGN124328,27511,531,5.304
Meta Ads,2022-10-14,CAMPAIGN124328,13634,230,2.234
Meta Ads,2022-10-15,CAMPAIGN124328,5920,136,1.418
Meta Ads,2022-10-16,CAMPAIGN124136,377180,9473,55.548
Meta Ads,2022-10-17,CAMPAIGN124136,288342,7222,49.368
Meta Ads,2022-10-18,CAMPAIGN124136,286325,6069,34.808
Meta Ads,2022-10-19,CAMPAIGN124136,268519,5275,34.764
Meta Ads,2022-10-20,CAMPAIGN124136,198086,4659,26.932
Meta Ads,2022-10-21,CAMPAIGN124136,36825,717,4.622
Meta Ads,2022-10-22,CAMPAIGN124136,35056,675,3.912
Meta Ads,2022-10-23,CAMPAIGN124136,13943,326,2.046
Meta Ads,2022-10-24,CAMPAIGN124242,265930,3890,87.362
Meta Ads,2022-10-25,CAMPAIGN124242,94116,1365,32.32
Meta Ads,2022-10-26,CAMPAIGN124242,65556,1176,24.806
Meta Ads,2022-10-27,CAMPAIGN124242,64336,782,16.712
Meta Ads,2022-10-28,CAMPAIGN124242,25269,306,6.642
Meta Ads,2022-10-29,CAMPAIGN124242,22149,323,6.838
Meta Ads,2022-10-30,CAMPAIGN124242,17416,311,6.54
Meta Ads,2022-10-31,CAMPAIGN124242,5055,73,1.78
Meta Ads,2022-11-01,CAMPAIGN124330,176080,6114,42.772
Meta Ads,2022-11-02,CAMPAIGN124330,154253,6888,42.672
Meta Ads,2022-11-03,CAMPAIGN124330,117652,2876,20.064
Meta Ads,2022-11-04,CAMPAIGN124330,115738,2997,21.086
Meta Ads,2022-11-05,CAMPAIGN124330,82948,2743,18.748
Meta Ads,2022-11-06,CAMPAIGN124330,23509,847,6.078
Meta Ads,2022-11-07,CAMPAIGN124330,14439,685,4.542
Meta Ads,2022-11-08,CAMPAIGN124330,11569,579,4.036
Meta Ads,2022-11-09,CAMPAIGN124224,287429,5403,69.9380002
Meta Ads,2022-11-10,CAMPAIGN124224,236602,2626,63.164
Meta Ads,2022-11-11,CAMPAIGN124224,190702,2161,46.3720004
Meta Ads,2022-11-12,CAMPAIGN124224,112963,1230,27.0779998
Meta Ads,2022-11-13,CAMPAIGN124224,64394,518,16.296
Meta Ads,2022-11-14,CAMPAIGN124224,34783,384,11.7160004
Meta Ads,2022-11-15,CAMPAIGN124224,20266,183,5.238
Meta Ads,2022-11-16,CAMPAIGN124224,15617,156,4.2659996
Meta Ads,2022-11-17,CAMPAIGN124224,381,6,0.094
Meta Ads,2022-11-18,CAMPAIGN124224,120,5,0.038
Meta Ads,2022-11-19,CAMPAIGN124013,524975,7708,145.598
Meta Ads,2022-11-20,CAMPAIGN124013,169948,1983,51.808
Meta Ads,2022-11-21,CAMPAIGN124013,145598,1488,40.866
Meta Ads,2022-11-22,CAMPAIGN124013,73595,701,18.866
Meta Ads,2022-11-23,CAMPAIGN124013,44352,453,10.402
Meta Ads,2022-11-24,CAMPAIGN124013,2073,40,0.46
Meta Ads,2022-11-25,CAMPAIGN123788,884230,7950,201.12
Meta Ads,2022-11-26,CAMPAIGN123788,390418,4638,85.3419998
Meta Ads,2022-11-27,CAMPAIGN123788,112220,1306,28.4399998
Meta Ads,2022-11-28,CAMPAIGN123788,71113,692,26.956
Meta Ads,2022-11-29,CAMPAIGN123788,46324,280,10.56
Meta Ads,2022-11-30,CAMPAIGN123788,23777,193,5.13
Meta Ads,2022-12-01,CAMPAIGN123788,19204,135,4.238
Meta Ads,2022-12-02,CAMPAIGN123788,2444,13,0.614
Meta Ads,2022-12-03,CAMPAIGN124446,87159,1054,29.378
Meta Ads,2022-12-04,CAMPAIGN124446,77481,978,29.204
Meta Ads,2022-12-05,CAMPAIGN124446,24933,314,7.7279998
Meta Ads,2022-12-06,CAMPAIGN124446,19235,130,5.788
Meta Ads,2022-12-07,CAMPAIGN124446,15288,108,4.368
Meta Ads,2022-12-08,CAMPAIGN124446,12748,101,3.334
Meta Ads,2022-12-09,CAMPAIGN123336,3553154,22620,285.682
Meta Ads,2022-12-10,CAMPAIGN123336,3363282,12686,394.118
Meta Ads,2022-12-11,CAMPAIGN123174,9373360,26775,556.286
Meta Ads,2022-12-12,CAMPAIGN123174,7864875,19664,487.314
Meta Ads,2022-12-13,CAMPAIGN123174,3753431,61994,390.0
Meta Ads,2022-12-14,CAMPAIGN123283,4747370,2463,383.3999998
Meta Ads,2022-12-15,CAMPAIGN123283,1030984,6761,191.8000004
Meta Ads,2022-12-16,CAMPAIGN123245,5729338,10448,414.358
Meta Ads,2022-12-17,CAMPAIGN123245,2124199,15091,279.2
Meta Ads,2022-12-18,CAMPAIGN123245,1955126,4616,143.642
Meta Ads,2022-12-19,CAMPAIGN123142,17580609,44115,900.7880004
Meta Ads,2022-12-20,CAMPAIGN123142,6963472,69508,611.0000004
Meta Ads,2022-12-21,CAMPAIGN123142,6109644,19381,319.212
Meta Ads,2022-12-22,CAMPAIGN123148,14851217,58944,9356.121998
Meta Ads,2022-12-23,CAMPAIGN123148,2844258,20566,1791.849999
Meta Ads,2022-12-24,CAMPAIGN123148,1286051,9737,810.1939998
Meta Ads,2022-12-25,CAMPAIGN123148,887809,2522,559.2840008
Meta Ads,2022-12-26,CAMPAIGN123148,391651,1831,246.7359994
Meta Ads,2022-12-27,CAMPAIGN123148,311105,2791,195.986
Meta Ads,2022-12-28,CAMPAIGN123148,289341,977,182.2840006
Meta Ads,2022-12-29,CAMPAIGN123148,24362,140,15.348
Meta Ads,2022-12-30,CAMPAIGN123134,25218258,132331,8725.288
Meta Ads,2022-12-31,CAMPAIGN123134,5768276,39794,1995.608001
Meta Ads,2022-01-01,CAMPAIGN123134,2489361,24409,861.2379992
Meta Ads,2022-01-02,CAMPAIGN123134,910151,8445,314.9059998
Meta Ads,2022-01-03,CAMPAIGN123134,865420,8141,299.3980002
Meta Ads,2022-01-04,CAMPAIGN123134,615115,3109,212.8160006
Meta Ads,2022-01-05,CAMPAIGN123134,558489,3650,193.2320002
Meta Ads,2022-01-06,CAMPAIGN123134,269729,1538,93.3200004
Meta Ads,2022-01-07,CAMPAIGN124017,520100,1703,107.958
Meta Ads,2022-01-08,CAMPAIGN124017,2185,6,0.786
Meta Ads,2022-01-09,CAMPAIGN124017,41,0,0.042
Meta Ads,2022-01-10,CAMPAIGN124017,10,0,0.006
Meta Ads,2022-01-11,CAMPAIGN124017,8,0,0.008
Meta Ads,2022-01-12,CAMPAIGN124073,454514,6017,108.7940002
Meta Ads,2022-01-13,CAMPAIGN124073,4,0,0.006
Meta Ads,2022-01-14,CAMPAIGN124073,3,0,0.0
Meta Ads,2022-01-15,CAMPAIGN124073,2,0,0.0
Meta Ads,2022-01-16,CAMPAIGN124087,436634,908,107.84
Meta Ads,2022-01-17,CAMPAIGN124087,1612,6,0.848
Meta Ads,2022-01-18,CAMPAIGN124087,68,0,0.056
Meta Ads,2022-01-19,CAMPAIGN124087,24,0,0.054
Meta Ads,2022-01-20,CAMPAIGN124087,9,0,0.002
Meta Ads,2022-01-21,CAMPAIGN123856,741286,10872,142.48
Meta Ads,2022-01-22,CAMPAIGN123856,114673,945,27.59
Meta Ads,2022-01-23,CAMPAIGN123856,67553,581,16.93
Meta Ads,2022-01-24,CAMPAIGN123829,785285,12446,139.572
Meta Ads,2022-01-25,CAMPAIGN123829,422324,5434,66.428
Meta Ads,2022-01-26,CAMPAIGN123597,1539829,4074,114.334
Meta Ads,2022-01-27,CAMPAIGN123597,1094636,2502,81.6660002
Meta Ads,2022-01-28,CAMPAIGN123750,996246,11862,468.884
Meta Ads,2022-01-29,CAMPAIGN123750,525391,5496,193.69
Meta Ads,2022-01-30,CAMPAIGN123750,416930,4606,141.772
Meta Ads,2022-01-31,CAMPAIGN123750,188748,1593,67.604
Meta Ads,2022-02-01,CAMPAIGN123750,174506,1448,55.506
Meta Ads,2022-02-02,CAMPAIGN123750,164646,1621,77.044
Meta Ads,2022-02-03,CAMPAIGN123750,120613,937,33.642
Meta Ads,2022-02-04,CAMPAIGN123750,103261,483,29.514
Meta Ads,2022-02-05,CAMPAIGN123750,99483,594,29.296
Meta Ads,2022-02-06,CAMPAIGN123750,82139,956,44.846
Meta Ads,2022-02-07,CAMPAIGN123750,72748,569,23.18
Meta Ads,2022-02-08,CAMPAIGN123750,58978,751,37.622
Meta Ads,2022-02-09,CAMPAIGN123750,50464,278,15.494
Meta Ads,2022-02-10,CAMPAIGN123750,47349,354,12.582
Meta Ads,2022-02-11,CAMPAIGN123750,34769,240,12.182
Meta Ads,2022-02-12,CAMPAIGN123750,29034,282,17.51
Meta Ads,2022-02-13,CAMPAIGN123750,4490,21,1.184
Meta Ads,2022-02-14,CAMPAIGN123750,1761,20,1.276
Meta Ads,2022-02-15,CAMPAIGN123750,1495,10,0.668
Meta Ads,2022-02-16,CAMPAIGN123750,974,5,0.304
Meta Ads,2022-02-17,CAMPAIGN124323,187556,1738,64.952
Meta Ads,2022-02-18,CAMPAIGN124323,167604,1665,65.778
Meta Ads,2022-02-19,CAMPAIGN124323,65747,893,34.548
Meta Ads,2022-02-20,CAMPAIGN124323,58610,633,23.73
Meta Ads,2022-02-21,CAMPAIGN124323,44474,372,13.772
Meta Ads,2022-02-22,CAMPAIGN124323,43758,620,25.496
Meta Ads,2022-02-23,CAMPAIGN124323,34424,396,14.296
Meta Ads,2022-02-24,CAMPAIGN124323,23880,256,9.518
Meta Ads,2022-02-25,CAMPAIGN124323,19448,169,5.034
Meta Ads,2022-02-26,CAMPAIGN124323,8562,78,2.676
Meta Ads,2022-02-27,CAMPAIGN124237,269391,3559,151.906
Meta Ads,2022-02-28,CAMPAIGN124237,263345,2562,109.284
Meta Ads,2022-03-01,CAMPAIGN124237,253906,2584,112.974
Meta Ads,2022-03-02,CAMPAIGN124237,126432,1436,63.102
Meta Ads,2022-03-03,CAMPAIGN124237,124587,1582,66.76
Meta Ads,2022-03-04,CAMPAIGN124237,102160,996,42.388
Meta Ads,2022-03-05,CAMPAIGN124237,69702,655,31.008
Meta Ads,2022-03-06,CAMPAIGN124237,52510,463,16.444
Meta Ads,2022-03-07,CAMPAIGN124237,47521,414,15.902
Meta Ads,2022-03-08,CAMPAIGN124237,25075,256,8.406
Meta Ads,2022-03-09,CAMPAIGN124237,21954,248,9.674
Meta Ads,2022-03-10,CAMPAIGN124237,11470,144,6.092
Meta Ads,2022-03-11,CAMPAIGN124237,10690,147,5.942
Meta Ads,2022-03-12,CAMPAIGN124237,8766,113,4.132
Meta Ads,2022-03-13,CAMPAIGN124237,5032,52,1.728
Meta Ads,2022-03-14,CAMPAIGN124237,4886,37,1.334
Meta Ads,2022-03-15,CAMPAIGN124237,1767,18,0.724
Meta Ads,2022-03-16,CAMPAIGN124341,168535,1362,48.764
Meta Ads,2022-03-17,CAMPAIGN124341,150102,1524,60.326
Meta Ads,2022-03-18,CAMPAIGN124341,139265,822,40.844
Meta Ads,2022-03-19,CAMPAIGN124341,103820,714,33.63
Meta Ads,2022-03-20,CAMPAIGN124341,94632,567,29.848
Meta Ads,2022-03-21,CAMPAIGN124341,81394,605,20.784
Meta Ads,2022-03-22,CAMPAIGN124341,69366,520,17.698
Meta Ads,2022-03-23,CAMPAIGN124341,60635,547,19.204
Meta Ads,2022-03-24,CAMPAIGN124341,56455,352,13.002
Meta Ads,2022-03-25,CAMPAIGN124341,50958,717,22.566
Meta Ads,2022-03-26,CAMPAIGN124341,50391,688,24.854
Meta Ads,2022-03-27,CAMPAIGN124341,34865,171,9.032
Meta Ads,2022-03-28,CAMPAIGN124341,24112,208,7.11
Meta Ads,2022-03-29,CAMPAIGN124341,23789,133,6.898
Meta Ads,2022-03-30,CAMPAIGN124341,21849,479,17.64
Meta Ads,2022-03-31,CAMPAIGN124341,21173,96,4.528
Meta Ads,2022-04-01,CAMPAIGN124341,18961,291,10.038
Meta Ads,2022-04-02,CAMPAIGN124341,7785,62,2.06
Meta Ads,2022-04-03,CAMPAIGN124341,3392,35,1.678
Meta Ads,2022-04-04,CAMPAIGN124341,1196,5,0.292
Meta Ads,2022-04-05,CAMPAIGN124349,158510,6182,50.562
Meta Ads,2022-04-06,CAMPAIGN124349,140310,3199,26.986
Meta Ads,2022-04-07,CAMPAIGN124349,122169,2688,24.4
Meta Ads,2022-04-08,CAMPAIGN124349,107267,3585,23.978
Meta Ads,2022-04-09,CAMPAIGN124349,76142,2762,18.358
Meta Ads,2022-04-10,CAMPAIGN124349,38173,764,6.998
Meta Ads,2022-04-11,CAMPAIGN124349,34666,1030,9.014
Meta Ads,2022-04-12,CAMPAIGN124349,27014,585,6.212
Meta Ads,2022-04-13,CAMPAIGN124349,19666,367,3.968
Meta Ads,2022-04-14,CAMPAIGN124349,12813,416,4.202
Meta Ads,2022-04-15,CAMPAIGN124349,7589,265,2.51
Meta Ads,2022-04-16,CAMPAIGN124349,5913,114,1.232
Meta Ads,2022-04-17,CAMPAIGN124349,1852,40,0.442
Meta Ads,2022-04-18,CAMPAIGN124349,1650,40,0.48
Meta Ads,2022-04-19,CAMPAIGN124349,1378,27,0.266
Meta Ads,2022-04-20,CAMPAIGN124349,756,11,0.104
Meta Ads,2022-04-21,CAMPAIGN124349,443,20,0.136
Meta Ads,2022-04-22,CAMPAIGN124349,289,5,0.104
Meta Ads,2022-04-23,CAMPAIGN124349,262,12,0.126
Meta Ads,2022-04-24,CAMPAIGN124349,208,2,0.022
Meta Ads,2022-04-25,CAMPAIGN124349,200,1,0.008
Meta Ads,2022-04-26,CAMPAIGN124349,195,1,0.026
Meta Ads,2022-04-27,CAMPAIGN124349,171,1,0.024
Meta Ads,2022-04-28,CAMPAIGN124349,155,0,0.016
Meta Ads,2022-04-29,CAMPAIGN124349,144,0,0.014
Meta Ads,2022-04-30,CAMPAIGN124349,126,1,0.012
Meta Ads,2022-05-01,CAMPAIGN123986,555767,6853,69.4640002
Meta Ads,2022-05-02,CAMPAIGN123986,474781,5303,56.0879996
Meta Ads,2022-05-03,CAMPAIGN123986,28383,467,5.684
Meta Ads,2022-05-04,CAMPAIGN123986,27288,432,4.444
Meta Ads,2022-05-05,CAMPAIGN123907,666640,9341,68.2659998
Meta Ads,2022-05-06,CAMPAIGN123907,246016,3520,27.958
Meta Ads,2022-05-07,CAMPAIGN123907,20469,433,3.526
Meta Ads,2022-05-08,CAMPAIGN123907,10247,239,2.172
Meta Ads,2022-05-09,CAMPAIGN123964,574919,5120,45.53
Meta Ads,2022-05-10,CAMPAIGN123964,497406,4290,38.622
Meta Ads,2022-05-11,CAMPAIGN123964,29294,371,3.81
Meta Ads,2022-05-12,CAMPAIGN123964,15747,147,1.802
Meta Ads,2022-05-13,CAMPAIGN124297,213046,1965,26.898
Meta Ads,2022-05-14,CAMPAIGN124297,206380,1749,21.89
Meta Ads,2022-05-15,CAMPAIGN124297,7737,143,1.594
Meta Ads,2022-05-16,CAMPAIGN124297,5209,72,1.074
Meta Ads,2022-05-17,CAMPAIGN124236,270164,2716,26.3279996
Meta Ads,2022-05-18,CAMPAIGN124236,215320,2048,20.602
Meta Ads,2022-05-19,CAMPAIGN124236,15411,257,2.71
Meta Ads,2022-05-20,CAMPAIGN124236,11551,128,1.492
Meta Ads,2022-05-21,CAMPAIGN124286,218999,1269,30.2760004
Meta Ads,2022-05-22,CAMPAIGN124286,96547,551,14.446
Meta Ads,2022-05-23,CAMPAIGN124286,3572,23,0.812
Meta Ads,2022-05-24,CAMPAIGN124286,2161,17,0.62
Meta Ads,2022-05-25,CAMPAIGN124483,58744,1190,28.106
Meta Ads,2022-05-26,CAMPAIGN124483,45784,1265,21.428
Meta Ads,2022-05-27,CAMPAIGN124483,37827,763,19.668
Meta Ads,2022-05-28,CAMPAIGN124483,37571,1172,18.084
Meta Ads,2022-05-29,CAMPAIGN124483,33391,1063,26.73
Meta Ads,2022-05-30,CAMPAIGN124483,30161,274,8.416
Meta Ads,2022-05-31,CAMPAIGN124483,28592,314,8.992
Meta Ads,2022-06-01,CAMPAIGN124483,20329,292,7.228
Meta Ads,2022-06-02,CAMPAIGN124483,17155,148,4.732
Meta Ads,2022-06-03,CAMPAIGN124483,11055,119,3.008
Meta Ads,2022-06-04,CAMPAIGN124483,2599,21,0.848
Meta Ads,2022-06-05,CAMPAIGN124483,2218,29,0.876
Meta Ads,2022-06-06,CAMPAIGN124483,1481,21,0.588
Meta Ads,2022-06-07,CAMPAIGN124483,1474,38,0.778
Meta Ads,2022-06-08,CAMPAIGN124483,353,3,0.06
Meta Ads,2022-06-09,CAMPAIGN124483,216,1,0.058
Meta Ads,2022-06-10,CAMPAIGN124056,470653,12750,80.236
Meta Ads,2022-06-11,CAMPAIGN124056,381891,12506,98.762
Meta Ads,2022-06-12,CAMPAIGN124056,281711,7547,45.55
Meta Ads,2022-06-13,CAMPAIGN124056,85159,1259,12.462
Meta Ads,2022-06-14,CAMPAIGN124056,59888,938,7.234
Meta Ads,2022-06-15,CAMPAIGN124056,51195,1106,10.87
Meta Ads,2022-06-16,CAMPAIGN124056,50384,830,9.206
Meta Ads,2022-06-17,CAMPAIGN124056,41269,1022,10.008
Meta Ads,2022-06-18,CAMPAIGN124056,38892,566,4.55
Meta Ads,2022-06-19,CAMPAIGN124056,32464,451,3.738
Meta Ads,2022-06-20,CAMPAIGN124056,30860,514,4.3
Meta Ads,2022-06-21,CAMPAIGN124056,21675,369,3.666
Meta Ads,2022-06-22,CAMPAIGN124056,10738,177,1.858
Meta Ads,2022-06-23,CAMPAIGN124056,3349,44,0.478
Meta Ads,2022-06-24,CAMPAIGN124056,2887,60,0.6
Meta Ads,2022-06-25,CAMPAIGN124056,390,4,0.058
Meta Ads,2022-06-26,CAMPAIGN124056,286,2,0.024
Meta Ads,2022-06-27,CAMPAIGN124134,378193,12349,94.21
Meta Ads,2022-06-28,CAMPAIGN124134,242158,9477,53.89
Meta Ads,2022-06-29,CAMPAIGN124134,223513,6876,58.034
Meta Ads,2022-06-30,CAMPAIGN124134,93962,1908,15.2959998
Meta Ads,2022-07-01,CAMPAIGN124134,85880,4529,34.43
Meta Ads,2022-07-02,CAMPAIGN124134,77203,4136,30.964
Meta Ads,2022-07-03,CAMPAIGN124134,67162,2410,19.662
Meta Ads,2022-07-04,CAMPAIGN124134,66245,4959,25.284
Meta Ads,2022-07-05,CAMPAIGN124134,63466,2878,16.392
Meta Ads,2022-07-06,CAMPAIGN124134,55203,5243,25.578
Meta Ads,2022-07-07,CAMPAIGN124134,53616,875,7.636
Meta Ads,2022-07-08,CAMPAIGN124134,52765,3277,18.242
Meta Ads,2022-07-09,CAMPAIGN124134,37980,3372,15.684
Meta Ads,2022-07-10,CAMPAIGN124134,35453,997,10.256
Meta Ads,2022-07-11,CAMPAIGN124134,33454,856,6.158
Meta Ads,2022-07-12,CAMPAIGN124134,27658,1439,12.008
Meta Ads,2022-07-13,CAMPAIGN124134,19959,285,1.956
Meta Ads,2022-07-14,CAMPAIGN124134,16338,231,1.726
Meta Ads,2022-07-15,CAMPAIGN124134,12980,301,2.958
Meta Ads,2022-07-16,CAMPAIGN124134,10645,389,3.494
Meta Ads,2022-07-17,CAMPAIGN124134,7717,197,1.884
Meta Ads,2022-07-18,CAMPAIGN124134,6334,170,1.936
Meta Ads,2022-07-19,CAMPAIGN124134,4252,161,1.41
Meta Ads,2022-07-20,CAMPAIGN124134,4249,173,1.538
Meta Ads,2022-07-21,CAMPAIGN124134,3544,98,0.948
Meta Ads,2022-07-22,CAMPAIGN124134,3518,115,1.146
Meta Ads,2022-07-23,CAMPAIGN124134,3471,128,1.362
Meta Ads,2022-07-24,CAMPAIGN124134,3312,98,0.916
Meta Ads,2022-07-25,CAMPAIGN124134,2360,124,1.16
Meta Ads,2022-07-26,CAMPAIGN124134,2250,73,0.8
Meta Ads,2022-07-27,CAMPAIGN124134,1890,106,0.952
Meta Ads,2022-07-28,CAMPAIGN124134,1461,52,0.716
Meta Ads,2022-07-29,CAMPAIGN124134,775,30,0.234
Meta Ads,2022-07-30,CAMPAIGN124134,665,26,0.208
Meta Ads,2022-07-31,CAMPAIGN124134,559,13,0.182
Meta Ads,2022-08-01,CAMPAIGN124134,252,6,0.068
Meta Ads,2022-08-02,CAMPAIGN124134,124,3,0.036
Meta Ads,2022-08-03,CAMPAIGN124134,115,2,0.046
Meta Ads,2022-08-04,CAMPAIGN124159,346872,14450,114.84
Meta Ads,2022-08-05,CAMPAIGN124159,247788,10202,64.892
Meta Ads,2022-08-06,CAMPAIGN124159,184248,5902,52.2320002
Meta Ads,2022-08-07,CAMPAIGN124159,174983,7833,59.628
Meta Ads,2022-08-08,CAMPAIGN124159,112675,5123,32.51
Meta Ads,2022-08-09,CAMPAIGN124159,81179,1263,8.564
Meta Ads,2022-08-10,CAMPAIGN124159,70690,3953,20.152
Meta Ads,2022-08-11,CAMPAIGN124159,67165,3173,16.722
Meta Ads,2022-08-12,CAMPAIGN124159,57722,1450,9.364
Meta Ads,2022-08-13,CAMPAIGN124159,51319,2785,14.516
Meta Ads,2022-08-14,CAMPAIGN124159,50973,3657,19.338
Meta Ads,2022-08-15,CAMPAIGN124159,47169,658,3.558
Meta Ads,2022-08-16,CAMPAIGN124159,39528,557,3.956
Meta Ads,2022-08-17,CAMPAIGN124159,38923,573,4.41
Meta Ads,2022-08-18,CAMPAIGN124159,26401,799,6.472
Meta Ads,2022-08-19,CAMPAIGN124159,20576,689,7.088
Meta Ads,2022-08-20,CAMPAIGN124159,18101,493,3.474
Meta Ads,2022-08-21,CAMPAIGN124159,15633,673,5.408
Meta Ads,2022-08-22,CAMPAIGN124159,14964,221,1.358
Meta Ads,2022-08-23,CAMPAIGN124159,13046,480,3.384
Meta Ads,2022-08-24,CAMPAIGN124159,12867,392,3.358
Meta Ads,2022-08-25,CAMPAIGN124159,11170,427,3.672
Meta Ads,2022-08-26,CAMPAIGN124159,11033,353,3.63
Meta Ads,2022-08-27,CAMPAIGN124159,8446,250,1.692
Meta Ads,2022-08-28,CAMPAIGN124159,4019,134,1.088
Meta Ads,2022-08-29,CAMPAIGN124159,3102,139,1.116
Meta Ads,2022-08-30,CAMPAIGN124159,3022,127,1.122
Meta Ads,2022-08-31,CAMPAIGN124159,2815,112,0.858
Meta Ads,2022-09-01,CAMPAIGN124159,1084,45,0.36
Meta Ads,2022-09-02,CAMPAIGN124159,997,41,0.348
Meta Ads,2022-09-03,CAMPAIGN124159,450,13,0.128
Meta Ads,2022-09-04,CAMPAIGN124159,306,20,0.09
Meta Ads,2022-09-05,CAMPAIGN124159,288,5,0.064
Meta Ads,2022-09-06,CAMPAIGN124159,29,0,0.004
Meta Ads,2022-09-07,CAMPAIGN124159,27,0,0.004
Meta Ads,2022-09-08,CAMPAIGN124159,18,1,0.0
Meta Ads,2022-09-09,CAMPAIGN124094,430071,8549,119.68
Meta Ads,2022-09-10,CAMPAIGN124094,172252,2653,35.262
Meta Ads,2022-09-11,CAMPAIGN124094,43974,773,10.498
Meta Ads,2022-09-12,CAMPAIGN124094,25750,337,5.022
Meta Ads,2022-09-13,CAMPAIGN124094,17630,237,3.538
Meta Ads,2022-09-14,CAMPAIGN123483,2057255,5522,290.3259994
Meta Ads,2022-09-15,CAMPAIGN123483,117550,428,30.1
Meta Ads,2022-09-16,CAMPAIGN123483,72932,274,20.634
Meta Ads,2022-09-17,CAMPAIGN123483,49130,199,18.7279994
Meta Ads,2022-09-18,CAMPAIGN123483,7469,27,3.9140002
Meta Ads,2022-09-19,CAMPAIGN123483,6945,18,5.058
Meta Ads,2022-09-20,CAMPAIGN123214,6856183,16705,785.14
Meta Ads,2022-09-21,CAMPAIGN123214,445492,1091,77.9380004
Meta Ads,2022-09-22,CAMPAIGN123214,308049,1109,65.8459996
Meta Ads,2022-09-23,CAMPAIGN123214,33905,106,9.63
Meta Ads,2022-09-24,CAMPAIGN123214,8243,39,3.802
Meta Ads,2022-09-25,CAMPAIGN123214,6494,33,2.844
Meta Ads,2022-09-26,CAMPAIGN124227,283777,338,38.532
Meta Ads,2022-09-27,CAMPAIGN124227,86998,131,24.034
Meta Ads,2022-09-28,CAMPAIGN124227,36710,73,8.09
Meta Ads,2022-09-29,CAMPAIGN124227,8866,16,4.702
Meta Ads,2022-09-30,CAMPAIGN124227,3802,4,2.66
Meta Ads,2022-10-01,CAMPAIGN124227,2365,3,1.57
Meta Ads,2022-10-02,CAMPAIGN124000,539471,1226,83.9320002
Meta Ads,2022-10-03,CAMPAIGN124000,43076,114,10.88
Meta Ads,2022-10-04,CAMPAIGN124000,26511,64,7.226
Meta Ads,2022-10-05,CAMPAIGN124000,6987,25,4.4000002
Meta Ads,2022-10-06,CAMPAIGN124000,2499,4,1.496
Meta Ads,2022-10-07,CAMPAIGN124000,1274,3,0.806
Meta Ads,2022-10-08,CAMPAIGN123502,1976345,4421,210.0339992
Meta Ads,2022-10-09,CAMPAIGN123502,101766,267,14.778
Meta Ads,2022-10-10,CAMPAIGN123502,59236,176,11.362
Meta Ads,2022-10-11,CAMPAIGN123502,883,2,0.178
Meta Ads,2022-10-12,CAMPAIGN123502,304,1,0.06
Meta Ads,2022-10-13,CAMPAIGN123502,247,0,0.082
Meta Ads,2022-10-14,CAMPAIGN123470,2135064,4735,206.4560004
Meta Ads,2022-10-15,CAMPAIGN123470,164506,474,21.7660002
Meta Ads,2022-10-16,CAMPAIGN123470,115413,342,19.092
Meta Ads,2022-10-17,CAMPAIGN123470,503,2,0.146
Meta Ads,2022-10-18,CAMPAIGN123470,148,0,0.044
Meta Ads,2022-10-19,CAMPAIGN123470,105,0,0.036
Meta Ads,2022-10-20,CAMPAIGN124079,443703,235,28.8
Meta Ads,2022-10-21,CAMPAIGN123723,1069780,679,73.3999998
Meta Ads,2022-10-22,CAMPAIGN123782,894915,655,61.736
Meta Ads,2022-10-23,CAMPAIGN123782,600877,363,40.664
Meta Ads,2022-10-24,CAMPAIGN123812,831420,659,58.49
Meta Ads,2022-10-25,CAMPAIGN123812,408791,268,28.51
Meta Ads,2022-10-26,CAMPAIGN123793,872388,3326,193.1999992
Meta Ads,2022-10-27,CAMPAIGN123793,368362,3873,108.852
Meta Ads,2022-10-28,CAMPAIGN123793,255724,2587,71.416
Meta Ads,2022-10-29,CAMPAIGN123793,32736,460,12.932
Meta Ads,2022-10-30,CAMPAIGN123285,4699778,62657,1323.156
Meta Ads,2022-10-31,CAMPAIGN123285,281564,2403,53.14
Meta Ads,2022-11-01,CAMPAIGN123285,217505,3114,112.904
Meta Ads,2022-11-02,CAMPAIGN123244,5748078,15480,4494.979999
Meta Ads,2022-11-03,CAMPAIGN123244,955934,6887,747.5279998
Meta Ads,2022-11-04,CAMPAIGN123244,353884,645,276.7299998
Meta Ads,2022-11-05,CAMPAIGN123244,334877,3500,261.86
Meta Ads,2022-11-06,CAMPAIGN123244,324345,3199,253.6280004
Meta Ads,2022-11-07,CAMPAIGN123244,103781,359,81.148
Meta Ads,2022-11-08,CAMPAIGN123244,84557,270,66.1119994
Meta Ads,2022-11-09,CAMPAIGN123244,15590,29,12.18
Meta Ads,2022-11-10,CAMPAIGN123233,6151933,11283,4638.543998
Meta Ads,2022-11-11,CAMPAIGN123233,1789519,5469,1349.284
Meta Ads,2022-11-12,CAMPAIGN123233,366427,658,276.2779998
Meta Ads,2022-11-13,CAMPAIGN123233,170852,800,128.8120002
Meta Ads,2022-11-14,CAMPAIGN123233,134856,857,101.674
Meta Ads,2022-11-15,CAMPAIGN123233,117761,263,88.7819992
Meta Ads,2022-11-16,CAMPAIGN123233,57830,107,43.596
Meta Ads,2022-11-17,CAMPAIGN123233,18173,32,13.694
Meta Ads,2022-11-18,CAMPAIGN123152,14370112,95501,7846.067999
Meta Ads,2022-11-19,CAMPAIGN123152,3044355,29841,1662.208001
Meta Ads,2022-11-20,CAMPAIGN123152,1220457,4703,666.3579998
Meta Ads,2022-11-21,CAMPAIGN123152,1019349,15066,556.556001
Meta Ads,2022-11-22,CAMPAIGN123152,760927,7559,415.454
Meta Ads,2022-11-23,CAMPAIGN123152,481700,5150,262.9959994
Meta Ads,2022-11-24,CAMPAIGN123152,324893,4883,177.3799998
Meta Ads,2022-11-25,CAMPAIGN123152,61784,904,33.722
Meta Ads,2022-11-26,CAMPAIGN124280,226549,3385,31.624
Meta Ads,2022-11-27,CAMPAIGN124280,68551,1106,9.59
Meta Ads,2022-11-28,CAMPAIGN124124,393966,3606,249.754
Meta Ads,2022-11-29,CAMPAIGN124124,326691,2176,207.0980004
Meta Ads,2022-11-30,CAMPAIGN124124,163977,525,103.9499998
Meta Ads,2022-12-01,CAMPAIGN124124,77504,400,49.1240002
Meta Ads,2022-12-02,CAMPAIGN124124,36926,1024,23.4020002
Meta Ads,2022-12-03,CAMPAIGN124124,36293,266,23.002
Meta Ads,2022-12-04,CAMPAIGN124124,15404,108,9.754
Meta Ads,2022-12-05,CAMPAIGN124124,7159,25,4.532
Meta Ads,2022-12-06,CAMPAIGN123762,963571,10854,458.644
Meta Ads,2022-12-07,CAMPAIGN123762,442159,3879,210.4520002
Meta Ads,2022-12-08,CAMPAIGN123762,391675,2630,186.42
Meta Ads,2022-12-09,CAMPAIGN123762,101101,973,48.11
Meta Ads,2022-12-10,CAMPAIGN123762,94532,589,44.986
Meta Ads,2022-12-11,CAMPAIGN123762,63008,1792,29.984
Meta Ads,2022-12-12,CAMPAIGN123762,33819,283,16.088
Meta Ads,2022-12-13,CAMPAIGN123762,9518,78,4.522
Meta Ads,2022-12-14,CAMPAIGN123795,866452,5886,374.2920002
Meta Ads,2022-12-15,CAMPAIGN123795,697400,5454,301.2580002
Meta Ads,2022-12-16,CAMPAIGN123795,442233,3839,191.026
Meta Ads,2022-12-17,CAMPAIGN123795,324987,1783,140.3839998
Meta Ads,2022-12-18,CAMPAIGN123795,122938,3359,53.102
Meta Ads,2022-12-19,CAMPAIGN123795,120270,1019,51.948
Meta Ads,2022-12-20,CAMPAIGN123795,48531,322,20.956
Meta Ads,2022-12-21,CAMPAIGN123795,11781,82,5.078
Meta Ads,2022-12-22,CAMPAIGN123872,714616,9501,620.264
Meta Ads,2022-12-23,CAMPAIGN123872,281236,2150,244.078
Meta Ads,2022-12-24,CAMPAIGN123872,239745,3394,208.0740002
Meta Ads,2022-12-25,CAMPAIGN123872,109920,997,95.392
Meta Ads,2022-12-26,CAMPAIGN123872,108502,599,94.158
Meta Ads,2022-12-27,CAMPAIGN123872,84217,2368,73.078
Meta Ads,2022-12-28,CAMPAIGN123872,21085,215,18.28
Meta Ads,2022-12-29,CAMPAIGN123872,12923,84,11.206
Meta Ads,2022-12-30,CAMPAIGN123192,7767383,100539,1389.373999
Meta Ads,2022-12-31,CAMPAIGN123192,2454465,35165,449.0919994
Meta Ads,2022-01-01,CAMPAIGN123192,185186,2218,41.1220004
Meta Ads,2022-01-02,CAMPAIGN123521,1884052,18877,631.5699996
Meta Ads,2022-01-03,CAMPAIGN123521,781657,8550,262.754001
Meta Ads,2022-01-04,CAMPAIGN123521,48841,516,15.676
Meta Ads,2022-01-05,CAMPAIGN123521,11579,91,4.55
Meta Ads,2022-01-06,CAMPAIGN123521,9960,76,3.752
Meta Ads,2022-01-07,CAMPAIGN124194,313636,1791,76.69
Meta Ads,2022-01-08,CAMPAIGN124194,228447,1851,44.194
Meta Ads,2022-01-09,CAMPAIGN124194,147015,1662,42.502
Meta Ads,2022-01-10,CAMPAIGN124194,114195,815,30.0139998
Meta Ads,2022-01-11,CAMPAIGN123749,998367,1576,168.41
Meta Ads,2022-01-12,CAMPAIGN123749,451407,1038,75.7859998
Meta Ads,2022-01-13,CAMPAIGN123749,184127,506,31.196
Meta Ads,2022-01-14,CAMPAIGN123749,118505,322,14.808
Meta Ads,2022-01-15,CAMPAIGN123609,1468223,7657,169.1640006
Meta Ads,2022-01-16,CAMPAIGN123609,1457696,7504,121.37
Meta Ads,2022-01-17,CAMPAIGN123609,612662,2945,61.056
Meta Ads,2022-01-18,CAMPAIGN123609,370179,1570,29.21
Meta Ads,2022-01-19,CAMPAIGN123430,2462151,5860,203.8319998
Meta Ads,2022-01-20,CAMPAIGN123430,1494190,1239,101.782
Meta Ads,2022-01-21,CAMPAIGN123430,1188224,3467,96.8080002
Meta Ads,2022-01-22,CAMPAIGN123430,1158588,3384,81.178
Meta Ads,2022-01-23,CAMPAIGN123761,964927,3695,132.186
Meta Ads,2022-01-24,CAMPAIGN123761,547196,3424,70.608
Meta Ads,2022-01-25,CAMPAIGN123761,451210,2625,46.4240002
Meta Ads,2022-01-26,CAMPAIGN123761,439812,2079,44.782
Meta Ads,2022-01-27,CAMPAIGN123309,4206760,10772,325.21
Meta Ads,2022-01-28,CAMPAIGN123309,2266849,9089,131.8920004
Meta Ads,2022-01-29,CAMPAIGN123309,910409,3840,65.006
Meta Ads,2022-01-30,CAMPAIGN123309,837355,3483,49.092
Meta Ads,2022-01-31,CAMPAIGN124458,78239,2127,22.844
Meta Ads,2022-02-01,CAMPAIGN124458,55304,1532,15.236
Meta Ads,2022-02-02,CAMPAIGN124458,28477,569,6.328
Meta Ads,2022-02-03,CAMPAIGN124458,25694,280,14.578
Meta Ads,2022-02-04,CAMPAIGN124458,15254,312,4.46
Meta Ads,2022-02-05,CAMPAIGN124458,13251,176,7.564
Meta Ads,2022-02-06,CAMPAIGN124458,12045,267,3.412
Meta Ads,2022-02-07,CAMPAIGN124458,9487,238,2.918
Meta Ads,2022-02-08,CAMPAIGN124458,9109,93,4.07
Meta Ads,2022-02-09,CAMPAIGN124458,8124,110,3.168
Meta Ads,2022-02-10,CAMPAIGN124458,5296,72,2.414
Meta Ads,2022-02-11,CAMPAIGN124458,3161,54,1.044
Meta Ads,2022-02-12,CAMPAIGN124458,2961,23,0.992
Meta Ads,2022-02-13,CAMPAIGN124458,2803,56,0.612
Meta Ads,2022-02-14,CAMPAIGN124458,1595,10,0.784
Meta Ads,2022-02-15,CAMPAIGN124458,1258,10,0.538
Meta Ads,2022-02-16,CAMPAIGN124458,1155,27,0.302
Meta Ads,2022-02-17,CAMPAIGN124458,897,7,0.336
Meta Ads,2022-02-18,CAMPAIGN124451,83009,2947,30.246
Meta Ads,2022-02-19,CAMPAIGN124451,63925,2086,23.364
Meta Ads,2022-02-20,CAMPAIGN124451,31477,703,10.34
Meta Ads,2022-02-21,CAMPAIGN124451,25333,332,13.862
Meta Ads,2022-02-22,CAMPAIGN124451,22991,274,8.878
Meta Ads,2022-02-23,CAMPAIGN124451,21761,260,10.812
Meta Ads,2022-02-24,CAMPAIGN124451,19075,525,5.846
Meta Ads,2022-02-25,CAMPAIGN124451,12797,397,4.94
Meta Ads,2022-02-26,CAMPAIGN124451,11851,113,4.94
Meta Ads,2022-02-27,CAMPAIGN124451,10970,153,3.984
Meta Ads,2022-02-28,CAMPAIGN124451,8141,120,3.504
Meta Ads,2022-03-01,CAMPAIGN124451,5850,193,2.426
Meta Ads,2022-03-01,CAMPAIGN124451,3760,85,1.15
Meta Ads,2022-03-02,CAMPAIGN124451,2807,86,1.346
Meta Ads,2022-03-03,CAMPAIGN124451,2265,17,1.046
Meta Ads,2022-03-04,CAMPAIGN124451,1952,15,0.786
Meta Ads,2022-03-05,CAMPAIGN124451,1218,9,0.426
Meta Ads,2022-03-06,CAMPAIGN124451,840,23,0.304
Meta Ads,2022-03-07,CAMPAIGN124131,379458,14863,118.08
Meta Ads,2022-03-08,CAMPAIGN124131,341399,13300,104.05
Meta Ads,2022-03-09,CAMPAIGN124131,109875,2117,64.542
Meta Ads,2022-03-10,CAMPAIGN124131,92034,2629,26.114
Meta Ads,2022-03-11,CAMPAIGN124131,68656,2278,16.47
Meta Ads,2022-03-12,CAMPAIGN124131,56445,1031,20.394
Meta Ads,2022-03-13,CAMPAIGN124131,49497,1556,13.752
Meta Ads,2022-03-14,CAMPAIGN124131,41187,682,19.364
Meta Ads,2022-03-15,CAMPAIGN124131,37725,703,21.512
Meta Ads,2022-03-16,CAMPAIGN124131,27665,387,10.05
Meta Ads,2022-03-17,CAMPAIGN124131,25843,503,12.384
Meta Ads,2022-03-18,CAMPAIGN124131,24333,854,8.412
Meta Ads,2022-03-19,CAMPAIGN124131,15368,277,5.91
Meta Ads,2022-03-20,CAMPAIGN124131,12910,240,4.184
Meta Ads,2022-03-21,CAMPAIGN124131,10492,137,3.952
Meta Ads,2022-03-22,CAMPAIGN124131,8748,343,3.252
Meta Ads,2022-03-23,CAMPAIGN124131,6426,160,1.556
Meta Ads,2022-03-24,CAMPAIGN124131,5533,104,2.298
Meta Ads,2022-03-25,CAMPAIGN124131,5260,100,2.47
Meta Ads,2022-03-26,CAMPAIGN124131,5157,88,2.394
Meta Ads,2022-03-27,CAMPAIGN124131,3841,57,1.634
Meta Ads,2022-03-28,CAMPAIGN124131,3320,56,1.672
Meta Ads,2022-03-29,CAMPAIGN124131,1374,33,0.7
Meta Ads,2022-03-30,CAMPAIGN124131,1283,42,0.376
Meta Ads,2022-03-31,CAMPAIGN124131,1236,17,0.454
Meta Ads,2022-04-01,CAMPAIGN124131,940,12,0.42
Meta Ads,2022-04-02,CAMPAIGN124131,646,5,0.24
Meta Ads,2022-04-03,CAMPAIGN124131,435,0,0.18
Meta Ads,2022-04-04,CAMPAIGN124131,368,2,0.17
Meta Ads,2022-04-05,CAMPAIGN124131,287,3,0.148
Meta Ads,2022-04-06,CAMPAIGN124131,269,3,0.124
Meta Ads,2022-04-07,CAMPAIGN124131,258,5,0.166
Meta Ads,2022-04-08,CAMPAIGN124131,117,1,0.058
Meta Ads,2022-04-09,CAMPAIGN124131,103,1,0.046
Meta Ads,2022-04-10,CAMPAIGN124131,97,1,0.054
Meta Ads,2022-04-11,CAMPAIGN124131,46,0,0.018
Meta Ads,2022-04-12,CAMPAIGN124514,27017,1009,11.936
Meta Ads,2022-04-13,CAMPAIGN124514,14315,543,6.544
Meta Ads,2022-04-14,CAMPAIGN124514,8573,221,6.784
Meta Ads,2022-04-15,CAMPAIGN124514,6082,182,2.522
Meta Ads,2022-04-16,CAMPAIGN124514,4659,114,3.742
Meta Ads,2022-04-17,CAMPAIGN124514,3599,114,1.498
Meta Ads,2022-04-18,CAMPAIGN124514,2390,30,1.336
Meta Ads,2022-04-19,CAMPAIGN124514,2080,28,1.112
Meta Ads,2022-04-20,CAMPAIGN124514,1217,45,0.594
Meta Ads,2022-04-21,CAMPAIGN124514,667,12,0.498
Meta Ads,2022-04-22,CAMPAIGN124514,560,5,0.332
Meta Ads,2022-04-23,CAMPAIGN124514,514,21,0.264
Meta Ads,2022-04-24,CAMPAIGN124514,326,3,0.19
Meta Ads,2022-04-25,CAMPAIGN124514,48,2,0.046
Meta Ads,2022-04-26,CAMPAIGN124514,6,0,0.002
Meta Ads,2022-04-27,CAMPAIGN124333,173126,7078,72.306
Meta Ads,2022-04-28,CAMPAIGN124333,57528,2948,30.024
Meta Ads,2022-04-29,CAMPAIGN124333,25927,576,24.824
Meta Ads,2022-04-30,CAMPAIGN124333,22537,756,9.55
Meta Ads,2022-05-01,CAMPAIGN124333,16581,335,13.348
Meta Ads,2022-05-02,CAMPAIGN124333,10073,170,5.93
Meta Ads,2022-05-03,CAMPAIGN124333,9986,205,6.554
Meta Ads,2022-05-04,CAMPAIGN124333,8164,159,7.478
Meta Ads,2022-05-05,CAMPAIGN124333,6396,134,3.968
Meta Ads,2022-05-06,CAMPAIGN124333,3545,68,2.44
Meta Ads,2022-05-07,CAMPAIGN124333,3476,168,1.862
Meta Ads,2022-05-08,CAMPAIGN124333,2452,79,0.968
Meta Ads,2022-05-09,CAMPAIGN124333,1857,87,1.118
Meta Ads,2022-05-10,CAMPAIGN124333,1499,17,1.002
Meta Ads,2022-05-11,CAMPAIGN124333,1498,34,0.986
Meta Ads,2022-05-12,CAMPAIGN124333,1238,23,0.924
Meta Ads,2022-05-13,CAMPAIGN124333,615,8,0.384
Meta Ads,2022-05-14,CAMPAIGN124333,572,23,0.352
Meta Ads,2022-05-15,CAMPAIGN124333,461,7,0.196
Meta Ads,2022-05-16,CAMPAIGN124333,407,9,0.192
Meta Ads,2022-05-17,CAMPAIGN124333,301,8,0.12
Meta Ads,2022-05-18,CAMPAIGN124333,268,0,0.142
Meta Ads,2022-05-19,CAMPAIGN124333,167,1,0.114
Meta Ads,2022-05-20,CAMPAIGN124333,137,2,0.1
Meta Ads,2022-05-21,CAMPAIGN124333,135,1,0.124
Meta Ads,2022-05-22,CAMPAIGN124333,113,0,0.078
Meta Ads,2022-05-23,CAMPAIGN124333,95,0,0.054
Meta Ads,2022-05-24,CAMPAIGN124333,74,4,0.032
Meta Ads,2022-05-25,CAMPAIGN124333,45,0,0.028
Meta Ads,2022-05-26,CAMPAIGN124333,14,0,0.002
Meta Ads,2022-05-27,CAMPAIGN124144,365087,15977,52.398
Meta Ads,2022-05-28,CAMPAIGN123887,694157,21652,89.5939998
Meta Ads,2022-05-29,CAMPAIGN124251,259346,9895,33.06
Meta Ads,2022-05-30,CAMPAIGN124269,239624,3791,97.2000004
Meta Ads,2022-05-31,CAMPAIGN124487,55662,2698,42.03
Meta Ads,2022-06-01,CAMPAIGN124487,51542,2952,48.19
Meta Ads,2022-06-02,CAMPAIGN124487,21021,1107,18.168
Meta Ads,2022-06-03,CAMPAIGN124487,15077,753,11.606
Meta Ads,2022-06-04,CAMPAIGN124400,118941,8413,29.888
Meta Ads,2022-06-05,CAMPAIGN124400,76770,5705,23.084
Meta Ads,2022-06-06,CAMPAIGN124400,27384,2426,9.908
Meta Ads,2022-06-07,CAMPAIGN124400,27197,1767,6.916
Meta Ads,2022-06-08,CAMPAIGN124290,216472,19249,74.982
Meta Ads,2022-06-09,CAMPAIGN124290,173122,14620,62.262
Meta Ads,2022-06-10,CAMPAIGN124290,83578,9218,40.44
Meta Ads,2022-06-11,CAMPAIGN124290,55612,6160,27.91
Meta Ads,2022-06-12,CAMPAIGN123582,1609212,70613,425.9900002
Meta Ads,2022-06-13,CAMPAIGN123582,899597,49992,305.84
Meta Ads,2022-06-14,CAMPAIGN123582,865455,46259,281.496
Meta Ads,2022-06-15,CAMPAIGN123582,239975,14238,86.4740002
Meta Ads,2022-06-16,CAMPAIGN124480,61277,3099,27.332
Meta Ads,2022-06-17,CAMPAIGN124480,56043,3123,30.586
Meta Ads,2022-06-18,CAMPAIGN124480,38296,1875,17.714
Meta Ads,2022-06-19,CAMPAIGN124480,37191,1697,16.158
Meta Ads,2022-06-20,CAMPAIGN124413,111348,6989,29.392
Meta Ads,2022-06-21,CAMPAIGN124413,68740,4685,21.872
Meta Ads,2022-06-22,CAMPAIGN124413,35600,2553,11.766
Meta Ads,2022-06-23,CAMPAIGN124413,31291,1813,8.766
Meta Ads,2022-06-24,CAMPAIGN124455,81113,5158,18.2239998
Meta Ads,2022-06-25,CAMPAIGN124455,80307,6173,19.932
Meta Ads,2022-06-26,CAMPAIGN124455,29559,2855,9.956
Meta Ads,2022-06-27,CAMPAIGN124455,20100,1305,4.486
Meta Ads,2022-06-28,CAMPAIGN123694,1179130,14947,172.956
Meta Ads,2022-06-29,CAMPAIGN123694,2074,30,0.236
Meta Ads,2022-06-30,CAMPAIGN124429,98159,1574,23.202
Meta Ads,2022-07-01,CAMPAIGN124429,75785,161,11.994
Meta Ads,2022-07-02,CAMPAIGN124429,61228,1015,12.796
Meta Ads,2022-07-03,CAMPAIGN123730,1047657,4333,126.318
Meta Ads,2022-07-04,CAMPAIGN123730,975326,4249,99.682
Meta Ads,2022-07-05,CAMPAIGN123730,948175,3936,104.4259998
Meta Ads,2022-07-06,CAMPAIGN123730,381895,1122,43.778
Meta Ads,2022-07-07,CAMPAIGN123730,369766,1652,42.546
Meta Ads,2022-07-08,CAMPAIGN123730,203054,505,22.85
Meta Ads,2022-07-09,CAMPAIGN123962,576241,1501,65.874
Meta Ads,2022-07-10,CAMPAIGN123962,552083,3370,81.4360002
Meta Ads,2022-07-11,CAMPAIGN123962,472117,1222,50.326
Meta Ads,2022-07-12,CAMPAIGN123962,432468,2001,70.164
Meta Ads,2022-07-13,CAMPAIGN123885,697287,5282,166.884
Meta Ads,2022-07-14,CAMPAIGN123885,345581,2553,76.33
Meta Ads,2022-07-15,CAMPAIGN123885,83225,593,18.71
Meta Ads,2022-07-16,CAMPAIGN123885,49681,496,24.962
Meta Ads,2022-07-17,CAMPAIGN123885,170,1,0.044
Meta Ads,2022-07-18,CAMPAIGN123473,2097904,1385,199.7999996
Meta Ads,2022-07-19,CAMPAIGN123473,1038552,627,87.848
Meta Ads,2022-07-20,CAMPAIGN123473,461510,266,38.15
Meta Ads,2022-07-21,CAMPAIGN123473,127392,85,10.014
Meta Ads,2022-07-22,CAMPAIGN123473,39804,48,6.27
Meta Ads,2022-07-23,CAMPAIGN123305,4286878,11434,239.7999994
Meta Ads,2022-07-24,CAMPAIGN123305,2124771,5261,103.994
Meta Ads,2022-07-25,CAMPAIGN123305,962608,2388,45.82
Meta Ads,2022-07-26,CAMPAIGN123305,446314,1008,19.44
Meta Ads,2022-07-27,CAMPAIGN123305,24677,80,1.462
Meta Ads,2022-07-28,CAMPAIGN123811,831698,14955,164.572
Meta Ads,2022-07-29,CAMPAIGN123811,273208,6464,59.876
Meta Ads,2022-07-30,CAMPAIGN123811,139852,4594,44.444
Meta Ads,2022-07-31,CAMPAIGN123811,35383,763,11.816
Meta Ads,2022-08-01,CAMPAIGN123811,5122,271,2.404
Meta Ads,2022-08-02,CAMPAIGN123390,2880663,34389,341.4
Meta Ads,2022-08-03,CAMPAIGN123390,1019935,14969,122.136
Meta Ads,2022-08-04,CAMPAIGN123390,622769,10938,97.826
Meta Ads,2022-08-05,CAMPAIGN123390,79318,1212,17.078
Meta Ads,2022-08-06,CAMPAIGN123390,52615,1138,9.534
Meta Ads,2022-08-07,CAMPAIGN123184,8349944,23114,599.7999998
Meta Ads,2022-08-08,CAMPAIGN123184,4113584,11033,265.574
Meta Ads,2022-08-09,CAMPAIGN123184,1748691,5160,115.4160002
Meta Ads,2022-08-10,CAMPAIGN123184,623643,1496,40.34
Meta Ads,2022-08-11,CAMPAIGN123184,74797,461,8.936
Meta Ads,2022-08-12,CAMPAIGN123414,2649954,4478,199.8
Meta Ads,2022-08-13,CAMPAIGN123414,1349053,2421,92.3
Meta Ads,2022-08-14,CAMPAIGN123414,479368,866,34.062
Meta Ads,2022-08-15,CAMPAIGN123414,163402,254,12.004
Meta Ads,2022-08-16,CAMPAIGN123414,36687,165,4.636
Meta Ads,2022-08-17,CAMPAIGN123648,1334019,13519,241.1479998
Meta Ads,2022-08-18,CAMPAIGN123648,399166,4369,67.258
Meta Ads,2022-08-19,CAMPAIGN123648,318626,4299,69.976
Meta Ads,2022-08-20,CAMPAIGN123648,101271,1312,36.644
Meta Ads,2022-08-21,CAMPAIGN123648,221,4,0.06
Meta Ads,2022-08-22,CAMPAIGN123308,4241744,53454,413.0000002
Meta Ads,2022-08-23,CAMPAIGN123308,1333229,19405,133.462
Meta Ads,2022-08-24,CAMPAIGN123308,711441,13517,101.5100002
Meta Ads,2022-08-25,CAMPAIGN123308,307397,5148,60.218
Meta Ads,2022-08-26,CAMPAIGN123308,9196,232,1.322
Meta Ads,2022-08-27,CAMPAIGN123484,2055552,1401,243.046
Meta Ads,2022-08-28,CAMPAIGN123484,1762070,1529,272.286
Meta Ads,2022-08-29,CAMPAIGN123484,1134132,1525,187.5140002
Meta Ads,2022-08-30,CAMPAIGN123484,391736,252,37.082
Meta Ads,2022-08-31,CAMPAIGN123484,80634,170,13.442
Meta Ads,2022-09-01,CAMPAIGN124268,240723,2051,64.154
Meta Ads,2022-09-02,CAMPAIGN124268,145823,1134,31.99
Meta Ads,2022-09-03,CAMPAIGN124268,25102,288,11.752
Meta Ads,2022-09-04,CAMPAIGN124268,11129,83,3.232
Meta Ads,2022-09-05,CAMPAIGN124268,918,8,0.238
Meta Ads,2022-09-06,CAMPAIGN124103,416955,7984,93.682
Meta Ads,2022-09-07,CAMPAIGN124103,242884,6723,61.078
Meta Ads,2022-09-08,CAMPAIGN124103,50198,1598,20.918
Meta Ads,2022-09-09,CAMPAIGN124103,42791,818,12.084
Meta Ads,2022-09-10,CAMPAIGN124103,3306,188,1.658
Meta Ads,2022-09-11,CAMPAIGN123190,7881193,26224,871.254
Meta Ads,2022-09-12,CAMPAIGN123190,7260273,25309,731.302
Meta Ads,2022-09-13,CAMPAIGN123190,4556892,21075,528.5459994
Meta Ads,2022-09-14,CAMPAIGN123190,1988385,5863,147.642
Meta Ads,2022-09-15,CAMPAIGN123190,145713,903,16.362
Meta Ads,2022-09-16,CAMPAIGN124066,460543,5092,92.522
Meta Ads,2022-09-17,CAMPAIGN124066,296980,3379,45.33
Meta Ads,2022-09-18,CAMPAIGN124066,41384,626,15.712
Meta Ads,2022-09-19,CAMPAIGN124066,11119,135,2.83
Meta Ads,2022-09-20,CAMPAIGN124066,2490,44,0.598
Meta Ads,2022-09-21,CAMPAIGN123339,3465624,7082,413.5339998
Meta Ads,2022-09-22,CAMPAIGN123339,3106486,7031,317.9879998
Meta Ads,2022-09-23,CAMPAIGN123339,1521687,3443,186.2660006
Meta Ads,2022-09-24,CAMPAIGN123339,665448,1361,56.93
Meta Ads,2022-09-25,CAMPAIGN123339,65781,250,8.012
Meta Ads,2022-09-26,CAMPAIGN123515,1926800,25183,205.566
Meta Ads,2022-09-27,CAMPAIGN123515,981020,15664,108.102
Meta Ads,2022-09-28,CAMPAIGN123515,240508,3777,37.52
Meta Ads,2022-09-29,CAMPAIGN123515,144301,2437,22.226
Meta Ads,2022-09-30,CAMPAIGN123515,9389,171,1.068
Meta Ads,2022-10-01,CAMPAIGN123958,583004,11035,294.768
Meta Ads,2022-10-02,CAMPAIGN123958,143221,2511,65.946
Meta Ads,2022-10-03,CAMPAIGN123958,102938,2066,60.032
Meta Ads,2022-10-04,CAMPAIGN123958,31204,557,17.442
Meta Ads,2022-10-05,CAMPAIGN123149,14830352,13431,732.6439992
Meta Ads,2022-10-06,CAMPAIGN123149,4757802,6108,219.2019994
Meta Ads,2022-10-07,CAMPAIGN123149,1306249,1248,64.154
Meta Ads,2022-10-08,CAMPAIGN123149,4531,0,0.218
Meta Ads,2022-10-09,CAMPAIGN123149,2214,0,0.1
Meta Ads,2022-10-10,CAMPAIGN124492,47827,373,17.2280008
Meta Ads,2022-10-11,CAMPAIGN124492,30067,284,15.7980004
Meta Ads,2022-10-12,CAMPAIGN124492,10073,52,10.522
Meta Ads,2022-10-13,CAMPAIGN124492,7659,32,6.186
Meta Ads,2022-10-14,CAMPAIGN124492,2514,69,0.866
Meta Ads,2022-10-15,CAMPAIGN124470,67366,1154,22.7039994
Meta Ads,2022-10-16,CAMPAIGN124470,12720,394,6.998
Meta Ads,2022-10-17,CAMPAIGN124470,11103,48,9.854
Meta Ads,2022-10-18,CAMPAIGN124470,8188,31,6.744
Meta Ads,2022-10-19,CAMPAIGN124470,7123,79,4.3
Meta Ads,2022-10-20,CAMPAIGN124490,49122,322,18.0800002
Meta Ads,2022-10-21,CAMPAIGN124490,34997,184,14.898
Meta Ads,2022-10-22,CAMPAIGN124490,10612,45,11.444
Meta Ads,2022-10-23,CAMPAIGN124490,6955,28,5.214
Meta Ads,2022-10-24,CAMPAIGN124490,2054,44,0.964
Meta Ads,2022-10-25,CAMPAIGN123991,549939,8088,87.39
Meta Ads,2022-10-26,CAMPAIGN123991,438975,6597,84.0
Meta Ads,2022-10-27,CAMPAIGN123541,1790448,17722,299.7979998
Meta Ads,2022-10-28,CAMPAIGN123575,1634944,9802,299.754
Meta Ads,2022-10-29,CAMPAIGN123596,1542803,17957,199.8
Meta Ads,2022-10-30,CAMPAIGN123753,990180,15412,401.948
Meta Ads,2022-10-31,CAMPAIGN123742,1017818,14891,400.8
Meta Ads,2022-11-01,CAMPAIGN123647,1334312,646,154.7999996
Meta Ads,2022-11-02,CAMPAIGN123318,4044046,85096,1343.554
Meta Ads,2022-11-03,CAMPAIGN123318,1645954,24460,449.446
Meta Ads,2022-11-04,CAMPAIGN124072,457410,5268,42.616
Meta Ads,2022-11-05,CAMPAIGN124072,344370,4197,33.838
Meta Ads,2022-11-06,CAMPAIGN124072,307727,8298,93.128
Meta Ads,2022-11-07,CAMPAIGN124072,205342,5334,60.828
Meta Ads,2022-11-08,CAMPAIGN124072,198692,5698,65.018
Meta Ads,2022-11-09,CAMPAIGN124072,169676,4273,47.426
Meta Ads,2022-11-10,CAMPAIGN124014,524191,12658,114.4220002
Meta Ads,2022-11-11,CAMPAIGN124014,111581,3249,36.1739998
Meta Ads,2022-11-12,CAMPAIGN124014,52293,1677,18.304
Meta Ads,2022-11-13,CAMPAIGN124014,26291,772,8.5
Meta Ads,2022-11-14,CAMPAIGN124311,201710,2228,41.684
Meta Ads,2022-11-15,CAMPAIGN124311,180170,2342,46.7159998
Meta Ads,2022-11-16,CAMPAIGN123729,1048914,10629,186.76
Meta Ads,2022-11-17,CAMPAIGN123729,496526,4982,54.2219998
Meta Ads,2022-11-18,CAMPAIGN123729,234533,2591,27.318
Meta Ads,2022-11-19,CAMPAIGN123729,176609,1913,38.876
Meta Ads,2022-11-20,CAMPAIGN123729,43845,501,9.536
Meta Ads,2022-11-21,CAMPAIGN124068,459316,4847,82.3500002
Meta Ads,2022-11-22,CAMPAIGN124068,225477,5925,29.7360002
Meta Ads,2022-11-23,CAMPAIGN124068,65680,1940,17.99
Meta Ads,2022-11-24,CAMPAIGN124068,2231,22,0.176
Meta Ads,2022-11-25,CAMPAIGN124068,2077,35,0.252
Meta Ads,2022-11-26,CAMPAIGN124068,1637,29,0.256
Meta Ads,2022-11-27,CAMPAIGN123867,722649,14672,106.428001
Meta Ads,2022-11-28,CAMPAIGN123867,298914,6889,48.582
Meta Ads,2022-11-29,CAMPAIGN123867,264447,4836,34.8199998
Meta Ads,2022-11-30,CAMPAIGN123867,213348,1870,29.2159998
Meta Ads,2022-12-01,CAMPAIGN123867,127653,2154,16.7720002
Meta Ads,2022-12-02,CAMPAIGN123867,40408,580,4.334
Meta Ads,2022-12-03,CAMPAIGN123867,37082,937,6.466
Meta Ads,2022-12-04,CAMPAIGN123867,15691,431,3.246
Meta Ads,2022-12-05,CAMPAIGN123867,6393,88,0.744
Meta Ads,2022-12-06,CAMPAIGN124127,388545,7389,48.186
Meta Ads,2022-12-07,CAMPAIGN124127,376902,4095,74.232
Meta Ads,2022-12-08,CAMPAIGN124127,337891,3876,71.822
Meta Ads,2022-12-09,CAMPAIGN124127,191298,2378,44.728
Meta Ads,2022-12-10,CAMPAIGN124127,13718,121,1.018
Meta Ads,2022-12-11,CAMPAIGN123869,720797,14381,378.6480004
Meta Ads,2022-12-12,CAMPAIGN123869,182249,2446,59.1960002
Meta Ads,2022-12-13,CAMPAIGN124314,201047,3550,99.8
Meta Ads,2022-12-14,CAMPAIGN124314,200196,2933,90.346
Meta Ads,2022-12-15,CAMPAIGN123472,2103801,24791,317.058
Meta Ads,2022-12-16,CAMPAIGN123472,760230,11253,80.96
Meta Ads,2022-12-17,CAMPAIGN123472,518777,10117,55.7
Meta Ads,2022-12-18,CAMPAIGN123472,234922,4263,24.928
Meta Ads,2022-12-19,CAMPAIGN123472,141896,2318,21.216
Meta Ads,2022-12-20,CAMPAIGN123472,103939,1534,38.342
Meta Ads,2022-12-21,CAMPAIGN123472,103210,1676,11.778
Meta Ads,2022-12-22,CAMPAIGN123472,89600,1314,8.852
Meta Ads,2022-12-23,CAMPAIGN123472,18616,232,1.866
Meta Ads,2022-12-24,CAMPAIGN123624,1409897,12413,270.9940002
Meta Ads,2022-12-25,CAMPAIGN123624,463165,5310,56.9660002
Meta Ads,2022-12-26,CAMPAIGN123624,317578,3744,38.218
Meta Ads,2022-12-27,CAMPAIGN123624,231017,2922,29.1360002
Meta Ads,2022-12-28,CAMPAIGN123624,150607,1915,18.4999998
Meta Ads,2022-12-29,CAMPAIGN123624,122901,1772,14.672
Meta Ads,2022-12-30,CAMPAIGN123624,1444,36,0.806
Meta Ads,2022-12-31,CAMPAIGN123591,1559060,6505,48.588
Meta Ads,2022-01-01,CAMPAIGN123591,249635,929,7.476
Meta Ads,2022-01-02,CAMPAIGN123591,246921,856,7.716
Meta Ads,2022-01-03,CAMPAIGN123591,167610,816,5.46
Meta Ads,2022-01-04,CAMPAIGN124081,442325,786,30.396
Meta Ads,2022-01-05,CAMPAIGN124081,423891,425,13.998
Meta Ads,2022-01-06,CAMPAIGN124081,303200,520,18.418
Meta Ads,2022-01-07,CAMPAIGN124081,193077,178,6.428
Meta Ads,2022-01-08,CAMPAIGN123617,1430716,4515,27.1100002
Meta Ads,2022-01-09,CAMPAIGN123617,533100,1617,10.566
Meta Ads,2022-01-10,CAMPAIGN123617,295286,838,5.5
Meta Ads,2022-01-11,CAMPAIGN123617,275747,1132,5.556
Meta Ads,2022-01-12,CAMPAIGN123704,1138021,22545,305.1379996
Meta Ads,2022-01-13,CAMPAIGN123704,181509,4174,50.282
Meta Ads,2022-01-14,CAMPAIGN123704,103384,3359,28.768
Meta Ads,2022-01-15,CAMPAIGN123704,11973,532,6.292
Meta Ads,2022-01-16,CAMPAIGN123651,1322045,15897,401.9939998
Meta Ads,2022-01-17,CAMPAIGN123651,323431,3934,84.834
Meta Ads,2022-01-18,CAMPAIGN123651,35751,323,6.144
Meta Ads,2022-01-19,CAMPAIGN123651,19518,203,7.028
Meta Ads,2022-01-20,CAMPAIGN123924,635882,2151,40.7480004
Meta Ads,2022-01-21,CAMPAIGN123924,314706,684,13.096
Meta Ads,2022-01-22,CAMPAIGN123924,294562,564,9.286
Meta Ads,2022-01-23,CAMPAIGN123924,250009,374,6.31
Meta Ads,2022-01-24,CAMPAIGN124241,266209,3740,48.2
Meta Ads,2022-01-25,CAMPAIGN124234,274375,4310,52.4
Meta Ads,2022-01-26,CAMPAIGN124018,514143,3989,89.6
Meta Ads,2022-01-27,CAMPAIGN124042,480450,4122,96.9999998
Meta Ads,2022-01-28,CAMPAIGN123450,2275113,31646,432.744
Meta Ads,2022-01-29,CAMPAIGN123450,741108,13526,174.702
Meta Ads,2022-01-30,CAMPAIGN123450,190116,3574,38.2259998
Meta Ads,2022-01-31,CAMPAIGN123450,13981,232,2.712
Meta Ads,2022-02-01,CAMPAIGN123674,1224744,12122,227.574
Meta Ads,2022-02-02,CAMPAIGN123674,489827,8238,140.548
Meta Ads,2022-02-03,CAMPAIGN123674,55353,983,10.92
Meta Ads,2022-02-04,CAMPAIGN123674,5060,54,1.034
Meta Ads,2022-02-05,CAMPAIGN123674,1690,23,0.324
Meta Ads,2022-02-06,CAMPAIGN123435,2398825,33902,779.0699998
Meta Ads,2022-02-07,CAMPAIGN123435,913244,12737,329.038
Meta Ads,2022-02-08,CAMPAIGN123435,489211,7456,210.208
Meta Ads,2022-02-09,CAMPAIGN123435,440696,6412,143.9200002
Meta Ads,2022-02-10,CAMPAIGN123435,43722,657,16.534
Meta Ads,2022-02-11,CAMPAIGN123435,14384,246,3.83
Meta Ads,2022-02-12,CAMPAIGN124175,335799,4023,236.0500002
Meta Ads,2022-02-13,CAMPAIGN124175,207273,2527,157.3439998
Meta Ads,2022-02-14,CAMPAIGN124283,220410,4544,89.9239998
Meta Ads,2022-02-15,CAMPAIGN124283,216398,2040,63.9459998
Meta Ads,2022-02-16,CAMPAIGN124283,8914,202,2.746
Meta Ads,2022-02-17,CAMPAIGN124283,3178,100,0.906
Meta Ads,2022-02-18,CAMPAIGN124283,351,7,0.076
Meta Ads,2022-02-19,CAMPAIGN123943,607970,5438,252.0420002
Meta Ads,2022-02-20,CAMPAIGN123943,318543,2485,111.852
Meta Ads,2022-02-21,CAMPAIGN123943,207720,1775,75.952
Meta Ads,2022-02-22,CAMPAIGN123943,107312,774,39.524
Meta Ads,2022-02-23,CAMPAIGN123702,1147113,15216,307.852
Meta Ads,2022-02-24,CAMPAIGN123702,479069,6402,122.594
Meta Ads,2022-02-25,CAMPAIGN123702,419288,6604,115.8899998
Meta Ads,2022-02-26,CAMPAIGN123702,158150,2563,53.242
Meta Ads,2022-02-27,CAMPAIGN123420,2595357,45840,532.4900002
Meta Ads,2022-02-28,CAMPAIGN123420,555167,9926,121.568
Meta Ads,2022-03-01,CAMPAIGN123420,208992,5038,65.742
Meta Ads,2022-03-02,CAMPAIGN124019,513680,4202,790.0660002
Meta Ads,2022-03-03,CAMPAIGN124019,145107,1008,238.1140002
Meta Ads,2022-03-04,CAMPAIGN124364,148376,1143,250.3919996
Meta Ads,2022-03-05,CAMPAIGN124364,135925,1077,229.4
Meta Ads,2022-03-06,CAMPAIGN124261,251028,2135,391.8240002
Meta Ads,2022-03-07,CAMPAIGN124261,171493,1419,267.7719998
Meta Ads,2022-03-08,CAMPAIGN124344,165882,3098,41.418
Meta Ads,2022-03-09,CAMPAIGN124344,118572,2386,32.874
Meta Ads,2022-03-10,CAMPAIGN124344,75376,1722,21.1859998
Meta Ads,2022-03-11,CAMPAIGN124344,57100,1458,17.724
Meta Ads,2022-03-12,CAMPAIGN124344,14860,324,4.752
Meta Ads,2022-03-13,CAMPAIGN124344,10016,212,3.22
Meta Ads,2022-03-14,CAMPAIGN124344,4966,146,2.052
Meta Ads,2022-03-15,CAMPAIGN124344,448,5,0.174
Meta Ads,2022-03-16,CAMPAIGN124442,88438,2561,40.086
Meta Ads,2022-03-17,CAMPAIGN124442,70956,1750,17.886
Meta Ads,2022-03-18,CAMPAIGN124442,57322,1740,27.544
Meta Ads,2022-03-19,CAMPAIGN124442,40434,1387,19.83
Meta Ads,2022-03-20,CAMPAIGN124442,23494,784,8.462
Meta Ads,2022-03-21,CAMPAIGN124442,11616,269,3.742
Meta Ads,2022-03-22,CAMPAIGN124442,5864,253,3.526
Meta Ads,2022-03-23,CAMPAIGN124442,2242,62,0.808
Meta Ads,2022-03-24,CAMPAIGN124442,1657,19,0.346
Meta Ads,2022-03-25,CAMPAIGN124442,1217,33,0.376
Meta Ads,2022-03-26,CAMPAIGN124442,1042,26,0.382
Meta Ads,2022-03-27,CAMPAIGN124442,501,13,0.212
Meta Ads,2022-03-28,CAMPAIGN124179,332939,1362,139.6399998
Meta Ads,2022-03-29,CAMPAIGN123652,1320122,2082,112.544
Meta Ads,2022-03-30,CAMPAIGN123652,1093353,3278,95.256
Meta Ads,2022-03-31,CAMPAIGN123652,403783,2583,54.916
Meta Ads,2022-04-01,CAMPAIGN123652,398747,897,50.084
Meta Ads,2022-04-02,CAMPAIGN123438,2387826,29224,399.8
Meta Ads,2022-04-03,CAMPAIGN123436,2397112,14368,599.634
Meta Ads,2022-04-04,CAMPAIGN123378,2982329,30405,594.868
Meta Ads,2022-04-05,CAMPAIGN123378,12322,259,3.436
Meta Ads,2022-04-06,CAMPAIGN123378,3624,54,0.696
Meta Ads,2022-04-07,CAMPAIGN123378,3139,41,0.548
Meta Ads,2022-04-08,CAMPAIGN123378,1908,22,0.236
Meta Ads,2022-04-09,CAMPAIGN124350,158258,1378,51.432
Meta Ads,2022-04-10,CAMPAIGN124350,94021,941,34.588
Meta Ads,2022-04-11,CAMPAIGN124350,65296,396,22.66
Meta Ads,2022-04-12,CAMPAIGN123947,600716,4538,288.958
Meta Ads,2022-04-13,CAMPAIGN123947,591866,5195,292.042
Meta Ads,2022-04-14,CAMPAIGN124229,283193,2260,135.304
Meta Ads,2022-04-15,CAMPAIGN124229,178907,1593,87.696
Meta Ads,2022-04-16,CAMPAIGN124409,115436,904,46.11
Meta Ads,2022-04-17,CAMPAIGN124409,90621,697,40.42
Meta Ads,2022-04-18,CAMPAIGN124409,82308,803,45.018
Meta Ads,2022-04-19,CAMPAIGN123370,3067057,26267,682.844
Meta Ads,2022-04-20,CAMPAIGN123370,1201844,16798,591.956
Meta Ads,2022-04-21,CAMPAIGN123580,1617436,632,86.954
Meta Ads,2022-04-22,CAMPAIGN123580,166742,454,27.046
Meta Ads,2022-04-23,CAMPAIGN123555,1720882,5864,143.3999998
Meta Ads,2022-04-24,CAMPAIGN123555,1027109,3747,99.8000006
Meta Ads,2022-04-25,CAMPAIGN123300,4337894,19372,190.9999992
Meta Ads,2022-04-26,CAMPAIGN123300,2103484,1466,86.0
Meta Ads,2022-04-27,CAMPAIGN123554,1734279,5055,106.266
Meta Ads,2022-04-28,CAMPAIGN123554,1199982,589,59.7299998
Meta Ads,2022-04-29,CAMPAIGN123554,502818,423,27.534
Meta Ads,2022-04-30,CAMPAIGN123554,337750,154,16.906
Meta Ads,2022-05-01,CAMPAIGN123554,50539,24,2.612
Meta Ads,2022-05-02,CAMPAIGN123554,27983,12,1.446
Meta Ads,2022-05-03,CAMPAIGN123554,21846,10,1.146
Meta Ads,2022-05-04,CAMPAIGN123554,20781,7,1.082
Meta Ads,2022-05-05,CAMPAIGN123554,20216,8,0.982
Meta Ads,2022-05-06,CAMPAIGN123554,13953,9,0.696
Meta Ads,2022-05-07,CAMPAIGN123625,1403532,3223,90.6300004
Meta Ads,2022-05-08,CAMPAIGN123625,1163716,1097,89.0
Meta Ads,2022-05-09,CAMPAIGN123625,497065,2521,43.5699998
Meta Ads,2022-05-10,CAMPAIGN123301,4335758,13867,274.2640006
Meta Ads,2022-05-11,CAMPAIGN123301,2225230,4561,149.7079998
Meta Ads,2022-05-12,CAMPAIGN123301,2148610,2920,150.0900004
Meta Ads,2022-05-13,CAMPAIGN123301,360089,621,20.736
Meta Ads,2022-05-14,CAMPAIGN123616,1432065,3543,99.6
Meta Ads,2022-05-15,CAMPAIGN123616,776321,1632,69.9999996
Meta Ads,2022-05-16,CAMPAIGN123241,5796597,16546,412.9560004
Meta Ads,2022-05-17,CAMPAIGN123241,5213172,7991,320.2099998
Meta Ads,2022-05-18,CAMPAIGN123241,1416693,4433,79.5900002
Meta Ads,2022-05-19,CAMPAIGN123241,928772,3771,51.4739994
Meta Ads,2022-05-20,CAMPAIGN123241,770412,2000,43.57
Meta Ads,2022-05-21,CAMPAIGN123871,718119,374,36.404
Meta Ads,2022-05-22,CAMPAIGN123871,681942,543,30.0
Meta Ads,2022-05-23,CAMPAIGN123871,210730,411,15.996
Meta Ads,2022-05-24,CAMPAIGN124533,14407,35,1.108
Meta Ads,2022-05-25,CAMPAIGN124533,6813,18,0.506
Meta Ads,2022-05-26,CAMPAIGN123800,857714,1494,68.322
Meta Ads,2022-05-27,CAMPAIGN123800,671056,2166,55.0139998
Meta Ads,2022-05-28,CAMPAIGN123800,418126,2460,41.102
Meta Ads,2022-05-29,CAMPAIGN123800,380566,1086,38.896
Meta Ads,2022-05-30,CAMPAIGN123800,31682,54,3.108
Meta Ads,2022-05-31,CAMPAIGN123800,3702,8,0.356
Meta Ads,2022-06-01,CAMPAIGN124522,19555,40,1.652
Meta Ads,2022-06-02,CAMPAIGN123330,3639744,8309,331.978
Meta Ads,2022-06-03,CAMPAIGN123330,3262002,8569,299.422
Meta Ads,2022-06-04,CAMPAIGN123330,2613381,4333,250.7260002
Meta Ads,2022-06-05,CAMPAIGN123330,2542566,3689,249.0719992
Meta Ads,2022-06-06,CAMPAIGN123315,4110066,53994,413.0
Meta Ads,2022-06-07,CAMPAIGN123368,3084167,37674,341.3979998
Meta Ads,2022-06-08,CAMPAIGN123831,782254,14416,164.6
Meta Ads,2022-06-09,CAMPAIGN123917,645556,4981,166.816
Meta Ads,2022-06-10,CAMPAIGN123552,1737952,1639,199.8000002
Meta Ads,2022-06-11,CAMPAIGN123622,1415400,14373,241.074
Meta Ads,2022-06-12,CAMPAIGN123493,2024887,6835,164.6
Meta Ads,2022-06-13,CAMPAIGN123486,2042353,2208,199.8
Meta Ads,2022-06-14,CAMPAIGN123357,3193503,21580,239.8000002
Meta Ads,2022-06-15,CAMPAIGN124518,23124,890,11.262
Meta Ads,2022-06-16,CAMPAIGN124518,20681,852,10.104
Meta Ads,2022-06-17,CAMPAIGN124518,9858,199,6.564
Meta Ads,2022-06-18,CAMPAIGN124518,9153,279,3.82
Meta Ads,2022-06-19,CAMPAIGN124518,6664,131,3.412
Meta Ads,2022-06-20,CAMPAIGN124518,5174,139,1.74
Meta Ads,2022-06-21,CAMPAIGN124518,4776,122,3.526
Meta Ads,2022-06-22,CAMPAIGN124518,3667,128,1.66
Meta Ads,2022-06-23,CAMPAIGN124518,3524,64,1.84
Meta Ads,2022-06-24,CAMPAIGN124518,2711,46,1.592
Meta Ads,2022-06-25,CAMPAIGN124518,1464,39,0.688
Meta Ads,2022-06-26,CAMPAIGN124518,1036,18,0.432
Meta Ads,2022-06-27,CAMPAIGN124518,933,22,0.31
Meta Ads,2022-06-28,CAMPAIGN124518,791,32,0.428
Meta Ads,2022-06-29,CAMPAIGN124518,656,7,0.434
Meta Ads,2022-06-30,CAMPAIGN124518,509,6,0.284
Meta Ads,2022-07-01,CAMPAIGN124518,149,4,0.066
Meta Ads,2022-07-02,CAMPAIGN124518,90,1,0.038
Meta Ads,2022-07-03,CAMPAIGN124110,410422,7989,93.518
Meta Ads,2022-07-04,CAMPAIGN124110,69285,1671,21.0579998
Meta Ads,2022-07-05,CAMPAIGN123537,1813471,23653,198.54
Meta Ads,2022-07-06,CAMPAIGN123537,170290,3018,29.26
Meta Ads,2022-07-07,CAMPAIGN123655,1313726,13759,343.302
Meta Ads,2022-07-08,CAMPAIGN123655,1102639,2332,256.498
Meta Ads,2022-07-09,CAMPAIGN123740,1021760,1240,300.454
Meta Ads,2022-07-10,CAMPAIGN123740,490016,2741,159.3460004
Meta Ads,2022-07-11,CAMPAIGN124312,201624,1829,62.474
Meta Ads,2022-07-12,CAMPAIGN124312,15286,105,4.926
Meta Ads,2022-07-13,CAMPAIGN124093,430237,4911,87.422
Meta Ads,2022-07-14,CAMPAIGN124093,21405,367,7.908
Meta Ads,2022-07-15,CAMPAIGN123402,2783078,49245,902.2160018
Meta Ads,2022-07-16,CAMPAIGN123402,1499351,6894,497.5840006
Meta Ads,2022-07-17,CAMPAIGN124088,435211,3637,93.902
Meta Ads,2022-07-18,CAMPAIGN124088,210363,1630,50.798
Meta Ads,2022-07-19,CAMPAIGN124088,34250,389,9.69
Meta Ads,2022-07-20,CAMPAIGN124088,26237,281,7.152
Meta Ads,2022-07-21,CAMPAIGN124088,1405,23,0.804
Meta Ads,2022-07-22,CAMPAIGN124088,772,9,0.454
Meta Ads,2022-07-23,CAMPAIGN124393,125715,1237,49.0899996
Meta Ads,2022-07-24,CAMPAIGN124393,81106,1065,31.352
Meta Ads,2022-07-25,CAMPAIGN124393,68239,781,31.474
Meta Ads,2022-07-26,CAMPAIGN124393,59740,384,17.358
Meta Ads,2022-07-27,CAMPAIGN124393,45298,316,15.85
Meta Ads,2022-07-28,CAMPAIGN124393,20076,142,5.776
Meta Ads,2022-07-29,CAMPAIGN124393,11005,137,5.32
Meta Ads,2022-07-30,CAMPAIGN124393,9421,70,2.822
Meta Ads,2022-07-31,CAMPAIGN124393,565,5,0.188
Meta Ads,2022-08-01,CAMPAIGN124393,442,3,0.126
Meta Ads,2022-08-02,CAMPAIGN124393,346,2,0.112
Meta Ads,2022-08-03,CAMPAIGN124393,270,2,0.128
Meta Ads,2022-08-04,CAMPAIGN124123,394494,5423,97.4519998
Meta Ads,2022-08-05,CAMPAIGN124123,231092,2440,53.7339996
Meta Ads,2022-08-06,CAMPAIGN124123,71571,554,15.774
Meta Ads,2022-08-07,CAMPAIGN124123,65764,590,13.652
Meta Ads,2022-08-08,CAMPAIGN124123,1165,22,0.392
Meta Ads,2022-08-09,CAMPAIGN124123,415,2,0.13
Meta Ads,2022-08-10,CAMPAIGN124123,189,2,0.056
Meta Ads,2022-08-11,CAMPAIGN124123,95,0,0.01
Meta Ads,2022-08-12,CAMPAIGN124135,377306,3733,93.79
Meta Ads,2022-08-13,CAMPAIGN124135,312263,2839,79.8000002
Meta Ads,2022-08-14,CAMPAIGN124135,14511,133,5.21
Meta Ads,2022-08-15,CAMPAIGN123745,1008471,66504,233.4579996
Meta Ads,2022-08-16,CAMPAIGN123745,649785,33302,115.588
Meta Ads,2022-08-17,CAMPAIGN123745,188643,17527,62.204
Meta Ads,2022-08-18,CAMPAIGN123745,134315,11747,40.562
Meta Ads,2022-08-19,CAMPAIGN123745,121448,7849,26.432
Meta Ads,2022-08-20,CAMPAIGN123745,77141,4412,15.498
Meta Ads,2022-08-21,CAMPAIGN123745,27220,1190,3.852
Meta Ads,2022-08-22,CAMPAIGN123745,8259,198,0.566
Meta Ads,2022-08-23,CAMPAIGN123944,607645,12932,125.02
Meta Ads,2022-08-24,CAMPAIGN123944,555918,18040,142.5500002
Meta Ads,2022-08-25,CAMPAIGN123944,159750,3779,33.308
Meta Ads,2022-08-26,CAMPAIGN123944,28744,513,5.174
Meta Ads,2022-08-27,CAMPAIGN123944,16770,287,2.91
Meta Ads,2022-08-28,CAMPAIGN123771,925205,40003,176.25
Meta Ads,2022-08-29,CAMPAIGN123771,621203,29318,108.968
Meta Ads,2022-08-30,CAMPAIGN123771,4305,237,1.124
Meta Ads,2022-08-31,CAMPAIGN123771,4281,165,1.142
Meta Ads,2022-09-01,CAMPAIGN123771,2730,164,0.882
Meta Ads,2022-09-02,CAMPAIGN123771,1605,75,0.252
Meta Ads,2022-09-03,CAMPAIGN123771,1454,58,0.21
Meta Ads,2022-09-04,CAMPAIGN123771,460,10,0.092
Meta Ads,2022-09-05,CAMPAIGN123771,138,11,0.046
Meta Ads,2022-09-06,CAMPAIGN123771,121,5,0.024
Meta Ads,2022-09-07,CAMPAIGN123735,1029067,69621,233.314
Meta Ads,2022-09-08,CAMPAIGN123735,681716,40420,138.056
Meta Ads,2022-09-09,CAMPAIGN123735,50524,3639,12.102
Meta Ads,2022-09-10,CAMPAIGN123735,5526,174,0.984
Meta Ads,2022-09-11,CAMPAIGN123735,5379,543,1.966
Meta Ads,2022-09-12,CAMPAIGN123735,3309,59,0.106
Meta Ads,2022-09-13,CAMPAIGN123735,3079,166,0.692
Meta Ads,2022-09-14,CAMPAIGN123735,1654,37,0.158
Meta Ads,2022-09-15,CAMPAIGN123735,1603,109,0.38
Meta Ads,2022-09-16,CAMPAIGN123735,1420,63,0.254
Meta Ads,2022-09-17,CAMPAIGN123735,948,40,0.24
Meta Ads,2022-09-18,CAMPAIGN123735,933,24,0.176
Meta Ads,2022-09-19,CAMPAIGN123735,731,31,0.056
Meta Ads,2022-09-20,CAMPAIGN123735,398,18,0.048
Meta Ads,2022-09-21,CAMPAIGN123613,1434639,77296,313.2500002
Meta Ads,2022-09-22,CAMPAIGN123613,417777,12900,66.2900002
Meta Ads,2022-09-23,CAMPAIGN123613,310927,11612,54.638
Meta Ads,2022-09-24,CAMPAIGN123613,300675,9143,47.874
Meta Ads,2022-09-25,CAMPAIGN123613,98443,3110,13.364
Meta Ads,2022-09-26,CAMPAIGN123613,7816,329,1.476
Meta Ads,2022-09-27,CAMPAIGN123613,6286,300,1.306
Meta Ads,2022-09-28,CAMPAIGN123584,1601947,69272,331.0539998
Meta Ads,2022-09-29,CAMPAIGN123584,172740,10391,48.448
Meta Ads,2022-09-30,CAMPAIGN123584,27401,991,4.704
Meta Ads,2022-10-01,CAMPAIGN123584,18015,782,3.934
Meta Ads,2022-10-02,CAMPAIGN123584,13453,534,3.116
Meta Ads,2022-10-03,CAMPAIGN123584,12091,653,3.142
Meta Ads,2022-10-04,CAMPAIGN123670,1237055,88534,298.8580004
Meta Ads,2022-10-05,CAMPAIGN123670,65300,5666,20.192
Meta Ads,2022-10-06,CAMPAIGN123670,3633,185,1.0
Meta Ads,2022-10-07,CAMPAIGN123670,1414,97,0.422
Meta Ads,2022-10-08,CAMPAIGN123670,926,86,0.224
Meta Ads,2022-10-09,CAMPAIGN123700,1152346,96140,308.0599996
Meta Ads,2022-10-10,CAMPAIGN123700,54973,4120,12.566
Meta Ads,2022-10-11,CAMPAIGN123700,10771,1005,3.398
Meta Ads,2022-10-12,CAMPAIGN123700,8073,741,2.642
Meta Ads,2022-10-13,CAMPAIGN123700,2902,145,0.466
Meta Ads,2022-10-14,CAMPAIGN123700,2694,229,0.668
Meta Ads,2022-10-15,CAMPAIGN124430,96447,164,66.254
Meta Ads,2022-10-16,CAMPAIGN124430,85841,134,57.432
Meta Ads,2022-10-17,CAMPAIGN124281,220559,355,102.578
Meta Ads,2022-10-18,CAMPAIGN124281,101494,161,50.9559994
Meta Ads,2022-10-19,CAMPAIGN124407,115785,964,95.3139994
Meta Ads,2022-10-20,CAMPAIGN124407,110554,717,115.4140002
Meta Ads,2022-10-21,CAMPAIGN124407,44374,432,45.648
Meta Ads,2022-10-22,CAMPAIGN124407,37762,297,42.46
Meta Ads,2022-10-23,CAMPAIGN124197,308151,1838,206.914
Meta Ads,2022-10-24,CAMPAIGN124197,278901,1125,163.294
Meta Ads,2022-10-25,CAMPAIGN124023,505086,2086,449.1720002
Meta Ads,2022-10-26,CAMPAIGN124023,425553,704,171.9779992
Meta Ads,2022-10-27,CAMPAIGN124230,281830,1655,367.21
Meta Ads,2022-10-28,CAMPAIGN124230,221379,428,130.474
Meta Ads,2022-10-29,CAMPAIGN124477,63641,298,72.908
Meta Ads,2022-10-30,CAMPAIGN124477,32258,201,33.58
Meta Ads,2022-10-31,CAMPAIGN124477,18837,213,5.116
Meta Ads,2022-11-01,CAMPAIGN124477,17405,383,8.652
Meta Ads,2022-11-02,CAMPAIGN124292,215424,1956,51.702
Meta Ads,2022-11-03,CAMPAIGN124292,89687,1051,34.664
Meta Ads,2022-11-04,CAMPAIGN124292,62806,700,12.914
Meta Ads,2022-11-05,CAMPAIGN124292,14440,284,5.404
Meta Ads,2022-11-06,CAMPAIGN124525,17759,88,21.024
Meta Ads,2022-11-07,CAMPAIGN124525,13483,102,16.426
Meta Ads,2022-11-08,CAMPAIGN124525,8510,22,7.98
Meta Ads,2022-11-09,CAMPAIGN124525,8152,130,3.024
Meta Ads,2022-11-10,CAMPAIGN124525,3909,40,0.974
Meta Ads,2022-11-11,CAMPAIGN124472,66864,698,19.412
Meta Ads,2022-11-12,CAMPAIGN124472,40053,313,8.98
Meta Ads,2022-11-13,CAMPAIGN124472,25831,312,5.916
Meta Ads,2022-11-14,CAMPAIGN124472,7127,61,1.06
Meta Ads,2022-11-15,CAMPAIGN124472,6349,51,1.572
Meta Ads,2022-11-16,CAMPAIGN124291,216436,1452,60.9280002
Meta Ads,2022-11-17,CAMPAIGN124291,53862,416,26.56
Meta Ads,2022-11-18,CAMPAIGN124291,13003,268,5.614
Meta Ads,2022-11-19,CAMPAIGN124291,9202,125,4.254
Meta Ads,2022-11-20,CAMPAIGN124291,4673,11,3.896
Meta Ads,2022-11-21,CAMPAIGN124291,133,0,0.072
Meta Ads,2022-11-22,CAMPAIGN124291,37,0,0.04
Meta Ads,2022-11-23,CAMPAIGN124291,28,0,0.03
Meta Ads,2022-11-24,CAMPAIGN124291,26,2,0.006
Meta Ads,2022-11-25,CAMPAIGN124291,2,0,0.0
Meta Ads,2022-11-26,CAMPAIGN123364,3113323,36154,458.9100004
Meta Ads,2022-11-27,CAMPAIGN123364,2571051,28533,370.49
Meta Ads,2022-11-28,CAMPAIGN123860,734953,8987,1235.554
Meta Ads,2022-11-29,CAMPAIGN123860,1520,40,2.456
Meta Ads,2022-11-30,CAMPAIGN123860,622,22,0.908
Meta Ads,2022-12-01,CAMPAIGN123953,592308,7272,976.2560002
Meta Ads,2022-12-02,CAMPAIGN123953,297539,3583,500.3440002
Meta Ads,2022-12-03,CAMPAIGN123953,1269,26,1.95
Meta Ads,2022-12-04,CAMPAIGN123953,387,12,0.534
Meta Ads,2022-12-05,CAMPAIGN124029,495401,7537,851.2620002
Meta Ads,2022-12-06,CAMPAIGN124029,491336,7553,850.954
Meta Ads,2022-12-07,CAMPAIGN124029,2871,70,4.46
Meta Ads,2022-12-08,CAMPAIGN124029,1674,50,2.61
Meta Ads,2022-12-09,CAMPAIGN123757,975234,13102,1605.656
Meta Ads,2022-12-10,CAMPAIGN123757,238749,3307,385.446
Meta Ads,2022-12-11,CAMPAIGN123757,2428,72,3.72
Meta Ads,2022-12-12,CAMPAIGN123757,2151,72,3.35
Meta Ads,2022-12-13,CAMPAIGN123757,1208,32,1.914
Meta Ads,2022-12-14,CAMPAIGN123757,1180,39,1.84
Meta Ads,2022-12-15,CAMPAIGN123481,2061740,20289,769.4220002
Meta Ads,2022-12-16,CAMPAIGN123481,1923127,16176,805.6159998
Meta Ads,2022-12-17,CAMPAIGN123481,278595,2295,126.342
Meta Ads,2022-12-18,CAMPAIGN123481,209269,1733,90.234
Meta Ads,2022-12-19,CAMPAIGN123481,62295,533,28.718
Meta Ads,2022-12-20,CAMPAIGN123640,1350159,29158,316.3999998
Meta Ads,2022-12-21,CAMPAIGN123817,817846,10855,227.568
Meta Ads,2022-12-22,CAMPAIGN123604,1493603,22637,247.986
Meta Ads,2022-12-23,CAMPAIGN123532,1844192,16756,207.784
Meta Ads,2022-12-24,CAMPAIGN123532,1658948,24280,211.2319998
Meta Ads,2022-12-25,CAMPAIGN123532,469114,8007,66.644
Meta Ads,2022-12-26,CAMPAIGN123532,433453,7866,64.336
Meta Ads,2022-12-27,CAMPAIGN123532,340906,5673,44.224
Meta Ads,2022-12-28,CAMPAIGN123532,33077,588,4.27
Meta Ads,2022-12-29,CAMPAIGN123532,11035,168,1.378
Meta Ads,2022-12-30,CAMPAIGN123532,286,4,0.058
Meta Ads,2022-12-31,CAMPAIGN123532,255,8,0.038
Meta Ads,2022-01-01,CAMPAIGN123532,237,8,0.034
Meta Ads,2022-01-02,CAMPAIGN123532,35,1,0.002
Meta Ads,2022-01-03,CAMPAIGN124481,60247,171,18.936
Meta Ads,2022-01-04,CAMPAIGN124481,55585,145,16.84
Meta Ads,2022-01-05,CAMPAIGN124481,26210,78,7.94
Meta Ads,2022-01-06,CAMPAIGN124481,19838,62,6.282
Meta Ads,2022-01-07,CAMPAIGN123706,1134747,5258,254.058
Meta Ads,2022-01-08,CAMPAIGN123706,1114471,5365,244.942
Meta Ads,2022-01-09,CAMPAIGN123706,3907,23,0.614
Meta Ads,2022-01-10,CAMPAIGN123706,1878,11,0.236
Meta Ads,2022-01-11,CAMPAIGN123718,1079414,20988,270.958
Meta Ads,2022-01-12,CAMPAIGN123718,430826,8413,106.196
Meta Ads,2022-01-13,CAMPAIGN123718,393946,7317,122.846
Meta Ads,2022-01-14,CAMPAIGN124278,229503,3512,73.104
Meta Ads,2022-01-15,CAMPAIGN124278,206348,645,62.3679996
Meta Ads,2022-01-16,CAMPAIGN124278,190877,2653,65.212
Meta Ads,2022-01-17,CAMPAIGN124278,87726,831,37.726
Meta Ads,2022-01-18,CAMPAIGN124278,60886,383,14.55
Meta Ads,2022-01-19,CAMPAIGN124278,55515,1423,26.876
Meta Ads,2022-01-20,CAMPAIGN124278,27008,412,15.9359998
Meta Ads,2022-01-21,CAMPAIGN124278,25032,253,9.8700002
Meta Ads,2022-01-22,CAMPAIGN124278,24008,484,9.046
Meta Ads,2022-01-23,CAMPAIGN124278,18563,182,7.9879996
Meta Ads,2022-01-24,CAMPAIGN124278,15847,284,10.512
Meta Ads,2022-01-25,CAMPAIGN124278,9679,251,4.966
Meta Ads,2022-01-26,CAMPAIGN124278,8113,121,3.076
Meta Ads,2022-01-27,CAMPAIGN124278,993,25,0.57
Meta Ads,2022-01-28,CAMPAIGN123363,3165471,19562,339.7999998
Meta Ads,2022-01-29,CAMPAIGN123259,5276196,24864,859.79
Meta Ads,2022-01-30,CAMPAIGN123535,1819265,20588,199.834
Meta Ads,2022-01-31,CAMPAIGN123535,166268,2276,27.966
Meta Ads,2022-02-01,CAMPAIGN124289,216525,1630,60.8
Meta Ads,2022-02-02,CAMPAIGN124289,21334,135,6.45
Meta Ads,2022-02-03,CAMPAIGN123959,582337,902,293.33
Meta Ads,2022-02-04,CAMPAIGN123959,363970,1725,166.47
Meta Ads,2022-02-05,CAMPAIGN123783,894079,8986,372.7559998
Meta Ads,2022-02-06,CAMPAIGN123783,551949,2030,227.0439994
Meta Ads,2022-02-07,CAMPAIGN124004,538748,5160,91.622
Meta Ads,2022-02-08,CAMPAIGN124004,18722,188,3.768
Meta Ads,2022-02-09,CAMPAIGN124030,493712,7411,90.508
Meta Ads,2022-02-10,CAMPAIGN124030,127439,2025,24.092
Meta Ads,2022-02-11,CAMPAIGN123660,1300228,22697,646.7359992
Meta Ads,2022-02-12,CAMPAIGN123660,1012366,9486,619.0059998
Meta Ads,2022-02-13,CAMPAIGN123418,2619994,39445,236.1280002
Meta Ads,2022-02-14,CAMPAIGN123418,749452,10973,51.52
Meta Ads,2022-02-15,CAMPAIGN123418,726665,10052,59.958
Meta Ads,2022-02-16,CAMPAIGN123418,340746,5736,33.91
Meta Ads,2022-02-17,CAMPAIGN123418,195457,10328,43.404
Meta Ads,2022-02-18,CAMPAIGN123418,65371,1197,4.642
Meta Ads,2022-02-19,CAMPAIGN123418,56789,2638,9.474
Meta Ads,2022-02-20,CAMPAIGN123418,51300,1829,6.834
Meta Ads,2022-02-21,CAMPAIGN123418,22425,578,3.696
Meta Ads,2022-02-22,CAMPAIGN123418,1727,45,0.234
Meta Ads,2022-02-23,CAMPAIGN123626,1398202,14509,120.942
Meta Ads,2022-02-24,CAMPAIGN123626,636747,8055,87.698
Meta Ads,2022-02-25,CAMPAIGN123626,527410,6506,48.438
Meta Ads,2022-02-26,CAMPAIGN123626,463741,5792,48.694
Meta Ads,2022-02-27,CAMPAIGN123626,201878,2465,24.89
Meta Ads,2022-02-28,CAMPAIGN123626,138336,3479,35.83
Meta Ads,2022-03-01,CAMPAIGN123626,95572,1071,15.92
Meta Ads,2022-03-02,CAMPAIGN123626,76235,1260,11.364
Meta Ads,2022-03-03,CAMPAIGN123626,15647,542,4.996
Meta Ads,2022-03-04,CAMPAIGN123626,13265,234,1.596
Meta Ads,2022-03-05,CAMPAIGN123626,2762,49,0.632
Meta Ads,2022-03-06,CAMPAIGN124054,472101,5380,43.7959998
Meta Ads,2022-03-07,CAMPAIGN123777,908052,16256,43.8
Meta Ads,2022-03-08,CAMPAIGN123972,570459,6915,94.14
Meta Ads,2022-03-09,CAMPAIGN123972,19303,78,0.768
Meta Ads,2022-03-10,CAMPAIGN123972,8140,30,0.232
Meta Ads,2022-03-11,CAMPAIGN123913,649548,33587,71.922
Meta Ads,2022-03-12,CAMPAIGN123913,5564,63,0.106
Meta Ads,2022-03-13,CAMPAIGN123913,3484,96,0.172
Meta Ads,2022-03-14,CAMPAIGN123310,4202613,6554,313.4
Meta Ads,2022-03-15,CAMPAIGN123310,1478928,1611,159.7999994
Meta Ads,2022-03-16,CAMPAIGN123612,1446590,12720,182.538
Meta Ads,2022-03-17,CAMPAIGN123612,39402,987,7.242
Meta Ads,2022-03-18,CAMPAIGN123696,1173969,15426,134.6859998
Meta Ads,2022-03-19,CAMPAIGN123696,468313,5358,49.07
Meta Ads,2022-03-20,CAMPAIGN123437,2391792,23319,400.586
Meta Ads,2022-03-21,CAMPAIGN123437,1182903,12829,201.076
Meta Ads,2022-03-22,CAMPAIGN123437,1136942,12345,212.174
Meta Ads,2022-03-23,CAMPAIGN123437,818330,9028,160.8779998
Meta Ads,2022-03-24,CAMPAIGN123437,92478,938,16.144
Meta Ads,2022-03-25,CAMPAIGN123437,68333,576,9.122
Meta Ads,2022-03-26,CAMPAIGN123656,1312067,30043,273.226
Meta Ads,2022-03-27,CAMPAIGN123656,649744,61511,230.946
Meta Ads,2022-03-28,CAMPAIGN123656,361306,9192,81.774
Meta Ads,2022-03-29,CAMPAIGN123656,278347,21094,82.054
Meta Ads,2022-03-30,CAMPAIGN123343,3403793,4617,986.6560002
Meta Ads,2022-03-31,CAMPAIGN123343,2848030,7518,858.8400002
Meta Ads,2022-04-01,CAMPAIGN123343,1903459,8541,790.1420002
Meta Ads,2022-04-02,CAMPAIGN123343,1856121,2274,415.3820004
Meta Ads,2022-04-03,CAMPAIGN123343,1123588,1430,199.208
Meta Ads,2022-04-04,CAMPAIGN123343,846665,1981,225.34
Meta Ads,2022-04-05,CAMPAIGN123343,591523,734,176.722
Meta Ads,2022-04-06,CAMPAIGN123343,508111,617,116.726
Meta Ads,2022-04-07,CAMPAIGN123343,396503,564,81.022
Meta Ads,2022-04-08,CAMPAIGN123343,334505,516,80.76
Meta Ads,2022-04-09,CAMPAIGN123343,94075,146,13.566
Meta Ads,2022-04-10,CAMPAIGN123343,88823,120,24.258
Meta Ads,2022-04-11,CAMPAIGN123343,87416,192,28.158
Meta Ads,2022-04-12,CAMPAIGN123343,86512,144,24.85
Meta Ads,2022-04-13,CAMPAIGN123343,80710,173,15.418
Meta Ads,2022-04-14,CAMPAIGN123343,63439,87,11.876
Meta Ads,2022-04-15,CAMPAIGN123343,53123,68,8.442
Meta Ads,2022-04-16,CAMPAIGN123343,32655,65,4.398
Meta Ads,2022-04-17,CAMPAIGN123343,24270,34,9.976
Meta Ads,2022-04-18,CAMPAIGN123343,16207,71,10.694
Meta Ads,2022-04-19,CAMPAIGN123343,15317,24,4.29
Meta Ads,2022-04-20,CAMPAIGN123343,5958,11,1.432
Meta Ads,2022-04-21,CAMPAIGN123343,5846,10,1.22
Meta Ads,2022-04-22,CAMPAIGN123343,5579,15,2.776
Meta Ads,2022-04-23,CAMPAIGN123343,4927,7,0.896
Meta Ads,2022-04-24,CAMPAIGN123343,4612,6,1.146
Meta Ads,2022-04-25,CAMPAIGN123343,3553,5,1.104
Meta Ads,2022-04-26,CAMPAIGN123343,2771,5,0.626
Meta Ads,2022-04-27,CAMPAIGN123343,2080,1,0.714
Meta Ads,2022-04-28,CAMPAIGN123343,1706,2,0.386
Meta Ads,2022-04-29,CAMPAIGN123343,1200,4,0.646
Meta Ads,2022-04-30,CAMPAIGN123343,1154,2,0.346
Meta Ads,2022-05-01,CAMPAIGN123343,862,3,0.276
Meta Ads,2022-05-02,CAMPAIGN123343,839,4,0.292
Meta Ads,2022-05-03,CAMPAIGN123343,724,1,0.192
Meta Ads,2022-05-04,CAMPAIGN123343,697,1,0.17
Meta Ads,2022-05-05,CAMPAIGN123343,641,3,0.134
Meta Ads,2022-05-06,CAMPAIGN123343,517,1,0.164
Meta Ads,2022-05-07,CAMPAIGN123343,456,2,0.142
Meta Ads,2022-05-08,CAMPAIGN123343,421,0,0.088
Meta Ads,2022-05-09,CAMPAIGN123343,301,1,0.106
Meta Ads,2022-05-10,CAMPAIGN123343,278,0,0.028
Meta Ads,2022-05-11,CAMPAIGN123343,157,0,0.036
Meta Ads,2022-05-12,CAMPAIGN123343,135,0,0.03
Meta Ads,2022-05-13,CAMPAIGN123343,126,0,0.052
Meta Ads,2022-05-14,CAMPAIGN123343,71,0,0.018
Meta Ads,2022-05-15,CAMPAIGN123343,70,1,0.01
Meta Ads,2022-05-16,CAMPAIGN123343,66,0,0.008
Meta Ads,2022-05-17,CAMPAIGN123343,55,0,0.024
Meta Ads,2022-05-18,CAMPAIGN123343,47,0,0.004
Meta Ads,2022-05-19,CAMPAIGN123343,30,0,0.01
Meta Ads,2022-05-20,CAMPAIGN123343,13,0,0.0
Meta Ads,2022-05-21,CAMPAIGN123291,4523425,39250,1038.962
Meta Ads,2022-05-22,CAMPAIGN123291,3971961,35210,889.2179998
Meta Ads,2022-05-23,CAMPAIGN123291,3166249,14791,521.23
Meta Ads,2022-05-24,CAMPAIGN123291,2344932,8598,370.6420004
Meta Ads,2022-05-25,CAMPAIGN123291,2037994,21706,415.906
Meta Ads,2022-05-26,CAMPAIGN123291,1747329,9314,304.9779998
Meta Ads,2022-05-27,CAMPAIGN123291,942874,3839,140.742
Meta Ads,2022-05-28,CAMPAIGN123291,940500,5359,141.0979996
Meta Ads,2022-05-29,CAMPAIGN123291,366436,628,58.654
Meta Ads,2022-05-30,CAMPAIGN123291,353246,2223,59.878
Meta Ads,2022-05-31,CAMPAIGN123291,300579,908,45.8359998
Meta Ads,2022-06-01,CAMPAIGN123291,206806,640,32.83
Meta Ads,2022-06-02,CAMPAIGN123291,147699,298,21.612
Meta Ads,2022-06-03,CAMPAIGN123291,99662,143,13.794
Meta Ads,2022-06-04,CAMPAIGN123291,85221,940,14.144
Meta Ads,2022-06-05,CAMPAIGN123291,45705,407,7.18
Meta Ads,2022-06-06,CAMPAIGN123291,37128,302,7.348
Meta Ads,2022-06-07,CAMPAIGN123291,34163,96,4.596
Meta Ads,2022-06-08,CAMPAIGN123291,23419,282,3.772
Meta Ads,2022-06-09,CAMPAIGN123291,20825,159,6.952
Meta Ads,2022-06-10,CAMPAIGN123291,19269,76,3.048
Meta Ads,2022-06-11,CAMPAIGN123291,14624,94,4.066
Meta Ads,2022-06-12,CAMPAIGN123291,14296,34,2.82
Meta Ads,2022-06-13,CAMPAIGN123291,13442,64,2.372
Meta Ads,2022-06-14,CAMPAIGN123291,11605,33,1.748
Meta Ads,2022-06-15,CAMPAIGN123291,7270,20,1.4
Meta Ads,2022-06-16,CAMPAIGN123291,5322,6,0.81
Meta Ads,2022-06-17,CAMPAIGN123291,2733,6,0.704
Meta Ads,2022-06-18,CAMPAIGN123291,2477,10,0.654
Meta Ads,2022-06-19,CAMPAIGN123291,2128,14,0.548
Meta Ads,2022-06-20,CAMPAIGN123291,1743,2,0.346
Meta Ads,2022-06-21,CAMPAIGN123291,1691,5,0.272
Meta Ads,2022-06-22,CAMPAIGN123291,1686,0,0.232
Meta Ads,2022-06-23,CAMPAIGN123291,1520,1,0.198
Meta Ads,2022-06-24,CAMPAIGN123291,1288,5,0.218
Meta Ads,2022-06-25,CAMPAIGN123291,1089,3,0.204
Meta Ads,2022-06-26,CAMPAIGN123291,1004,5,0.172
Meta Ads,2022-06-27,CAMPAIGN123291,737,1,0.152
Meta Ads,2022-06-28,CAMPAIGN123291,673,2,0.12
Meta Ads,2022-06-29,CAMPAIGN123291,402,1,0.058
Meta Ads,2022-06-30,CAMPAIGN123291,339,1,0.068
Meta Ads,2022-07-01,CAMPAIGN123291,275,0,0.034
Meta Ads,2022-07-02,CAMPAIGN123291,183,0,0.026
Meta Ads,2022-07-03,CAMPAIGN123291,146,0,0.036
Meta Ads,2022-07-04,CAMPAIGN123291,97,1,0.028
Meta Ads,2022-07-05,CAMPAIGN123291,84,1,0.022
Meta Ads,2022-07-06,CAMPAIGN123291,78,0,0.026
Meta Ads,2022-07-07,CAMPAIGN123291,54,0,0.014
Meta Ads,2022-07-08,CAMPAIGN123291,31,0,0.0
Meta Ads,2022-07-09,CAMPAIGN123291,30,0,0.02
Meta Ads,2022-07-10,CAMPAIGN123291,18,0,0.01
Meta Ads,2022-07-11,CAMPAIGN123291,12,0,0.002
Meta Ads,2022-07-12,CAMPAIGN123326,3736451,17295,621.2660002
Meta Ads,2022-07-13,CAMPAIGN123326,3478102,42434,913.0339996
Meta Ads,2022-07-14,CAMPAIGN123326,3096196,33276,719.188
Meta Ads,2022-07-15,CAMPAIGN123326,1616512,15677,335.3
Meta Ads,2022-07-16,CAMPAIGN123326,1302736,3594,176.9880004
Meta Ads,2022-07-17,CAMPAIGN123326,904492,4912,132.76
Meta Ads,2022-07-18,CAMPAIGN123326,896057,2583,125.152
Meta Ads,2022-07-19,CAMPAIGN123326,765067,4379,104.686
Meta Ads,2022-07-20,CAMPAIGN123326,490090,2347,71.896
Meta Ads,2022-07-21,CAMPAIGN123326,378091,712,57.33
Meta Ads,2022-07-22,CAMPAIGN123326,232725,765,34.286
Meta Ads,2022-07-23,CAMPAIGN123326,152772,496,19.59
Meta Ads,2022-07-24,CAMPAIGN123326,128627,222,17.202
Meta Ads,2022-07-25,CAMPAIGN123326,110226,211,15.172
Meta Ads,2022-07-26,CAMPAIGN123326,55142,495,7.37
Meta Ads,2022-07-27,CAMPAIGN123326,38668,309,4.7
Meta Ads,2022-07-28,CAMPAIGN123326,38249,323,4.872
Meta Ads,2022-07-29,CAMPAIGN123326,37501,287,5.468
Meta Ads,2022-07-30,CAMPAIGN123326,31777,490,11.244
Meta Ads,2022-07-31,CAMPAIGN123326,28418,128,6.378
Meta Ads,2022-08-01,CAMPAIGN123326,12635,132,4.088
Meta Ads,2022-08-02,CAMPAIGN123326,12181,68,1.762
Meta Ads,2022-08-03,CAMPAIGN123326,10708,46,1.912
Meta Ads,2022-08-04,CAMPAIGN123326,9714,36,1.264
Meta Ads,2022-08-05,CAMPAIGN123326,8633,26,1.068
Meta Ads,2022-08-06,CAMPAIGN123326,5860,14,0.962
Meta Ads,2022-08-07,CAMPAIGN123326,5670,14,0.66
Meta Ads,2022-08-08,CAMPAIGN123326,3555,41,1.264
Meta Ads,2022-08-09,CAMPAIGN123326,2776,1,0.336
Meta Ads,2022-08-10,CAMPAIGN123326,2580,14,0.52
Meta Ads,2022-08-11,CAMPAIGN123326,1708,4,0.284
Meta Ads,2022-08-12,CAMPAIGN123326,1559,8,0.44
Meta Ads,2022-08-13,CAMPAIGN123326,1245,2,0.19
Meta Ads,2022-08-14,CAMPAIGN123326,1153,4,0.206
Meta Ads,2022-08-15,CAMPAIGN123326,1108,3,0.222
Meta Ads,2022-08-16,CAMPAIGN123326,943,2,0.212
Meta Ads,2022-08-17,CAMPAIGN123326,735,5,0.092
Meta Ads,2022-08-18,CAMPAIGN123326,596,2,0.106
Meta Ads,2022-08-19,CAMPAIGN123326,481,2,0.106
Meta Ads,2022-08-20,CAMPAIGN123326,352,2,0.056
Meta Ads,2022-08-21,CAMPAIGN123326,268,0,0.05
Meta Ads,2022-08-22,CAMPAIGN123326,190,1,0.036
Meta Ads,2022-08-23,CAMPAIGN123326,96,2,0.024
Meta Ads,2022-08-24,CAMPAIGN123326,86,0,0.006
Meta Ads,2022-08-25,CAMPAIGN123326,79,0,0.008
Meta Ads,2022-08-26,CAMPAIGN123326,68,0,0.02
Meta Ads,2022-08-27,CAMPAIGN123326,59,0,0.01
Meta Ads,2022-08-28,CAMPAIGN123326,50,0,0.0
Meta Ads,2022-08-29,CAMPAIGN123326,46,0,0.0
Meta Ads,2022-08-30,CAMPAIGN123326,33,0,0.004
Meta Ads,2022-08-31,CAMPAIGN123326,21,0,0.0
Meta Ads,2022-09-01,CAMPAIGN123326,19,0,0.01
Meta Ads,2022-09-02,CAMPAIGN123213,6930468,56755,1446.184
Meta Ads,2022-09-03,CAMPAIGN123213,6663862,66507,1585.73
Meta Ads,2022-09-04,CAMPAIGN123213,5998567,24566,888.5119998
Meta Ads,2022-09-05,CAMPAIGN123213,3735542,26992,719.8940002
Meta Ads,2022-09-06,CAMPAIGN123213,3517521,8596,413.012
Meta Ads,2022-09-07,CAMPAIGN123213,1689549,5310,216.474
Meta Ads,2022-09-08,CAMPAIGN123213,1294961,4840,163.4480002
Meta Ads,2022-09-09,CAMPAIGN123213,1093005,3259,129.552
Meta Ads,2022-09-10,CAMPAIGN123213,966656,3482,135.366
Meta Ads,2022-09-11,CAMPAIGN123213,345552,2713,71.0159996
Meta Ads,2022-09-12,CAMPAIGN123213,271492,2240,63.474
Meta Ads,2022-09-13,CAMPAIGN123213,181430,552,30.404
Meta Ads,2022-09-14,CAMPAIGN123213,176237,547,25.984
Meta Ads,2022-09-15,CAMPAIGN123213,113322,613,18.002
Meta Ads,2022-09-16,CAMPAIGN123213,99073,961,24.218
Meta Ads,2022-09-17,CAMPAIGN123213,73350,236,9.838
Meta Ads,2022-09-18,CAMPAIGN123213,61349,199,10.566
Meta Ads,2022-09-19,CAMPAIGN123213,30070,124,4.71
Meta Ads,2022-09-20,CAMPAIGN123213,26910,160,4.502
Meta Ads,2022-09-21,CAMPAIGN123213,18961,113,3.85
Meta Ads,2022-09-22,CAMPAIGN123213,18288,200,5.806
Meta Ads,2022-09-23,CAMPAIGN123213,16152,75,3.218
Meta Ads,2022-09-24,CAMPAIGN123213,15534,45,2.78
Meta Ads,2022-09-25,CAMPAIGN123213,14899,77,3.126
Meta Ads,2022-09-26,CAMPAIGN123213,12699,122,4.052
Meta Ads,2022-09-27,CAMPAIGN123213,11566,81,2.98
Meta Ads,2022-09-28,CAMPAIGN123213,10468,63,1.9300002
Meta Ads,2022-09-29,CAMPAIGN123213,9847,19,1.376
Meta Ads,2022-09-30,CAMPAIGN123213,7030,58,2.124
Meta Ads,2022-10-01,CAMPAIGN123213,6858,68,1.936
Meta Ads,2022-10-02,CAMPAIGN123213,6654,29,1.072
Meta Ads,2022-10-03,CAMPAIGN123213,5135,24,1.068
Meta Ads,2022-10-04,CAMPAIGN123213,2188,3,0.396
Meta Ads,2022-10-05,CAMPAIGN123213,2147,8,0.476
Meta Ads,2022-10-06,CAMPAIGN123213,1960,13,0.502
Meta Ads,2022-10-07,CAMPAIGN123213,1577,11,0.332
Meta Ads,2022-10-08,CAMPAIGN123213,1572,6,0.482
Meta Ads,2022-10-09,CAMPAIGN123213,1180,8,0.248
Meta Ads,2022-10-10,CAMPAIGN123213,1022,1,0.158
Meta Ads,2022-10-11,CAMPAIGN123213,912,2,0.136
Meta Ads,2022-10-12,CAMPAIGN123213,822,1,0.156
Meta Ads,2022-10-13,CAMPAIGN123213,680,5,0.178
Meta Ads,2022-10-14,CAMPAIGN123213,679,2,0.194
Meta Ads,2022-10-15,CAMPAIGN123213,522,5,0.12
Meta Ads,2022-10-16,CAMPAIGN123213,200,0,0.04
Meta Ads,2022-10-17,CAMPAIGN123213,197,0,0.046
Meta Ads,2022-10-18,CAMPAIGN123213,151,0,0.026
Meta Ads,2022-10-19,CAMPAIGN123213,133,1,0.032
Meta Ads,2022-10-20,CAMPAIGN123213,85,0,0.012
Meta Ads,2022-10-21,CAMPAIGN123213,70,2,0.024
Meta Ads,2022-10-22,CAMPAIGN123213,70,0,0.024
Meta Ads,2022-10-23,CAMPAIGN123213,36,0,0.014
Meta Ads,2022-10-24,CAMPAIGN123769,931651,7216,180.7659994
Meta Ads,2022-10-25,CAMPAIGN123769,740127,7286,206.8340002
Meta Ads,2022-10-26,CAMPAIGN123769,502321,4070,90.364
Meta Ads,2022-10-27,CAMPAIGN123769,312523,2856,66.584
Meta Ads,2022-10-28,CAMPAIGN123769,41912,432,9.452
Meta Ads,2022-10-29,CAMPAIGN123542,1785262,31185,528.2120004
Meta Ads,2022-10-30,CAMPAIGN123542,1472020,750,145.612
Meta Ads,2022-10-31,CAMPAIGN123542,1031906,16494,336.7879996
Meta Ads,2022-11-01,CAMPAIGN123542,688204,640,62.8419998
Meta Ads,2022-11-02,CAMPAIGN123542,658297,1010,62.3460002
Meta Ads,2022-11-03,CAMPAIGN124244,265441,1780,51.496
Meta Ads,2022-11-04,CAMPAIGN124244,191688,1417,48.174
Meta Ads,2022-11-05,CAMPAIGN124193,313977,10665,102.0
Meta Ads,2022-11-06,CAMPAIGN123150,14765364,304478,2016.2
Meta Ads,2022-11-07,CAMPAIGN123150,11787715,31740,719.5999998
Meta Ads,2022-11-08,CAMPAIGN123458,2213239,56505,497.5880002
Meta Ads,2022-11-09,CAMPAIGN123458,759845,18353,153.0
Meta Ads,2022-11-10,CAMPAIGN123429,2497792,44434,338.4
Meta Ads,2022-11-11,CAMPAIGN123429,1601857,23297,186.2
Meta Ads,2022-11-12,CAMPAIGN123429,875852,14765,126.996
Meta Ads,2022-11-13,CAMPAIGN123135,25032014,434890,2737.0
Meta Ads,2022-11-14,CAMPAIGN123135,11079107,28994,596.9959998
Meta Ads,2022-11-15,CAMPAIGN123773,920056,16719,129.994
Meta Ads,2022-11-16,CAMPAIGN123360,3188764,61738,465.5459996
Meta Ads,2022-11-17,CAMPAIGN123853,747238,14359,104.0
Meta Ads,2022-11-18,CAMPAIGN123692,1187735,18112,1816.400001
Meta Ads,2022-11-19,CAMPAIGN123692,217028,2951,339.53
Meta Ads,2022-11-20,CAMPAIGN123692,101417,1437,160.7199998
Meta Ads,2022-11-21,CAMPAIGN123692,89323,1242,131.5379998
Meta Ads,2022-11-22,CAMPAIGN123306,4280455,12901,952.0220004
Meta Ads,2022-11-23,CAMPAIGN123306,2747984,19314,685.346
Meta Ads,2022-11-24,CAMPAIGN123306,2643136,22759,763.1799998
Meta Ads,2022-11-25,CAMPAIGN123306,1625759,3431,299.548
Meta Ads,2022-11-26,CAMPAIGN123306,1549712,7742,366.382
Meta Ads,2022-11-27,CAMPAIGN123306,1335001,2784,233.754
Meta Ads,2022-11-28,CAMPAIGN123306,1205610,2373,210.5800002
Meta Ads,2022-11-29,CAMPAIGN123306,998435,2146,186.688
Meta Ads,2022-11-30,CAMPAIGN123306,510574,1414,93.566
Meta Ads,2022-12-01,CAMPAIGN123306,310388,1445,91.578
Meta Ads,2022-12-02,CAMPAIGN123306,290967,3323,100.196
Meta Ads,2022-12-03,CAMPAIGN123306,150904,1193,53.708
Meta Ads,2022-12-04,CAMPAIGN123306,126160,561,32.406
Meta Ads,2022-12-05,CAMPAIGN123306,97208,1055,33.478
Meta Ads,2022-12-06,CAMPAIGN123306,96482,273,15.782
Meta Ads,2022-12-07,CAMPAIGN123306,66233,144,10.266
Meta Ads,2022-12-08,CAMPAIGN123306,64721,166,8.878
Meta Ads,2022-12-09,CAMPAIGN123306,47599,215,14.0039996
Meta Ads,2022-12-10,CAMPAIGN123306,33059,102,5.018
Meta Ads,2022-12-11,CAMPAIGN123306,17127,43,5.144
Meta Ads,2022-12-12,CAMPAIGN123306,12383,31,3.13
Meta Ads,2022-12-13,CAMPAIGN123306,11628,117,5.534
Meta Ads,2022-12-14,CAMPAIGN123306,10905,47,3.096
Meta Ads,2022-12-15,CAMPAIGN123306,10473,64,2.928
Meta Ads,2022-12-16,CAMPAIGN123306,9703,61,3.682
Meta Ads,2022-12-17,CAMPAIGN123306,9196,21,2.182
Meta Ads,2022-12-18,CAMPAIGN123306,9126,33,2.442
Meta Ads,2022-12-19,CAMPAIGN123306,8698,44,2.534
Meta Ads,2022-12-20,CAMPAIGN123306,8353,78,3.408
Meta Ads,2022-12-21,CAMPAIGN123306,4320,10,1.246
Meta Ads,2022-12-22,CAMPAIGN123306,4275,31,1.606
Meta Ads,2022-12-23,CAMPAIGN123306,3613,30,1.624
Meta Ads,2022-12-24,CAMPAIGN123306,2530,11,0.642
Meta Ads,2022-12-25,CAMPAIGN123306,2428,11,0.902
Meta Ads,2022-12-26,CAMPAIGN123306,1912,10,0.506
Meta Ads,2022-12-27,CAMPAIGN123306,1657,5,0.43
Meta Ads,2022-12-28,CAMPAIGN123306,1657,4,0.37
Meta Ads,2022-12-29,CAMPAIGN123306,1365,3,0.28
Meta Ads,2022-12-30,CAMPAIGN123306,1068,2,0.314
Meta Ads,2022-12-31,CAMPAIGN123306,1040,6,0.234
Meta Ads,2022-01-01,CAMPAIGN123306,887,4,0.242
Meta Ads,2022-01-02,CAMPAIGN123306,744,2,0.22
Meta Ads,2022-01-03,CAMPAIGN123306,626,7,0.266
Meta Ads,2022-01-04,CAMPAIGN123306,411,0,0.08
Meta Ads,2022-01-05,CAMPAIGN123306,348,0,0.084
Meta Ads,2022-01-06,CAMPAIGN123306,280,1,0.074
Meta Ads,2022-01-07,CAMPAIGN123306,196,0,0.072
Meta Ads,2022-01-08,CAMPAIGN123306,194,1,0.044
Meta Ads,2022-01-09,CAMPAIGN123306,183,1,0.05
Meta Ads,2022-01-10,CAMPAIGN123306,88,0,0.01
Meta Ads,2022-01-11,CAMPAIGN123306,81,0,0.006
Meta Ads,2022-01-12,CAMPAIGN123306,56,0,0.012
Meta Ads,2022-01-13,CAMPAIGN123377,2987609,35159,509.2000004
Meta Ads,2022-01-14,CAMPAIGN123377,948255,10919,141.2
Meta Ads,2022-01-15,CAMPAIGN124075,450407,5569,80.0
Meta Ads,2022-01-16,CAMPAIGN123208,7100762,115840,1180.0
Meta Ads,2022-01-17,CAMPAIGN123208,6044211,12194,533.9999998
Meta Ads,2022-01-18,CAMPAIGN123509,1951937,997,165.5220002
Meta Ads,2022-01-19,CAMPAIGN123509,1851566,28784,566.8520002
Meta Ads,2022-01-20,CAMPAIGN123509,1059669,15940,349.9779998
Meta Ads,2022-01-21,CAMPAIGN123509,620806,403,41.772
Meta Ads,2022-01-22,CAMPAIGN123509,483296,330,39.472
Meta Ads,2022-01-23,CAMPAIGN123509,318291,74,22.634
Meta Ads,2022-01-24,CAMPAIGN123509,135948,1850,42.664
Meta Ads,2022-01-25,CAMPAIGN123509,22338,350,5.706
Meta Ads,2022-01-26,CAMPAIGN123717,1081415,8797,204.012
Meta Ads,2022-01-27,CAMPAIGN123717,309017,4873,83.926
Meta Ads,2022-01-28,CAMPAIGN123717,162203,2574,54.5
Meta Ads,2022-01-29,CAMPAIGN123717,66103,175,2.662
Meta Ads,2022-01-30,CAMPAIGN123717,42992,605,14.228
Meta Ads,2022-01-31,CAMPAIGN123717,9811,94,2.042
Meta Ads,2022-02-01,CAMPAIGN124057,470388,4501,103.97
Meta Ads,2022-02-02,CAMPAIGN123362,3168207,85467,640.6
Meta Ads,2022-02-03,CAMPAIGN123362,815805,22587,164.3960002
Meta Ads,2022-02-04,CAMPAIGN123177,9099620,163456,993.1799998
Meta Ads,2022-02-05,CAMPAIGN123177,7012969,131976,751.2199996
Meta Ads,2022-02-06,CAMPAIGN123177,4603310,13474,266.1219996
Meta Ads,2022-02-07,CAMPAIGN123177,4147142,10640,263.866
Meta Ads,2022-02-08,CAMPAIGN123177,842339,1771,48.212
Meta Ads,2022-02-09,CAMPAIGN123697,1173871,33436,240.0000002
Meta Ads,2022-02-10,CAMPAIGN123508,1952071,36043,297.996
Meta Ads,2022-02-11,CAMPAIGN123242,5777824,96486,796.2
Meta Ads,2022-02-12,CAMPAIGN123242,1514945,29907,223.51
Meta Ads,2022-02-13,CAMPAIGN123139,21268613,335689,2296.797999
Meta Ads,2022-02-14,CAMPAIGN123139,8816395,23205,401.206
Meta Ads,2022-02-15,CAMPAIGN123139,4211671,10049,228.956
Meta Ads,2022-02-16,CAMPAIGN123139,537686,1139,28.638
Meta Ads,2022-02-17,CAMPAIGN123767,936515,22689,189.998
Meta Ads,2022-02-18,CAMPAIGN123547,1766194,45925,354.7620002
Meta Ads,2022-02-19,CAMPAIGN123547,1172933,25223,148.638
Meta Ads,2022-02-20,CAMPAIGN123547,387092,8938,54.674
Meta Ads,2022-02-21,CAMPAIGN123547,348424,11922,75.9260002
Meta Ads,2022-02-22,CAMPAIGN123221,6612684,108038,732.1800002
Meta Ads,2022-02-23,CAMPAIGN123221,6482771,16828,336.7999994
Meta Ads,2022-02-24,CAMPAIGN123221,4353995,60611,429.8199996
Meta Ads,2022-02-25,CAMPAIGN124148,357719,6646,104.0
Meta Ads,2022-02-26,CAMPAIGN123850,751007,13177,205.9999998
Meta Ads,2022-02-27,CAMPAIGN123266,5106059,66469,819.044
Meta Ads,2022-02-28,CAMPAIGN123266,4139464,6765,291.572
Meta Ads,2022-03-01,CAMPAIGN123266,1882666,25397,310.556
Meta Ads,2022-03-02,CAMPAIGN123266,212768,353,16.228
Meta Ads,2022-03-03,CAMPAIGN123855,741330,4763,57.87
Meta Ads,2022-03-04,CAMPAIGN123855,436805,3012,36.62
Meta Ads,2022-03-05,CAMPAIGN123855,116472,1011,12.124
Meta Ads,2022-03-06,CAMPAIGN123855,93065,823,10.186
Meta Ads,2022-03-07,CAMPAIGN123985,557999,3245,42.258
Meta Ads,2022-03-08,CAMPAIGN123985,258942,1485,19.454
Meta Ads,2022-03-09,CAMPAIGN123985,108227,846,11.14
Meta Ads,2022-03-10,CAMPAIGN123985,94108,823,9.714
Meta Ads,2022-03-11,CAMPAIGN123985,40282,459,5.434
Meta Ads,2022-03-12,CAMPAIGN123763,962512,6343,71.176
Meta Ads,2022-03-13,CAMPAIGN123763,473192,2997,35.0839998
Meta Ads,2022-03-14,CAMPAIGN123763,289014,2607,30.0020004
Meta Ads,2022-03-15,CAMPAIGN123763,253216,2683,28.988
Meta Ads,2022-03-16,CAMPAIGN123763,44274,573,5.95
Meta Ads,2022-03-17,CAMPAIGN123813,831348,4463,52.464
Meta Ads,2022-03-18,CAMPAIGN123813,474530,2580,30.108
Meta Ads,2022-03-19,CAMPAIGN123813,183559,1313,16.09
Meta Ads,2022-03-20,CAMPAIGN123813,115055,947,10.762
Meta Ads,2022-03-21,CAMPAIGN123813,62377,670,6.976
Meta Ads,2022-03-22,CAMPAIGN123752,992858,6483,89.1500002
Meta Ads,2022-03-23,CAMPAIGN123752,486646,3148,43.494
Meta Ads,2022-03-24,CAMPAIGN123752,237993,1955,26.858
Meta Ads,2022-03-25,CAMPAIGN123752,125843,1141,14.898
Meta Ads,2022-03-26,CAMPAIGN124366,147721,439,19.618
Meta Ads,2022-03-27,CAMPAIGN124366,121707,381,18.512
Meta Ads,2022-03-28,CAMPAIGN124366,99824,569,15.21
Meta Ads,2022-03-29,CAMPAIGN124366,59610,122,11.138
Meta Ads,2022-03-30,CAMPAIGN124366,54093,411,9.97
Meta Ads,2022-03-31,CAMPAIGN124366,46906,407,7.472
Meta Ads,2022-04-01,CAMPAIGN124366,39784,32,6.846
Meta Ads,2022-04-02,CAMPAIGN124366,23928,109,4.89
Meta Ads,2022-04-03,CAMPAIGN124366,19958,80,3.742
Meta Ads,2022-04-04,CAMPAIGN124366,15325,11,2.368
Meta Ads,2022-04-05,CAMPAIGN124366,9984,150,2.734
Meta Ads,2022-04-06,CAMPAIGN124366,9475,34,2.154
Meta Ads,2022-04-07,CAMPAIGN124366,9337,49,1.916
Meta Ads,2022-04-08,CAMPAIGN124366,9007,50,1.584
Meta Ads,2022-04-09,CAMPAIGN124366,8855,49,2.032
Meta Ads,2022-04-10,CAMPAIGN124366,7035,43,1.72
Meta Ads,2022-04-11,CAMPAIGN124366,5142,37,1.126
Meta Ads,2022-04-12,CAMPAIGN124366,1310,7,0.316
Meta Ads,2022-04-13,CAMPAIGN124366,1067,3,0.214
Meta Ads,2022-04-14,CAMPAIGN124366,892,2,0.19
Meta Ads,2022-04-15,CAMPAIGN124366,599,1,0.098
Meta Ads,2022-04-16,CAMPAIGN124366,580,3,0.11
Meta Ads,2022-04-17,CAMPAIGN124366,571,4,0.15
Meta Ads,2022-04-18,CAMPAIGN124366,169,3,0.044
Meta Ads,2022-04-19,CAMPAIGN124366,73,1,0.018
Meta Ads,2022-04-20,CAMPAIGN124366,65,1,0.028
Meta Ads,2022-04-21,CAMPAIGN124417,109022,400,32.412
Meta Ads,2022-04-22,CAMPAIGN124417,94860,281,21.942
Meta Ads,2022-04-23,CAMPAIGN124417,50125,92,7.354
Meta Ads,2022-04-24,CAMPAIGN124417,41657,207,16.1619996
Meta Ads,2022-04-25,CAMPAIGN124417,33920,61,5.7079998
Meta Ads,2022-04-26,CAMPAIGN124417,33703,81,8.424
Meta Ads,2022-04-27,CAMPAIGN124417,18450,43,4.356
Meta Ads,2022-04-28,CAMPAIGN124417,12225,29,2.56
Meta Ads,2022-04-29,CAMPAIGN124417,11951,23,2.486
Meta Ads,2022-04-30,CAMPAIGN124417,8785,17,1.736
Meta Ads,2022-05-01,CAMPAIGN124417,7071,18,1.698
Meta Ads,2022-05-02,CAMPAIGN124417,5908,22,1.476
Meta Ads,2022-05-03,CAMPAIGN124417,5888,10,1.334
Meta Ads,2022-05-04,CAMPAIGN124417,4644,6,1.078
Meta Ads,2022-05-05,CAMPAIGN124417,4594,11,1.004
Meta Ads,2022-05-06,CAMPAIGN124417,4526,14,0.916
Meta Ads,2022-05-07,CAMPAIGN124417,4428,13,1.214
Meta Ads,2022-05-08,CAMPAIGN124417,4377,18,1.39
Meta Ads,2022-05-09,CAMPAIGN124417,3882,6,1.428
Meta Ads,2022-05-10,CAMPAIGN124417,3177,93,1.484
Meta Ads,2022-05-11,CAMPAIGN124417,3087,6,0.814
Meta Ads,2022-05-12,CAMPAIGN124417,2867,74,1.338
Meta Ads,2022-05-13,CAMPAIGN124417,2862,11,1.008
Meta Ads,2022-05-14,CAMPAIGN124417,2661,9,0.544
Meta Ads,2022-05-15,CAMPAIGN124417,1400,3,0.556
Meta Ads,2022-05-16,CAMPAIGN124417,1247,3,0.412
Meta Ads,2022-05-17,CAMPAIGN124417,878,1,0.282
Meta Ads,2022-05-18,CAMPAIGN124417,484,2,0.104
Meta Ads,2022-05-19,CAMPAIGN124417,420,1,0.078
Meta Ads,2022-05-20,CAMPAIGN124417,310,2,0.102
Meta Ads,2022-05-21,CAMPAIGN124417,282,1,0.072
Meta Ads,2022-05-22,CAMPAIGN124417,271,0,0.07
Meta Ads,2022-05-23,CAMPAIGN124417,145,0,0.028
Meta Ads,2022-05-24,CAMPAIGN124417,135,0,0.03
Meta Ads,2022-05-25,CAMPAIGN124288,218094,2275,34.678
Meta Ads,2022-05-26,CAMPAIGN124288,175620,843,24.646
Meta Ads,2022-05-27,CAMPAIGN124288,162161,489,25.368
Meta Ads,2022-05-28,CAMPAIGN124288,71812,206,12.748
Meta Ads,2022-05-29,CAMPAIGN124288,58765,630,11.338
Meta Ads,2022-05-30,CAMPAIGN124288,47859,132,9.734
Meta Ads,2022-05-31,CAMPAIGN124288,38313,297,6.504
Meta Ads,2022-06-01,CAMPAIGN124288,32200,91,5.008
Meta Ads,2022-06-02,CAMPAIGN124288,29929,46,4.898
Meta Ads,2022-06-03,CAMPAIGN124288,27887,86,5.9640002
Meta Ads,2022-06-04,CAMPAIGN124288,25150,997,6.324
Meta Ads,2022-06-05,CAMPAIGN124288,22069,77,4.036
Meta Ads,2022-06-06,CAMPAIGN124288,20102,77,4.44
Meta Ads,2022-06-07,CAMPAIGN124288,19219,700,5.074
Meta Ads,2022-06-08,CAMPAIGN124288,19136,97,3.9499998
Meta Ads,2022-06-09,CAMPAIGN124288,15782,27,2.034
Meta Ads,2022-06-10,CAMPAIGN124288,13453,47,2.8
Meta Ads,2022-06-11,CAMPAIGN124288,13041,118,2.828
Meta Ads,2022-06-12,CAMPAIGN124288,11165,310,3.652
Meta Ads,2022-06-13,CAMPAIGN124288,9271,36,1.97
Meta Ads,2022-06-14,CAMPAIGN124288,7411,185,2.236
Meta Ads,2022-06-15,CAMPAIGN124288,6477,15,0.916
Meta Ads,2022-06-16,CAMPAIGN124288,6204,23,1.196
Meta Ads,2022-06-17,CAMPAIGN124288,6106,10,1.168
Meta Ads,2022-06-18,CAMPAIGN124288,5570,22,1.144
Meta Ads,2022-06-19,CAMPAIGN124288,3225,10,0.602
Meta Ads,2022-06-20,CAMPAIGN124288,2398,6,0.388
Meta Ads,2022-06-21,CAMPAIGN124288,2393,4,0.578
Meta Ads,2022-06-22,CAMPAIGN124288,1216,11,0.264
Meta Ads,2022-06-23,CAMPAIGN124288,916,6,0.206
Meta Ads,2022-06-24,CAMPAIGN124288,267,0,0.06
Meta Ads,2022-06-25,CAMPAIGN124288,146,0,0.028
Meta Ads,2022-06-26,CAMPAIGN124288,110,0,0.018
Meta Ads,2022-06-27,CAMPAIGN124162,345406,822,66.33
Meta Ads,2022-06-28,CAMPAIGN124162,240464,790,40.3299998
Meta Ads,2022-06-29,CAMPAIGN124162,194740,1021,33.76
Meta Ads,2022-06-30,CAMPAIGN124162,148203,299,28.86
Meta Ads,2022-07-01,CAMPAIGN124162,126770,231,26.65
Meta Ads,2022-07-02,CAMPAIGN124162,90509,864,19.764
Meta Ads,2022-07-03,CAMPAIGN124162,88698,944,18.318
Meta Ads,2022-07-04,CAMPAIGN124162,79510,124,16.144
Meta Ads,2022-07-05,CAMPAIGN124162,73675,801,15.6
Meta Ads,2022-07-06,CAMPAIGN124162,64107,207,13.3239998
Meta Ads,2022-07-07,CAMPAIGN124162,60752,94,14.41
Meta Ads,2022-07-08,CAMPAIGN124162,54175,2730,19.102
Meta Ads,2022-07-09,CAMPAIGN124162,52983,267,13.178
Meta Ads,2022-07-10,CAMPAIGN124162,42530,49,8.748
Meta Ads,2022-07-11,CAMPAIGN124162,41974,121,8.6280002
Meta Ads,2022-07-12,CAMPAIGN124162,40730,1580,13.058
Meta Ads,2022-07-13,CAMPAIGN124162,34506,53,8.23
Meta Ads,2022-07-14,CAMPAIGN124162,32538,299,8.924
Meta Ads,2022-07-15,CAMPAIGN124162,31027,50,5.968
Meta Ads,2022-07-16,CAMPAIGN124162,30879,48,5.55
Meta Ads,2022-07-17,CAMPAIGN124162,27330,132,6.584
Meta Ads,2022-07-18,CAMPAIGN124162,26097,30,5.914
Meta Ads,2022-07-19,CAMPAIGN124162,25449,808,9.462
Meta Ads,2022-07-20,CAMPAIGN124162,15821,69,3.554
Meta Ads,2022-07-21,CAMPAIGN124162,15179,44,3.796
Meta Ads,2022-07-22,CAMPAIGN124162,11105,54,2.424
Meta Ads,2022-07-23,CAMPAIGN124162,10666,50,2.308
Meta Ads,2022-07-24,CAMPAIGN124162,8480,42,1.944
Meta Ads,2022-07-25,CAMPAIGN124162,5717,21,1.486
Meta Ads,2022-07-26,CAMPAIGN124162,4363,17,0.822
Meta Ads,2022-07-27,CAMPAIGN124162,2738,11,0.736
Meta Ads,2022-07-28,CAMPAIGN124162,1047,8,0.35
Meta Ads,2022-07-29,CAMPAIGN124162,366,5,0.092
Meta Ads,2022-07-30,CAMPAIGN124162,217,0,0.052
Meta Ads,2022-07-31,CAMPAIGN123942,609724,8816,120.5900002
Meta Ads,2022-08-01,CAMPAIGN123942,469618,2402,100.646
Meta Ads,2022-08-02,CAMPAIGN123942,359400,1714,56.348
Meta Ads,2022-08-03,CAMPAIGN123942,87396,511,19.612
Meta Ads,2022-08-04,CAMPAIGN123942,79936,1622,27.088
Meta Ads,2022-08-05,CAMPAIGN123942,71877,659,18.054
Meta Ads,2022-08-06,CAMPAIGN123942,57029,222,11.8
Meta Ads,2022-08-07,CAMPAIGN123942,53617,621,11.5100002
Meta Ads,2022-08-08,CAMPAIGN123942,42382,167,9.704
Meta Ads,2022-08-09,CAMPAIGN123942,39836,231,7.13
Meta Ads,2022-08-10,CAMPAIGN123942,33396,1834,14.15
Meta Ads,2022-08-11,CAMPAIGN123942,22526,1236,11.524
Meta Ads,2022-08-12,CAMPAIGN123942,12939,80,3.39
Meta Ads,2022-08-13,CAMPAIGN123942,9277,52,1.948
Meta Ads,2022-08-14,CAMPAIGN123942,1820,17,0.476
Meta Ads,2022-08-15,CAMPAIGN123942,1686,8,0.462
Meta Ads,2022-08-16,CAMPAIGN123942,1635,22,0.41
Meta Ads,2022-08-17,CAMPAIGN123942,1194,3,0.18
Meta Ads,2022-08-18,CAMPAIGN123942,1038,7,0.264
Meta Ads,2022-08-19,CAMPAIGN123942,883,4,0.228
Meta Ads,2022-08-20,CAMPAIGN123942,780,7,0.242
Meta Ads,2022-08-21,CAMPAIGN123942,375,3,0.1
Meta Ads,2022-08-22,CAMPAIGN123942,341,2,0.068
Meta Ads,2022-08-23,CAMPAIGN123942,217,0,0.034
Meta Ads,2022-08-24,CAMPAIGN123942,140,2,0.042
Meta Ads,2022-08-25,CAMPAIGN124205,301330,838,40.1560004
Meta Ads,2022-08-26,CAMPAIGN124205,221800,560,44.6219998
Meta Ads,2022-08-27,CAMPAIGN124205,175432,561,31.5939998
Meta Ads,2022-08-28,CAMPAIGN124205,119009,856,17.13
Meta Ads,2022-08-29,CAMPAIGN124205,82200,974,14.9859998
Meta Ads,2022-08-30,CAMPAIGN124205,68536,299,12.584
Meta Ads,2022-08-31,CAMPAIGN124205,68392,3530,20.276
Meta Ads,2022-09-01,CAMPAIGN124205,63343,2965,16.4720004
Meta Ads,2022-09-02,CAMPAIGN124205,48840,129,8.02
Meta Ads,2022-09-03,CAMPAIGN124205,44358,1109,8.382
Meta Ads,2022-09-04,CAMPAIGN124205,41087,148,7.002
Meta Ads,2022-09-05,CAMPAIGN124205,36691,52,4.216
Meta Ads,2022-09-06,CAMPAIGN124205,30656,762,6.128
Meta Ads,2022-09-07,CAMPAIGN124205,29227,109,6.03
Meta Ads,2022-09-08,CAMPAIGN124205,26144,120,3.908
Meta Ads,2022-09-09,CAMPAIGN124205,25992,230,4.39
Meta Ads,2022-09-10,CAMPAIGN124205,23495,146,3.43
Meta Ads,2022-09-11,CAMPAIGN124205,18310,43,3.666
Meta Ads,2022-09-12,CAMPAIGN124205,7940,52,1.57
Meta Ads,2022-09-13,CAMPAIGN124205,7557,100,1.526
Meta Ads,2022-09-14,CAMPAIGN124205,7344,24,1.642
Meta Ads,2022-09-15,CAMPAIGN124205,7048,15,1.338
Meta Ads,2022-09-16,CAMPAIGN124205,6856,29,1.366
Meta Ads,2022-09-17,CAMPAIGN124205,5182,23,0.898
Meta Ads,2022-09-18,CAMPAIGN124205,3385,156,1.392
Meta Ads,2022-09-19,CAMPAIGN124205,2637,5,0.518
Meta Ads,2022-09-20,CAMPAIGN124205,2377,12,0.486
Meta Ads,2022-09-21,CAMPAIGN124205,2286,120,0.992
Meta Ads,2022-09-22,CAMPAIGN124205,1879,11,0.376
Meta Ads,2022-09-23,CAMPAIGN124205,688,4,0.13
Meta Ads,2022-09-24,CAMPAIGN124205,552,5,0.13
Meta Ads,2022-09-25,CAMPAIGN124205,514,9,0.104
Meta Ads,2022-09-26,CAMPAIGN124205,338,2,0.062
Meta Ads,2022-09-27,CAMPAIGN124205,304,1,0.078
Meta Ads,2022-09-28,CAMPAIGN123919,641057,1633,283.1399998
Meta Ads,2022-09-29,CAMPAIGN123919,44645,161,25.6599994
Meta Ads,2022-09-30,CAMPAIGN124351,157908,533,113.256
Meta Ads,2022-10-01,CAMPAIGN124351,133555,452,111.1439998
Meta Ads,2022-10-02,CAMPAIGN123680,1210291,3396,413.7959992
Meta Ads,2022-10-03,CAMPAIGN123680,78160,234,36.604
Meta Ads,2022-10-04,CAMPAIGN123766,938234,2919,504.78
Meta Ads,2022-10-05,CAMPAIGN123766,451286,1362,254.8199998
Meta Ads,2022-10-06,CAMPAIGN123712,1105622,3565,690.718
Meta Ads,2022-10-07,CAMPAIGN123712,60874,261,53.282
Meta Ads,2022-10-08,CAMPAIGN123928,629474,2457,419.1579996
Meta Ads,2022-10-09,CAMPAIGN123928,35957,211,33.242
Meta Ads,2022-10-10,CAMPAIGN124111,408789,10049,28.4
Meta Ads,2022-10-11,CAMPAIGN124111,8,0,0.0
Meta Ads,2022-10-12,CAMPAIGN124279,228049,2534,375.1500006
Meta Ads,2022-10-13,CAMPAIGN124279,155175,2933,220.0399996
Meta Ads,2022-10-14,CAMPAIGN124279,3343,100,5.2
Meta Ads,2022-10-15,CAMPAIGN124156,349246,4377,595.5040004
Meta Ads,2022-10-16,CAMPAIGN124156,194179,2605,264.7700002
Meta Ads,2022-10-17,CAMPAIGN124156,98412,1191,104.328
Meta Ads,2022-10-18,CAMPAIGN124156,19775,191,33.2580002
Meta Ads,2022-10-19,CAMPAIGN124156,2216,52,3.16
Meta Ads,2022-10-20,CAMPAIGN124156,1154,21,0.774
Meta Ads,2022-10-21,CAMPAIGN124164,344457,8559,114.622
Meta Ads,2022-10-22,CAMPAIGN124164,213141,3929,43.218
Meta Ads,2022-10-23,CAMPAIGN124164,102490,1735,19.06
Meta Ads,2022-10-24,CAMPAIGN124164,86435,1754,21.5
Meta Ads,2022-10-25,CAMPAIGN124164,38206,834,10.192
Meta Ads,2022-10-26,CAMPAIGN124164,34555,619,8.558
Meta Ads,2022-10-27,CAMPAIGN124164,17036,317,3.638
Meta Ads,2022-10-28,CAMPAIGN124164,11077,263,3.294
Meta Ads,2022-10-29,CAMPAIGN124164,5459,93,1.18
Meta Ads,2022-10-30,CAMPAIGN124164,4549,83,0.932
Meta Ads,2022-10-31,CAMPAIGN124164,3849,35,0.508
Meta Ads,2022-11-01,CAMPAIGN124164,3726,81,1.244
Meta Ads,2022-11-02,CAMPAIGN124164,3308,53,0.792
Meta Ads,2022-11-03,CAMPAIGN124164,2295,23,0.326
Meta Ads,2022-11-04,CAMPAIGN124164,1731,16,0.226
Meta Ads,2022-11-05,CAMPAIGN124164,1327,23,0.462
Meta Ads,2022-11-06,CAMPAIGN124164,1272,26,0.444
Meta Ads,2022-11-07,CAMPAIGN124164,1207,26,0.242
Meta Ads,2022-11-08,CAMPAIGN124164,1044,5,0.13
Meta Ads,2022-11-09,CAMPAIGN124164,926,8,0.11
Meta Ads,2022-11-10,CAMPAIGN124164,631,9,0.152
Meta Ads,2022-11-11,CAMPAIGN124164,572,9,0.148
Meta Ads,2022-11-12,CAMPAIGN124164,434,2,0.07
Meta Ads,2022-11-13,CAMPAIGN124164,415,2,0.036
Meta Ads,2022-11-14,CAMPAIGN124164,239,1,0.026
Meta Ads,2022-11-15,CAMPAIGN124164,209,1,0.064
Meta Ads,2022-11-16,CAMPAIGN124164,113,0,0.0
Meta Ads,2022-11-17,CAMPAIGN124164,100,2,0.012
Meta Ads,2022-11-18,CAMPAIGN124164,80,0,0.01
Meta Ads,2022-11-19,CAMPAIGN124164,34,0,0.002
Meta Ads,2022-11-20,CAMPAIGN124164,12,0,0.002
Meta Ads,2022-11-21,CAMPAIGN124164,5,0,0.0
Meta Ads,2022-11-22,CAMPAIGN123821,805738,34306,251.066
Meta Ads,2022-11-23,CAMPAIGN123821,382151,15422,112.376
Meta Ads,2022-11-24,CAMPAIGN123821,242274,11321,98.054
Meta Ads,2022-11-25,CAMPAIGN123821,170694,1212,7.262
Meta Ads,2022-11-26,CAMPAIGN123821,129339,3349,24.346
Meta Ads,2022-11-27,CAMPAIGN123821,124332,6114,33.018
Meta Ads,2022-11-28,CAMPAIGN123821,122349,6583,58.248
Meta Ads,2022-11-29,CAMPAIGN123821,102764,2669,20.02
Meta Ads,2022-11-30,CAMPAIGN123821,74137,1796,17.622
Meta Ads,2022-12-01,CAMPAIGN123821,74104,1480,8.924
Meta Ads,2022-12-02,CAMPAIGN123821,72859,2319,20.812
Meta Ads,2022-12-03,CAMPAIGN123821,70801,5527,34.048
Meta Ads,2022-12-04,CAMPAIGN123821,63946,718,4.518
Meta Ads,2022-12-05,CAMPAIGN123821,60301,3394,19.378
Meta Ads,2022-12-06,CAMPAIGN123821,59094,929,5.086
Meta Ads,2022-12-07,CAMPAIGN123821,57758,1821,15.946
Meta Ads,2022-12-08,CAMPAIGN123821,57130,864,5.326
Meta Ads,2022-12-09,CAMPAIGN123821,40712,1320,12.7280002
Meta Ads,2022-12-10,CAMPAIGN123821,38243,2950,14.89
Meta Ads,2022-12-11,CAMPAIGN123821,28666,953,8.776
Meta Ads,2022-12-12,CAMPAIGN123821,24017,596,4.37
Meta Ads,2022-12-13,CAMPAIGN123821,20581,512,3.834
Meta Ads,2022-12-14,CAMPAIGN123821,17444,219,1.304
Meta Ads,2022-12-15,CAMPAIGN123821,14809,317,2.604
Meta Ads,2022-12-16,CAMPAIGN123821,13247,456,3.372
Meta Ads,2022-12-17,CAMPAIGN123821,9016,316,2.76
Meta Ads,2022-12-18,CAMPAIGN123821,8833,394,3.2920002
Meta Ads,2022-12-19,CAMPAIGN123821,5773,138,0.99
Meta Ads,2022-12-20,CAMPAIGN123821,4991,126,1.298
Meta Ads,2022-12-21,CAMPAIGN123821,4508,160,1.622
Meta Ads,2022-12-22,CAMPAIGN123821,3629,90,0.982
Meta Ads,2022-12-23,CAMPAIGN123821,3179,82,0.84
Meta Ads,2022-12-24,CAMPAIGN123821,3032,81,0.892
Meta Ads,2022-12-25,CAMPAIGN123821,2677,94,0.93
Meta Ads,2022-12-26,CAMPAIGN123821,2639,86,0.498
Meta Ads,2022-12-27,CAMPAIGN123821,2124,48,0.45
Meta Ads,2022-12-28,CAMPAIGN123821,2066,81,0.5
Meta Ads,2022-12-29,CAMPAIGN123821,2024,39,0.456
Meta Ads,2022-12-30,CAMPAIGN123821,1378,67,0.54
Meta Ads,2022-12-31,CAMPAIGN123821,999,28,0.382
Meta Ads,2022-01-01,CAMPAIGN123821,975,35,0.384
Meta Ads,2022-01-02,CAMPAIGN123821,774,13,0.15
Meta Ads,2022-01-03,CAMPAIGN123821,769,24,0.174
Meta Ads,2022-01-04,CAMPAIGN123821,716,13,0.146
Meta Ads,2022-01-05,CAMPAIGN123821,548,10,0.092
Meta Ads,2022-01-06,CAMPAIGN123821,430,1,0.05
Meta Ads,2022-01-07,CAMPAIGN123821,403,14,0.1
Meta Ads,2022-01-08,CAMPAIGN123821,282,5,0.046
Meta Ads,2022-01-09,CAMPAIGN123821,254,5,0.04
Meta Ads,2022-01-10,CAMPAIGN123821,138,3,0.008
Meta Ads,2022-01-11,CAMPAIGN123821,110,1,0.03
Meta Ads,2022-01-12,CAMPAIGN123821,87,2,0.01
Meta Ads,2022-01-13,CAMPAIGN123821,76,2,0.002
Meta Ads,2022-01-14,CAMPAIGN123821,43,2,0.002
Meta Ads,2022-01-15,CAMPAIGN123821,31,2,0.004
Meta Ads,2022-01-16,CAMPAIGN123821,26,1,0.0
Meta Ads,2022-01-17,CAMPAIGN123821,24,0,0.0
Meta Ads,2022-01-18,CAMPAIGN123821,16,0,0.002
Meta Ads,2022-01-19,CAMPAIGN123821,15,0,0.0
Meta Ads,2022-01-20,CAMPAIGN123821,5,0,0.0
Meta Ads,2022-01-21,CAMPAIGN124201,304919,8786,62.92
Meta Ads,2022-01-22,CAMPAIGN124201,218046,10083,58.424
Meta Ads,2022-01-23,CAMPAIGN124201,217100,5195,41.186
Meta Ads,2022-01-24,CAMPAIGN124201,166887,7315,44.968
Meta Ads,2022-01-25,CAMPAIGN124201,102480,4799,38.768
Meta Ads,2022-01-26,CAMPAIGN124201,47755,2795,16.486
Meta Ads,2022-01-27,CAMPAIGN124201,34537,854,6.358
Meta Ads,2022-01-28,CAMPAIGN124201,25516,1258,7.676
Meta Ads,2022-01-29,CAMPAIGN124201,16665,894,4.8300002
Meta Ads,2022-01-30,CAMPAIGN124201,15359,673,3.918
Meta Ads,2022-01-31,CAMPAIGN124201,15016,371,2.934
Meta Ads,2022-02-01,CAMPAIGN124201,13906,437,2.752
Meta Ads,2022-02-02,CAMPAIGN124201,13321,852,5.56
Meta Ads,2022-02-03,CAMPAIGN124201,12719,477,3.302
Meta Ads,2022-02-04,CAMPAIGN124201,11857,248,2.216
Meta Ads,2022-02-05,CAMPAIGN124201,7876,221,1.728
Meta Ads,2022-02-06,CAMPAIGN124201,6947,295,2.434
Meta Ads,2022-02-07,CAMPAIGN124201,5671,98,1.048
Meta Ads,2022-02-08,CAMPAIGN124201,5325,183,1.09
Meta Ads,2022-02-09,CAMPAIGN124201,4339,90,0.866
Meta Ads,2022-02-10,CAMPAIGN124201,3654,124,1.348
Meta Ads,2022-02-11,CAMPAIGN124201,2926,87,0.446
Meta Ads,2022-02-12,CAMPAIGN124201,1879,50,0.264
Meta Ads,2022-02-13,CAMPAIGN124201,1790,20,0.274
Meta Ads,2022-02-14,CAMPAIGN124201,1748,38,0.286
Meta Ads,2022-02-15,CAMPAIGN124201,1612,45,0.402
Meta Ads,2022-02-16,CAMPAIGN124201,1542,56,0.448
Meta Ads,2022-02-17,CAMPAIGN124201,1334,12,0.142
Meta Ads,2022-02-18,CAMPAIGN124201,746,11,0.096
Meta Ads,2022-02-19,CAMPAIGN124201,521,12,0.074
Meta Ads,2022-02-20,CAMPAIGN124201,519,11,0.09
Meta Ads,2022-02-21,CAMPAIGN124201,477,13,0.052
Meta Ads,2022-02-22,CAMPAIGN124201,400,13,0.048
Meta Ads,2022-02-23,CAMPAIGN124201,386,8,0.072
Meta Ads,2022-02-24,CAMPAIGN124201,377,2,0.07
Meta Ads,2022-02-25,CAMPAIGN124201,358,10,0.062
Meta Ads,2022-02-26,CAMPAIGN124201,349,8,0.072
Meta Ads,2022-02-27,CAMPAIGN124201,276,6,0.05
Meta Ads,2022-02-28,CAMPAIGN124201,217,4,0.03
Meta Ads,2022-03-01,CAMPAIGN124201,216,6,0.066
Meta Ads,2022-03-01,CAMPAIGN124201,166,5,0.026
Meta Ads,2022-03-02,CAMPAIGN124201,150,0,0.02
Meta Ads,2022-03-03,CAMPAIGN124201,134,6,0.038
Meta Ads,2022-03-04,CAMPAIGN124201,102,1,0.006
Meta Ads,2022-03-05,CAMPAIGN124201,96,1,0.012
Meta Ads,2022-03-06,CAMPAIGN124201,89,3,0.012
Meta Ads,2022-03-07,CAMPAIGN124201,77,0,0.004
Meta Ads,2022-03-08,CAMPAIGN124201,72,1,0.01
Meta Ads,2022-03-09,CAMPAIGN124201,59,2,0.012
Meta Ads,2022-03-10,CAMPAIGN124201,51,1,0.0
Meta Ads,2022-03-11,CAMPAIGN124201,45,0,0.002
Meta Ads,2022-03-12,CAMPAIGN124201,33,3,0.002
Meta Ads,2022-03-13,CAMPAIGN124201,31,1,0.0
Meta Ads,2022-03-14,CAMPAIGN124201,24,0,0.0
Meta Ads,2022-03-15,CAMPAIGN124201,17,0,0.0
Meta Ads,2022-03-16,CAMPAIGN124201,10,0,0.0
Meta Ads,2022-03-17,CAMPAIGN124201,6,0,0.0
Meta Ads,2022-03-18,CAMPAIGN124468,68149,2846,35.47
Meta Ads,2022-03-19,CAMPAIGN124468,56835,1315,28.342
Meta Ads,2022-03-20,CAMPAIGN124468,44838,1689,25.4399998
Meta Ads,2022-03-21,CAMPAIGN124468,34834,891,20.558
Meta Ads,2022-03-22,CAMPAIGN124468,23235,245,9.368
Meta Ads,2022-03-23,CAMPAIGN124468,22055,179,10.948
Meta Ads,2022-03-24,CAMPAIGN124468,9401,57,4.732
Meta Ads,2022-03-25,CAMPAIGN124468,7769,106,2.404
Meta Ads,2022-03-26,CAMPAIGN124468,6091,41,3.316
Meta Ads,2022-03-27,CAMPAIGN124468,6048,113,1.906
Meta Ads,2022-03-28,CAMPAIGN124468,5736,26,2.87
Meta Ads,2022-03-29,CAMPAIGN124468,4882,16,2.784
Meta Ads,2022-03-30,CAMPAIGN124468,4183,15,2.164
Meta Ads,2022-03-31,CAMPAIGN124468,3751,152,3.364
Meta Ads,2022-04-01,CAMPAIGN124468,3558,36,2.93
Meta Ads,2022-04-02,CAMPAIGN124468,3435,17,2.226
Meta Ads,2022-04-03,CAMPAIGN124468,3291,23,2.064
Meta Ads,2022-04-04,CAMPAIGN124468,2669,13,1.246
Meta Ads,2022-04-05,CAMPAIGN124468,2451,24,0.474
Meta Ads,2022-04-06,CAMPAIGN124468,2187,8,1.132
Meta Ads,2022-04-07,CAMPAIGN124468,2024,35,0.508
Meta Ads,2022-04-08,CAMPAIGN124468,1966,42,0.706
Meta Ads,2022-04-09,CAMPAIGN124468,1911,6,1.102
Meta Ads,2022-04-10,CAMPAIGN124468,1814,16,0.452
Meta Ads,2022-04-11,CAMPAIGN124468,1287,19,0.38
Meta Ads,2022-04-12,CAMPAIGN124468,1057,12,0.182
Meta Ads,2022-04-13,CAMPAIGN124468,1030,5,0.606
Meta Ads,2022-04-14,CAMPAIGN124468,915,6,0.134
Meta Ads,2022-04-15,CAMPAIGN124468,898,13,0.168
Meta Ads,2022-04-16,CAMPAIGN124468,702,8,0.098
Meta Ads,2022-04-17,CAMPAIGN124468,549,7,0.128
Meta Ads,2022-04-18,CAMPAIGN124468,527,4,0.144
Meta Ads,2022-04-19,CAMPAIGN124468,498,12,0.37
Meta Ads,2022-04-20,CAMPAIGN124468,492,10,0.07
Meta Ads,2022-04-21,CAMPAIGN124468,425,4,0.09
Meta Ads,2022-04-22,CAMPAIGN124468,423,9,0.054
Meta Ads,2022-04-23,CAMPAIGN124468,386,1,0.07
Meta Ads,2022-04-24,CAMPAIGN124468,350,2,0.052
Meta Ads,2022-04-25,CAMPAIGN124468,326,2,0.07
Meta Ads,2022-04-26,CAMPAIGN124468,317,6,0.092
Meta Ads,2022-04-27,CAMPAIGN124468,300,5,0.104
Meta Ads,2022-04-28,CAMPAIGN124468,289,3,0.064
Meta Ads,2022-04-29,CAMPAIGN124468,226,2,0.068
Meta Ads,2022-04-30,CAMPAIGN124468,163,1,0.008
Meta Ads,2022-05-01,CAMPAIGN124468,153,2,0.022
Meta Ads,2022-05-02,CAMPAIGN124468,112,2,0.024
Meta Ads,2022-05-03,CAMPAIGN124468,98,1,0.022
Meta Ads,2022-05-04,CAMPAIGN124468,86,1,0.006
Meta Ads,2022-05-05,CAMPAIGN124468,79,1,0.032
Meta Ads,2022-05-06,CAMPAIGN124468,79,0,0.002
Meta Ads,2022-05-07,CAMPAIGN124468,63,0,0.006
Meta Ads,2022-05-08,CAMPAIGN124468,54,0,0.0
Meta Ads,2022-05-09,CAMPAIGN124468,39,0,0.012
Meta Ads,2022-05-10,CAMPAIGN124468,31,0,0.0
Meta Ads,2022-05-11,CAMPAIGN124468,18,0,0.0
Meta Ads,2022-05-12,CAMPAIGN124468,17,0,0.004
Meta Ads,2022-05-13,CAMPAIGN124468,14,0,0.0
Meta Ads,2022-05-14,CAMPAIGN124468,13,0,0.004
Meta Ads,2022-05-15,CAMPAIGN124468,9,0,0.0
Meta Ads,2022-05-16,CAMPAIGN124468,8,0,0.0
Meta Ads,2022-05-17,CAMPAIGN124468,8,0,0.0
Meta Ads,2022-05-18,CAMPAIGN124468,6,0,0.0
Meta Ads,2022-05-19,CAMPAIGN123828,789018,30605,206.0140002
Meta Ads,2022-05-20,CAMPAIGN123828,507259,18769,119.684
Meta Ads,2022-05-21,CAMPAIGN123828,227986,15987,86.37
Meta Ads,2022-05-22,CAMPAIGN123828,202382,4605,37.638
Meta Ads,2022-05-23,CAMPAIGN123828,126869,6667,56.6700002
Meta Ads,2022-05-24,CAMPAIGN123828,121912,6055,48.556
Meta Ads,2022-05-25,CAMPAIGN123828,111984,2292,18.692
Meta Ads,2022-05-26,CAMPAIGN123828,97818,5753,33.784
Meta Ads,2022-05-27,CAMPAIGN123828,91250,6483,36.154
Meta Ads,2022-05-28,CAMPAIGN123828,89695,1209,8.38
Meta Ads,2022-05-29,CAMPAIGN123828,85741,1656,11.544
Meta Ads,2022-05-30,CAMPAIGN123828,76655,2063,21.8779998
Meta Ads,2022-05-31,CAMPAIGN123828,72045,2650,18.532
Meta Ads,2022-06-01,CAMPAIGN123828,69085,1250,10.282
Meta Ads,2022-06-02,CAMPAIGN123828,66510,6247,33.148
Meta Ads,2022-06-03,CAMPAIGN123828,64782,2354,15.516
Meta Ads,2022-06-04,CAMPAIGN123828,51210,905,10.786
Meta Ads,2022-06-05,CAMPAIGN123828,35918,1013,11.404
Meta Ads,2022-06-06,CAMPAIGN123828,31595,613,4.718
Meta Ads,2022-06-07,CAMPAIGN123828,20543,385,4.124
Meta Ads,2022-06-08,CAMPAIGN123828,16806,500,4.918
Meta Ads,2022-06-09,CAMPAIGN123828,15184,407,4.176
Meta Ads,2022-06-10,CAMPAIGN123828,10223,322,3.218
Meta Ads,2022-06-11,CAMPAIGN123828,9451,226,3.07
Meta Ads,2022-06-12,CAMPAIGN123828,9182,390,3.78
Meta Ads,2022-06-13,CAMPAIGN123828,8818,191,1.962
Meta Ads,2022-06-14,CAMPAIGN123828,7389,195,1.34
Meta Ads,2022-06-15,CAMPAIGN123828,6244,106,1.232
Meta Ads,2022-06-16,CAMPAIGN123828,6204,107,1.166
Meta Ads,2022-06-17,CAMPAIGN123828,5488,174,1.912
Meta Ads,2022-06-18,CAMPAIGN123828,4568,179,1.502
Meta Ads,2022-06-19,CAMPAIGN123828,4211,154,1.568
Meta Ads,2022-06-20,CAMPAIGN123828,3364,64,0.74
Meta Ads,2022-06-21,CAMPAIGN123828,3178,87,0.942
Meta Ads,2022-06-22,CAMPAIGN123828,3041,73,0.586
Meta Ads,2022-06-23,CAMPAIGN123828,2534,34,0.638
Meta Ads,2022-06-24,CAMPAIGN123828,2518,33,0.604
Meta Ads,2022-06-25,CAMPAIGN123828,2136,39,0.61
Meta Ads,2022-06-26,CAMPAIGN123828,2097,55,0.456
Meta Ads,2022-06-27,CAMPAIGN123828,1818,36,0.472
Meta Ads,2022-06-28,CAMPAIGN123828,918,15,0.186
Meta Ads,2022-06-29,CAMPAIGN123828,848,17,0.174
Meta Ads,2022-06-30,CAMPAIGN123828,793,13,0.12
Meta Ads,2022-07-01,CAMPAIGN123828,724,14,0.122
Meta Ads,2022-07-02,CAMPAIGN123828,658,16,0.202
Meta Ads,2022-07-03,CAMPAIGN123828,519,21,0.12
Meta Ads,2022-07-04,CAMPAIGN123828,468,5,0.048
Meta Ads,2022-07-05,CAMPAIGN123828,383,8,0.096
Meta Ads,2022-07-06,CAMPAIGN123828,383,2,0.08
Meta Ads,2022-07-07,CAMPAIGN123828,323,7,0.07
Meta Ads,2022-07-08,CAMPAIGN123828,316,11,0.148
Meta Ads,2022-07-09,CAMPAIGN123828,300,7,0.07
Meta Ads,2022-07-10,CAMPAIGN123828,282,6,0.08
Meta Ads,2022-07-11,CAMPAIGN123828,272,4,0.072
Meta Ads,2022-07-12,CAMPAIGN123828,169,1,0.024
Meta Ads,2022-07-13,CAMPAIGN123828,118,4,0.02
Meta Ads,2022-07-14,CAMPAIGN123828,48,0,0.002
Meta Ads,2022-07-15,CAMPAIGN123828,33,0,0.0
Meta Ads,2022-07-16,CAMPAIGN123828,25,1,0.0
Meta Ads,2022-07-17,CAMPAIGN123828,3,0,0.0
Meta Ads,2022-07-18,CAMPAIGN123828,2,0,0.0
Meta Ads,2022-07-19,CAMPAIGN123796,865850,29118,190.582
Meta Ads,2022-07-20,CAMPAIGN123796,551092,17501,121.974
Meta Ads,2022-07-21,CAMPAIGN123796,317404,11703,98.9
Meta Ads,2022-07-22,CAMPAIGN123796,172187,3163,24.764
Meta Ads,2022-07-23,CAMPAIGN123796,76714,1110,11.914
Meta Ads,2022-07-24,CAMPAIGN123796,65152,1201,10.002
Meta Ads,2022-07-25,CAMPAIGN123796,62595,874,9.12
Meta Ads,2022-07-26,CAMPAIGN123796,59008,1053,8.208
Meta Ads,2022-07-27,CAMPAIGN123796,53901,819,8.438
Meta Ads,2022-07-28,CAMPAIGN123796,35370,982,9.534
Meta Ads,2022-07-29,CAMPAIGN123796,29628,462,4.596
Meta Ads,2022-07-30,CAMPAIGN123796,21580,383,3.694
Meta Ads,2022-07-31,CAMPAIGN123796,19861,278,2.508
Meta Ads,2022-08-01,CAMPAIGN123796,13034,267,3.078
Meta Ads,2022-08-02,CAMPAIGN123796,8871,118,1.062
Meta Ads,2022-08-03,CAMPAIGN123796,7599,143,1.69
Meta Ads,2022-08-04,CAMPAIGN123796,5705,83,0.684
Meta Ads,2022-08-05,CAMPAIGN123796,4227,72,0.746
Meta Ads,2022-08-06,CAMPAIGN123796,3828,70,0.654
Meta Ads,2022-08-07,CAMPAIGN123796,3818,79,0.71
Meta Ads,2022-08-08,CAMPAIGN123796,3591,42,0.546
Meta Ads,2022-08-09,CAMPAIGN123796,3038,54,0.494
Meta Ads,2022-08-10,CAMPAIGN123796,2671,33,0.454
Meta Ads,2022-08-11,CAMPAIGN123796,2404,48,0.51
Meta Ads,2022-08-12,CAMPAIGN123796,2253,41,0.38
Meta Ads,2022-08-13,CAMPAIGN123796,2142,63,0.794
Meta Ads,2022-08-14,CAMPAIGN123796,1891,24,0.228
Meta Ads,2022-08-15,CAMPAIGN123796,1560,28,0.29
Meta Ads,2022-08-16,CAMPAIGN123796,1491,24,0.304
Meta Ads,2022-08-17,CAMPAIGN123796,1180,10,0.144
Meta Ads,2022-08-18,CAMPAIGN123796,675,11,0.07
Meta Ads,2022-08-19,CAMPAIGN123796,630,11,0.096
Meta Ads,2022-08-20,CAMPAIGN123796,607,12,0.096
Meta Ads,2022-08-21,CAMPAIGN123796,593,8,0.086
Meta Ads,2022-08-22,CAMPAIGN123796,399,1,0.038
Meta Ads,2022-08-23,CAMPAIGN123796,394,4,0.034
Meta Ads,2022-08-24,CAMPAIGN123796,388,5,0.062
Meta Ads,2022-08-25,CAMPAIGN123796,359,6,0.078
Meta Ads,2022-08-26,CAMPAIGN123796,264,5,0.016
Meta Ads,2022-08-27,CAMPAIGN123796,152,2,0.02
Meta Ads,2022-08-28,CAMPAIGN123796,91,0,0.002
Meta Ads,2022-08-29,CAMPAIGN123796,26,1,0.0
Meta Ads,2022-08-30,CAMPAIGN123796,16,1,0.0
Meta Ads,2022-08-31,CAMPAIGN123796,15,1,0.0
Meta Ads,2022-09-01,CAMPAIGN123796,15,0,0.0
Meta Ads,2022-09-02,CAMPAIGN123796,8,1,0.0
Meta Ads,2022-09-03,CAMPAIGN123796,6,0,0.0
Meta Ads,2022-09-04,CAMPAIGN124285,220054,971,62.8360004
Meta Ads,2022-09-05,CAMPAIGN124462,75993,293,51.9999992
Meta Ads,2022-09-06,CAMPAIGN124173,336987,1175,69.0699998
Meta Ads,2022-09-07,CAMPAIGN124336,171364,833,63.012
Meta Ads,2022-09-08,CAMPAIGN124202,303353,1363,80.72
Meta Ads,2022-09-09,CAMPAIGN124410,114940,554,59.5079996
Meta Ads,2022-09-10,CAMPAIGN124296,213458,1058,69.5439998
Meta Ads,2022-09-11,CAMPAIGN123662,1298181,10333,399.9999998
Meta Ads,2022-09-12,CAMPAIGN124301,208581,1855,71.05
Meta Ads,2022-09-13,CAMPAIGN123359,3188882,33792,373.2
Meta Ads,2022-09-14,CAMPAIGN124009,533488,6273,108.63
Meta Ads,2022-09-15,CAMPAIGN123643,1340985,13467,270.2
Meta Ads,2022-09-16,CAMPAIGN123485,2049394,18886,345.396
Meta Ads,2022-09-17,CAMPAIGN123290,4629639,15167,799.5680002
Meta Ads,2022-09-18,CAMPAIGN123758,975191,9443,274.9719998
Meta Ads,2022-09-19,CAMPAIGN123758,822354,9323,200.42
Meta Ads,2022-09-20,CAMPAIGN123672,1233368,10305,319.538
Meta Ads,2022-09-21,CAMPAIGN123672,426946,3965,71.66
Meta Ads,2022-09-22,CAMPAIGN123628,1370542,10666,344.4
Meta Ads,2022-09-23,CAMPAIGN123628,570132,5463,100.598
Meta Ads,2022-09-24,CAMPAIGN123933,621962,7098,140.332
Meta Ads,2022-09-25,CAMPAIGN123933,585156,6058,230.01
Meta Ads,2022-09-26,CAMPAIGN123933,485312,5401,78.98
Meta Ads,2022-09-27,CAMPAIGN123933,174910,2159,51.912
Meta Ads,2022-09-28,CAMPAIGN123933,90587,1162,13.842
Meta Ads,2022-09-29,CAMPAIGN123933,50375,768,8.724
Meta Ads,2022-09-30,CAMPAIGN123585,1590383,17601,407.776
Meta Ads,2022-10-01,CAMPAIGN123585,779504,8014,246.824
Meta Ads,2022-10-02,CAMPAIGN123571,1646925,17909,557.6
Meta Ads,2022-10-03,CAMPAIGN124232,278838,2108,82.808
Meta Ads,2022-10-04,CAMPAIGN124232,171128,1255,46.478
Meta Ads,2022-10-05,CAMPAIGN124041,480704,3304,151.71
Meta Ads,2022-10-06,CAMPAIGN124203,303270,2405,100.384
Meta Ads,2022-10-07,CAMPAIGN124203,17553,173,6.138
Meta Ads,2022-10-08,CAMPAIGN124141,370791,2641,106.596
Meta Ads,2022-10-09,CAMPAIGN124141,60152,417,14.506
Meta Ads,2022-10-10,CAMPAIGN124357,152478,1331,44.692
Meta Ads,2022-10-11,CAMPAIGN124357,148213,1400,52.978
Meta Ads,2022-10-12,CAMPAIGN124357,46139,520,17.61
Meta Ads,2022-10-13,CAMPAIGN124357,39291,356,9.79
Meta Ads,2022-10-14,CAMPAIGN124357,38783,391,11.37
Meta Ads,2022-10-15,CAMPAIGN124357,21855,189,6.146
Meta Ads,2022-10-16,CAMPAIGN124183,327511,2871,102.286
Meta Ads,2022-10-17,CAMPAIGN124183,226386,1888,76.028
Meta Ads,2022-10-18,CAMPAIGN123608,1468333,14517,287.976
Meta Ads,2022-10-19,CAMPAIGN123608,96162,1135,18.222
Meta Ads,2022-10-20,CAMPAIGN123719,1074575,12063,203.818
Meta Ads,2022-10-21,CAMPAIGN123719,412049,3165,88.2
Meta Ads,2022-10-22,CAMPAIGN123719,376878,4643,59.202
Meta Ads,2022-10-23,CAMPAIGN123719,249819,2558,43.67
Meta Ads,2022-10-24,CAMPAIGN123719,60326,600,7.66
Meta Ads,2022-10-25,CAMPAIGN123719,50625,637,7.446
Meta Ads,2022-10-26,CAMPAIGN123579,1623224,18895,293.132
Meta Ads,2022-10-27,CAMPAIGN123579,911336,10928,219.066
Meta Ads,2022-10-28,CAMPAIGN123595,1544345,23170,434.8
Meta Ads,2022-10-29,CAMPAIGN123614,1432984,15106,301.83
Meta Ads,2022-10-30,CAMPAIGN123614,233017,3017,46.37
Meta Ads,2022-10-31,CAMPAIGN123683,1198108,10175,184.552
Meta Ads,2022-11-01,CAMPAIGN123683,1025846,10894,185.846
Meta Ads,2022-11-02,CAMPAIGN123892,690331,6421,160.632
Meta Ads,2022-11-03,CAMPAIGN123892,133687,1357,23.35
Meta Ads,2022-11-04,CAMPAIGN123785,891374,8750,230.5860002
Meta Ads,2022-11-05,CAMPAIGN124037,486333,6127,113.502
Meta Ads,2022-11-06,CAMPAIGN124037,355673,5234,83.088
Meta Ads,2022-11-07,CAMPAIGN124132,379218,6349,87.562
Meta Ads,2022-11-08,CAMPAIGN124132,244480,3402,67.434
Meta Ads,2022-11-09,CAMPAIGN124132,153878,2039,24.598
Meta Ads,2022-11-10,CAMPAIGN124132,81381,1774,22.18
Meta Ads,2022-11-11,CAMPAIGN124132,64473,1030,10.376
Meta Ads,2022-11-12,CAMPAIGN124132,24816,367,4.45
Meta Ads,2022-11-13,CAMPAIGN123932,624641,5878,150.782
Meta Ads,2022-11-14,CAMPAIGN123932,68195,672,10.994
Meta Ads,2022-11-15,CAMPAIGN123882,703481,8833,159.682
Meta Ads,2022-11-16,CAMPAIGN123882,470980,4966,110.908
Meta Ads,2022-11-17,CAMPAIGN123445,2330255,22352,424.634
Meta Ads,2022-11-18,CAMPAIGN123445,553262,5852,56.564
Meta Ads,2022-11-19,CAMPAIGN123361,3186888,36491,602.9999996
Meta Ads,2022-11-20,CAMPAIGN123560,1692304,20637,286.1960002
Meta Ads,2022-11-21,CAMPAIGN123560,731154,8735,73.136
Meta Ads,2022-11-22,CAMPAIGN123560,591462,6357,129.566
Meta Ads,2022-11-23,CAMPAIGN123560,247887,3396,50.72
Meta Ads,2022-11-24,CAMPAIGN123560,207762,2786,21.618
Meta Ads,2022-11-25,CAMPAIGN123560,58743,691,5.164
Meta Ads,2022-11-26,CAMPAIGN123525,1869675,13860,284.314
Meta Ads,2022-11-27,CAMPAIGN123525,1676509,15723,229.6839998
Meta Ads,2022-11-28,CAMPAIGN123446,2323751,19727,400.01
Meta Ads,2022-11-29,CAMPAIGN123446,212367,2369,22.988
Meta Ads,2022-11-30,CAMPAIGN123352,3313266,33085,467.268
Meta Ads,2022-12-01,CAMPAIGN123352,1264486,13607,240.33
Meta Ads,2022-12-02,CAMPAIGN123764,960186,10572,157.7800002
Meta Ads,2022-12-03,CAMPAIGN123764,718182,7790,110.402
Meta Ads,2022-12-04,CAMPAIGN123764,464680,4569,70.096
Meta Ads,2022-12-05,CAMPAIGN123764,430593,11236,51.0839998
Meta Ads,2022-12-06,CAMPAIGN123764,391851,9126,75.334
Meta Ads,2022-12-07,CAMPAIGN123764,242832,6494,27.904
Meta Ads,2022-12-08,CAMPAIGN123215,6833160,99240,1391.55
Meta Ads,2022-12-09,CAMPAIGN123215,3743780,111942,521.2039998
Meta Ads,2022-12-10,CAMPAIGN123215,832886,25862,147.7580004
Meta Ads,2022-12-11,CAMPAIGN123215,576387,7259,104.088
Meta Ads,2022-12-12,CAMPAIGN123288,4685109,65589,1068.496
Meta Ads,2022-12-13,CAMPAIGN123288,1482262,18626,355.5179998
Meta Ads,2022-12-14,CAMPAIGN123288,1227523,16527,279.05
Meta Ads,2022-12-15,CAMPAIGN123288,1192151,16967,268.4679998
Meta Ads,2022-12-16,CAMPAIGN123288,635608,8883,141.712
Meta Ads,2022-12-17,CAMPAIGN123288,578442,8786,133.0379998
Meta Ads,2022-12-18,CAMPAIGN123288,21548,499,5.578
Meta Ads,2022-12-19,CAMPAIGN123288,20710,581,5.356
Meta Ads,2022-12-20,CAMPAIGN123288,9973,253,2.384
Meta Ads,2022-12-21,CAMPAIGN123517,1922253,32540,368.298
Meta Ads,2022-12-22,CAMPAIGN123517,1069151,17738,299.178
Meta Ads,2022-12-23,CAMPAIGN123517,534697,12108,172.8939998
Meta Ads,2022-12-24,CAMPAIGN123517,420533,7034,83.13
Meta Ads,2022-12-25,CAMPAIGN123517,20311,461,3.898
Meta Ads,2022-12-26,CAMPAIGN123562,1688120,4276,167.3260002
Meta Ads,2022-12-27,CAMPAIGN123562,437608,3105,134.842
Meta Ads,2022-12-28,CAMPAIGN123562,411067,1539,99.8900004
Meta Ads,2022-12-29,CAMPAIGN123562,258537,1851,74.022
Meta Ads,2022-12-30,CAMPAIGN123562,246792,1271,71.8559994
Meta Ads,2022-12-31,CAMPAIGN123562,123978,507,19.54
Meta Ads,2022-01-01,CAMPAIGN123562,110249,329,18.21
Meta Ads,2022-01-02,CAMPAIGN123562,104993,486,28.516
Meta Ads,2022-01-03,CAMPAIGN123562,95527,635,34.058
Meta Ads,2022-01-04,CAMPAIGN123562,61837,430,18.276
Meta Ads,2022-01-05,CAMPAIGN123562,59742,237,16.722
Meta Ads,2022-01-06,CAMPAIGN123562,37239,229,12.034
Meta Ads,2022-01-07,CAMPAIGN123562,22216,158,8.428
Meta Ads,2022-01-08,CAMPAIGN123562,18073,116,5.272
Meta Ads,2022-01-09,CAMPAIGN123562,902,4,0.27
Meta Ads,2022-01-10,CAMPAIGN123562,562,2,0.106
Meta Ads,2022-01-11,CAMPAIGN123562,318,6,0.18
Meta Ads,2022-01-12,CAMPAIGN123562,120,1,0.016
Meta Ads,2022-01-13,CAMPAIGN123562,102,0,0.028
Meta Ads,2022-01-14,CAMPAIGN123562,55,0,0.002
Meta Ads,2022-01-15,CAMPAIGN124020,513610,909,86.9740004
Meta Ads,2022-01-16,CAMPAIGN124020,311259,2145,169.9979994
Meta Ads,2022-01-17,CAMPAIGN124020,164443,312,40.414
Meta Ads,2022-01-18,CAMPAIGN124020,155104,571,66.86
Meta Ads,2022-01-19,CAMPAIGN124020,84887,309,37.844
Meta Ads,2022-01-20,CAMPAIGN124020,59709,288,28.662
Meta Ads,2022-01-21,CAMPAIGN124020,57925,371,35.812
Meta Ads,2022-01-22,CAMPAIGN124020,24160,184,13.064
Meta Ads,2022-01-23,CAMPAIGN124020,23497,68,7.07
Meta Ads,2022-01-24,CAMPAIGN124020,10266,47,5.41
Meta Ads,2022-01-25,CAMPAIGN124020,6797,41,3.9
Meta Ads,2022-01-26,CAMPAIGN124020,6186,14,2.1600002
Meta Ads,2022-01-27,CAMPAIGN124020,5957,35,4.74
Meta Ads,2022-01-28,CAMPAIGN124020,3296,10,1.326
Meta Ads,2022-01-29,CAMPAIGN124020,1383,9,0.382
Meta Ads,2022-01-30,CAMPAIGN124020,999,3,0.536
Meta Ads,2022-01-31,CAMPAIGN124020,344,2,0.428
Meta Ads,2022-02-01,CAMPAIGN124020,141,0,0.08
Meta Ads,2022-02-02,CAMPAIGN124020,48,2,0.026
Meta Ads,2022-02-03,CAMPAIGN123348,3372344,8969,306.3419998
Meta Ads,2022-02-04,CAMPAIGN123348,761205,2657,132.5959996
Meta Ads,2022-02-05,CAMPAIGN123348,682185,3356,197.2599992
Meta Ads,2022-02-06,CAMPAIGN123348,561415,2814,152.2240002
Meta Ads,2022-02-07,CAMPAIGN123348,491281,2604,114.006
Meta Ads,2022-02-08,CAMPAIGN123348,279168,1306,71.4800004
Meta Ads,2022-02-09,CAMPAIGN123348,250770,919,57.1740002
Meta Ads,2022-02-10,CAMPAIGN123348,241362,686,31.6959998
Meta Ads,2022-02-11,CAMPAIGN123348,192683,714,46.778
Meta Ads,2022-02-12,CAMPAIGN123348,151720,714,45.112
Meta Ads,2022-02-13,CAMPAIGN123348,127514,570,30.39
Meta Ads,2022-02-14,CAMPAIGN123348,114060,603,24.636
Meta Ads,2022-02-15,CAMPAIGN123348,14876,65,4.068
Meta Ads,2022-02-16,CAMPAIGN123348,4776,40,2.61
Meta Ads,2022-02-17,CAMPAIGN123348,1549,13,0.484
Meta Ads,2022-02-18,CAMPAIGN123348,1541,10,0.308
Meta Ads,2022-02-19,CAMPAIGN123348,1147,5,0.21
Meta Ads,2022-02-20,CAMPAIGN123348,432,0,0.112
Meta Ads,2022-02-21,CAMPAIGN123348,215,1,0.062
Meta Ads,2022-02-22,CAMPAIGN123348,200,1,0.038
Meta Ads,2022-02-23,CAMPAIGN123385,2917179,9458,393.6599994
Meta Ads,2022-02-24,CAMPAIGN123385,1293002,5124,333.0779996
Meta Ads,2022-02-25,CAMPAIGN123385,1046155,5931,362.8759994
Meta Ads,2022-02-26,CAMPAIGN123385,797869,3840,236.586
Meta Ads,2022-02-27,CAMPAIGN123385,462420,2919,141.842
Meta Ads,2022-02-28,CAMPAIGN123385,380431,2405,96.09
Meta Ads,2022-03-01,CAMPAIGN123385,373165,1755,107.036
Meta Ads,2022-03-02,CAMPAIGN123385,346881,1612,108.6859994
Meta Ads,2022-03-03,CAMPAIGN123385,289818,1265,54.662
Meta Ads,2022-03-04,CAMPAIGN123385,227478,987,44.054
Meta Ads,2022-03-05,CAMPAIGN123385,121687,759,40.898
Meta Ads,2022-03-06,CAMPAIGN123385,102424,505,30.756
Meta Ads,2022-03-07,CAMPAIGN123385,67865,379,28.246
Meta Ads,2022-03-08,CAMPAIGN123385,41233,119,7.6039998
Meta Ads,2022-03-09,CAMPAIGN123385,18021,111,7.716
Meta Ads,2022-03-10,CAMPAIGN123385,5935,30,1.782
Meta Ads,2022-03-11,CAMPAIGN123385,5576,21,1.804
Meta Ads,2022-03-12,CAMPAIGN123385,901,9,0.294
Meta Ads,2022-03-13,CAMPAIGN123385,299,0,0.1
Meta Ads,2022-03-14,CAMPAIGN123351,3335161,11095,355.9439996
Meta Ads,2022-03-15,CAMPAIGN123351,1941084,7949,342.3000004
Meta Ads,2022-03-16,CAMPAIGN123351,1185984,8101,477.198
Meta Ads,2022-03-17,CAMPAIGN123351,585508,5454,218.024
Meta Ads,2022-03-18,CAMPAIGN123351,497226,2348,138.496
Meta Ads,2022-03-19,CAMPAIGN123351,322276,2307,155.502
Meta Ads,2022-03-20,CAMPAIGN123351,271222,1275,49.6900004
Meta Ads,2022-03-21,CAMPAIGN123351,215931,825,34.6939998
Meta Ads,2022-03-22,CAMPAIGN123351,167425,976,57.538
Meta Ads,2022-03-23,CAMPAIGN123351,79060,771,35.774
Meta Ads,2022-03-24,CAMPAIGN123351,71285,269,19.55
Meta Ads,2022-03-25,CAMPAIGN123351,63271,375,21.052
Meta Ads,2022-03-26,CAMPAIGN123351,32205,278,17.354
Meta Ads,2022-03-27,CAMPAIGN123351,21191,56,3.6359996
Meta Ads,2022-03-28,CAMPAIGN123351,20443,146,9.818
Meta Ads,2022-03-29,CAMPAIGN123351,4184,53,3.62
Meta Ads,2022-03-30,CAMPAIGN123351,4096,14,1.02
Meta Ads,2022-03-31,CAMPAIGN123351,3311,12,0.774
Meta Ads,2022-04-01,CAMPAIGN123351,1048,13,0.518
Meta Ads,2022-04-02,CAMPAIGN123351,105,2,0.08
Meta Ads,2022-04-03,CAMPAIGN123639,1352644,27434,259.848
Meta Ads,2022-04-04,CAMPAIGN123639,922202,9928,136.934
Meta Ads,2022-04-05,CAMPAIGN123639,209420,5509,39.754
Meta Ads,2022-04-06,CAMPAIGN123639,36259,530,4.37
Meta Ads,2022-04-07,CAMPAIGN123639,28560,498,4.776
Meta Ads,2022-04-08,CAMPAIGN123639,14806,225,1.88
Meta Ads,2022-04-09,CAMPAIGN123639,13263,262,1.226
Meta Ads,2022-04-10,CAMPAIGN123639,10719,233,1.488
Meta Ads,2022-04-11,CAMPAIGN123639,9882,356,3.492
Meta Ads,2022-04-12,CAMPAIGN123639,3543,113,0.622
Meta Ads,2022-04-13,CAMPAIGN123382,2938315,27734,333.7660004
Meta Ads,2022-04-14,CAMPAIGN123382,816892,21404,282.08
Meta Ads,2022-04-15,CAMPAIGN123711,1111301,17476,142.912
Meta Ads,2022-04-16,CAMPAIGN123711,825238,8399,81.098
Meta Ads,2022-04-17,CAMPAIGN123711,698568,9090,127.724
Meta Ads,2022-04-18,CAMPAIGN123711,322648,3859,33.792
Meta Ads,2022-04-19,CAMPAIGN123711,181114,2264,23.928
Meta Ads,2022-04-20,CAMPAIGN123711,21829,307,2.516
Meta Ads,2022-04-21,CAMPAIGN123711,18759,362,3.252
Meta Ads,2022-04-22,CAMPAIGN123711,14284,206,2.856
Meta Ads,2022-04-23,CAMPAIGN123711,13189,461,4.102
Meta Ads,2022-04-24,CAMPAIGN123711,19,1,0.02
Meta Ads,2022-04-25,CAMPAIGN123807,837989,52792,198.4860002
Meta Ads,2022-04-26,CAMPAIGN123807,174190,6810,36.028
Meta Ads,2022-04-27,CAMPAIGN123807,24773,738,4.574
Meta Ads,2022-04-28,CAMPAIGN123807,18253,979,3.862
Meta Ads,2022-04-29,CAMPAIGN123807,17705,556,2.514
Meta Ads,2022-04-30,CAMPAIGN123807,15317,307,1.24
Meta Ads,2022-05-01,CAMPAIGN123807,6005,149,1.13
Meta Ads,2022-05-02,CAMPAIGN123807,3981,279,0.956
Meta Ads,2022-05-03,CAMPAIGN123807,60,1,0.01
Meta Ads,2022-05-04,CAMPAIGN123807,57,1,0.0
Meta Ads,2022-05-05,CAMPAIGN123807,3,0,0.0
Meta Ads,2022-05-06,CAMPAIGN123528,1850693,38023,198.734
Meta Ads,2022-05-07,CAMPAIGN123528,334828,15894,69.624
Meta Ads,2022-05-08,CAMPAIGN123528,205995,7295,38.018
Meta Ads,2022-05-09,CAMPAIGN123528,55778,901,4.666
Meta Ads,2022-05-10,CAMPAIGN123528,26267,746,2.726
Meta Ads,2022-05-11,CAMPAIGN123528,19091,891,3.19
Meta Ads,2022-05-12,CAMPAIGN123528,18609,375,1.442
Meta Ads,2022-05-13,CAMPAIGN123528,6149,158,1.144
Meta Ads,2022-05-14,CAMPAIGN123528,4027,190,1.056
Meta Ads,2022-05-15,CAMPAIGN123528,1,0,0.0
Meta Ads,2022-05-16,CAMPAIGN124420,107329,1338,172.428
Meta Ads,2022-05-17,CAMPAIGN124420,80597,51,122.456
Meta Ads,2022-05-18,CAMPAIGN124420,74939,38,110.918
Meta Ads,2022-05-19,CAMPAIGN124420,61619,714,92.512
Meta Ads,2022-05-20,CAMPAIGN124420,26858,20,42.408
Meta Ads,2022-05-21,CAMPAIGN124420,17415,13,27.454
Meta Ads,2022-05-22,CAMPAIGN124420,15709,180,24.2660002
Meta Ads,2022-05-23,CAMPAIGN124420,12976,128,19.796
Meta Ads,2022-05-24,CAMPAIGN124420,11219,8,18.532
Meta Ads,2022-05-25,CAMPAIGN124420,8415,46,14.266
Meta Ads,2022-05-26,CAMPAIGN124420,6824,6,11.5179998
Meta Ads,2022-05-27,CAMPAIGN124420,2205,13,3.808
Meta Ads,2022-05-28,CAMPAIGN124420,1855,3,2.978
Meta Ads,2022-05-29,CAMPAIGN124420,1719,1,2.882
Meta Ads,2022-05-30,CAMPAIGN124420,1309,30,2.116
Meta Ads,2022-05-31,CAMPAIGN124420,1281,6,2.118
Meta Ads,2022-06-01,CAMPAIGN124420,988,35,1.532
Meta Ads,2022-06-02,CAMPAIGN124420,251,9,0.412
Meta Ads,2022-06-03,CAMPAIGN124149,356443,331,517.1339998
Meta Ads,2022-06-04,CAMPAIGN124149,201202,2520,281.6599996
Meta Ads,2022-06-05,CAMPAIGN124149,96961,1803,162.8419996
Meta Ads,2022-06-06,CAMPAIGN124149,65867,506,101.404
Meta Ads,2022-06-07,CAMPAIGN124149,45454,783,63.49
Meta Ads,2022-06-08,CAMPAIGN124149,34604,615,50.85
Meta Ads,2022-06-09,CAMPAIGN124149,7698,58,12.992
Meta Ads,2022-06-10,CAMPAIGN124149,3382,9,5.808
Meta Ads,2022-06-11,CAMPAIGN124149,1167,9,2.018
Meta Ads,2022-06-12,CAMPAIGN124374,136508,7535,56.132
Meta Ads,2022-06-13,CAMPAIGN124374,36982,1604,14.976
Meta Ads,2022-06-14,CAMPAIGN124374,20916,871,8.692
Meta Ads,2022-06-15,CAMPAIGN124388,129330,170,31.6120002
Meta Ads,2022-06-16,CAMPAIGN124388,54337,49,11.6500002
Meta Ads,2022-06-17,CAMPAIGN124388,6031,7,4.066
Meta Ads,2022-06-18,CAMPAIGN124388,3926,8,2.834
Meta Ads,2022-06-19,CAMPAIGN124061,467372,33555,138.478
Meta Ads,2022-06-20,CAMPAIGN124061,175809,9559,39.284
Meta Ads,2022-06-21,CAMPAIGN124061,1088,18,0.238
Meta Ads,2022-06-22,CAMPAIGN123759,966223,2079,154.404
Meta Ads,2022-06-23,CAMPAIGN123759,264658,454,52.1879998
Meta Ads,2022-06-24,CAMPAIGN123759,27982,51,11.3419998
Meta Ads,2022-06-25,CAMPAIGN123759,10118,18,4.992
Meta Ads,2022-06-26,CAMPAIGN123927,630517,6790,58.64
Meta Ads,2022-06-27,CAMPAIGN123927,125457,1572,13.3879996
Meta Ads,2022-06-28,CAMPAIGN123927,38770,410,3.574
Meta Ads,2022-06-29,CAMPAIGN123927,9765,221,1.848
Meta Ads,2022-06-30,CAMPAIGN123927,3297,55,0.55
Meta Ads,2022-07-01,CAMPAIGN123996,546888,36133,212.628
Meta Ads,2022-07-02,CAMPAIGN123996,20732,1120,7.286
Meta Ads,2022-07-03,CAMPAIGN123996,1253,13,0.286
Meta Ads,2022-07-04,CAMPAIGN123593,1546266,2921,243.0939996
Meta Ads,2022-07-05,CAMPAIGN123593,322206,526,56.35
Meta Ads,2022-07-06,CAMPAIGN123593,44791,114,10.23
Meta Ads,2022-07-07,CAMPAIGN123593,10798,29,4.726
Meta Ads,2022-07-08,CAMPAIGN123838,769405,1557,119.4960004
Meta Ads,2022-07-09,CAMPAIGN123838,105658,176,16.592
Meta Ads,2022-07-10,CAMPAIGN123838,17717,41,3.4339998
Meta Ads,2022-07-11,CAMPAIGN123838,3411,7,0.94
Meta Ads,2022-07-12,CAMPAIGN124006,537034,7386,103.086
Meta Ads,2022-07-13,CAMPAIGN124006,61377,603,9.668
Meta Ads,2022-07-14,CAMPAIGN124006,33012,595,11.302
Meta Ads,2022-07-15,CAMPAIGN123940,614703,6843,101.582
Meta Ads,2022-07-16,CAMPAIGN123940,237883,4768,49.618
Meta Ads,2022-07-17,CAMPAIGN123632,1365498,3527,107.028
Meta Ads,2022-07-18,CAMPAIGN123632,1138368,3580,93.3259992
Meta Ads,2022-07-19,CAMPAIGN123632,1083629,17534,222.068
Meta Ads,2022-07-20,CAMPAIGN123632,734200,5680,85.9820002
Meta Ads,2022-07-21,CAMPAIGN123632,387235,886,32.74
Meta Ads,2022-07-22,CAMPAIGN123632,143854,345,12.056
Meta Ads,2022-07-23,CAMPAIGN124071,457828,6667,96.952
Meta Ads,2022-07-24,CAMPAIGN124071,371792,5212,75.63
Meta Ads,2022-07-25,CAMPAIGN124071,50346,684,11.906
Meta Ads,2022-07-26,CAMPAIGN123948,598653,8792,99.874
Meta Ads,2022-07-27,CAMPAIGN123948,446565,6114,89.7620002
Meta Ads,2022-07-28,CAMPAIGN123948,214739,3020,44.348
Meta Ads,2022-07-29,CAMPAIGN123431,2456553,10874,248.5999998
Meta Ads,2022-07-30,CAMPAIGN124095,427644,28003,89.966
Meta Ads,2022-07-31,CAMPAIGN124095,402,1,0.01
Meta Ads,2022-08-01,CAMPAIGN124095,346,5,0.002
Meta Ads,2022-08-02,CAMPAIGN124095,294,2,0.008
Meta Ads,2022-08-03,CAMPAIGN124095,261,1,0.006
Meta Ads,2022-08-04,CAMPAIGN124095,211,2,0.006
Meta Ads,2022-08-05,CAMPAIGN124095,169,0,0.0
Meta Ads,2022-08-06,CAMPAIGN124095,157,0,0.0
Meta Ads,2022-08-07,CAMPAIGN124095,146,0,0.0
Meta Ads,2022-08-08,CAMPAIGN124095,141,0,0.0
Meta Ads,2022-08-09,CAMPAIGN124095,129,0,0.0
Meta Ads,2022-08-10,CAMPAIGN124095,113,1,0.0
Meta Ads,2022-08-11,CAMPAIGN124095,68,2,0.002
Meta Ads,2022-08-12,CAMPAIGN124095,44,0,0.0
Meta Ads,2022-08-13,CAMPAIGN124095,33,1,0.0
Meta Ads,2022-08-14,CAMPAIGN124189,321144,1038,100.578
Meta Ads,2022-08-15,CAMPAIGN124189,66883,255,22.822
Meta Ads,2022-08-16,CAMPAIGN124120,396849,11415,108.6
Meta Ads,2022-08-17,CAMPAIGN124083,442039,2891,81.054
Meta Ads,2022-08-18,CAMPAIGN124083,241129,1482,44.452
Meta Ads,2022-08-19,CAMPAIGN124083,94047,648,20.328
Meta Ads,2022-08-20,CAMPAIGN124083,10525,124,3.508
Meta Ads,2022-08-21,CAMPAIGN124083,4884,54,1.458
Meta Ads,2022-08-22,CAMPAIGN123569,1655809,13916,143.03
Meta Ads,2022-08-23,CAMPAIGN123569,1493440,13781,143.0879998
Meta Ads,2022-08-24,CAMPAIGN123569,35977,379,3.574
Meta Ads,2022-08-25,CAMPAIGN123569,23762,362,3.308
Meta Ads,2022-08-26,CAMPAIGN123748,1001351,9334,104.654
Meta Ads,2022-08-27,CAMPAIGN123748,818540,7578,78.718
Meta Ads,2022-08-28,CAMPAIGN123748,20815,330,2.808
Meta Ads,2022-08-29,CAMPAIGN123748,20378,391,3.62
Meta Ads,2022-08-30,CAMPAIGN123538,1808262,20910,236.7400004
Meta Ads,2022-08-31,CAMPAIGN123538,1484707,15581,189.06
Meta Ads,2022-09-01,CAMPAIGN123538,64487,1266,12.834
Meta Ads,2022-09-02,CAMPAIGN123538,26355,427,4.966
Meta Ads,2022-09-03,CAMPAIGN123421,2590954,34279,287.7200002
Meta Ads,2022-09-04,CAMPAIGN123421,1130529,14632,135.2500004
Meta Ads,2022-09-05,CAMPAIGN123421,30006,665,4.966
Meta Ads,2022-09-06,CAMPAIGN123421,17647,485,3.664
Meta Ads,2022-09-07,CAMPAIGN124225,287347,3349,78.06
Meta Ads,2022-09-08,CAMPAIGN124225,258303,14064,155.856
Meta Ads,2022-09-09,CAMPAIGN124225,111062,7083,91.018
Meta Ads,2022-09-10,CAMPAIGN124225,46431,647,14.24
Meta Ads,2022-09-11,CAMPAIGN124043,479571,8357,111.618
Meta Ads,2022-09-12,CAMPAIGN124043,387535,6282,110.346
Meta Ads,2022-09-13,CAMPAIGN124043,274632,4991,73.374
Meta Ads,2022-09-14,CAMPAIGN124043,17324,293,5.454
Meta Ads,2022-09-15,CAMPAIGN124474,64532,1303,14.93
Meta Ads,2022-09-16,CAMPAIGN124474,39229,559,5.932
Meta Ads,2022-09-17,CAMPAIGN124474,27044,570,6.398
Meta Ads,2022-09-18,CAMPAIGN124474,11180,183,2.092
Meta Ads,2022-09-19,CAMPAIGN124474,8421,205,2.12
Meta Ads,2022-09-20,CAMPAIGN124474,6930,115,1.3
Meta Ads,2022-09-21,CAMPAIGN123727,1054231,19468,225.774
Meta Ads,2022-09-22,CAMPAIGN123727,500795,7903,96.784
Meta Ads,2022-09-23,CAMPAIGN123727,400468,6295,79.102
Meta Ads,2022-09-24,CAMPAIGN123727,4538,151,1.54
Meta Ads,2022-09-25,CAMPAIGN123666,1288550,40164,230.0
Meta Ads,2022-09-26,CAMPAIGN123746,1002849,5524,123.466
Meta Ads,2022-09-27,CAMPAIGN123746,798011,2150,84.09
Meta Ads,2022-09-28,CAMPAIGN123598,1534874,2433,127.16
Meta Ads,2022-09-29,CAMPAIGN123273,4943056,9884,346.5800004
Meta Ads,2022-09-30,CAMPAIGN123273,1736245,2968,126.4440004
Meta Ads,2022-10-01,CAMPAIGN123163,10735741,23876,684.4040006
Meta Ads,2022-10-02,CAMPAIGN124391,126299,3519,23.78
Meta Ads,2022-10-03,CAMPAIGN124391,61104,935,12.4
Meta Ads,2022-10-04,CAMPAIGN124438,90271,3850,23.39
Meta Ads,2022-10-05,CAMPAIGN124438,34780,1028,10.21
Meta Ads,2022-10-06,CAMPAIGN124090,434124,10221,89.99
Meta Ads,2022-10-07,CAMPAIGN124090,239316,4783,56.4
Meta Ads,2022-10-08,CAMPAIGN124133,378387,10241,89.594
Meta Ads,2022-10-09,CAMPAIGN124133,178698,4894,56.4
Meta Ads,2022-10-10,CAMPAIGN124011,530930,16836,90.178
Meta Ads,2022-10-11,CAMPAIGN124011,291438,7688,55.822
Meta Ads,2022-10-12,CAMPAIGN123840,768533,24364,121.6
Meta Ads,2022-10-13,CAMPAIGN123840,522548,13253,80.4
Meta Ads,2022-10-14,CAMPAIGN124347,160791,3843,39.166
Meta Ads,2022-10-15,CAMPAIGN124347,92157,1817,24.834
Meta Ads,2022-10-16,CAMPAIGN123567,1665963,30957,181.988
Meta Ads,2022-10-17,CAMPAIGN123567,955495,16617,108.9839998
Meta Ads,2022-10-18,CAMPAIGN124321,188085,4347,43.962
Meta Ads,2022-10-19,CAMPAIGN124321,109734,2078,28.798
Meta Ads,2022-10-20,CAMPAIGN123699,1157765,24977,145.998
Meta Ads,2022-10-21,CAMPAIGN123699,647167,11550,82.0
Meta Ads,2022-10-22,CAMPAIGN123747,1001448,29308,155.592
Meta Ads,2022-10-23,CAMPAIGN123747,629813,13513,104.0
Meta Ads,2022-10-24,CAMPAIGN123518,1920462,34992,207.9939998
Meta Ads,2022-10-25,CAMPAIGN123518,1037807,18328,125.9999998
Meta Ads,2022-10-26,CAMPAIGN123629,1366562,28535,168.196
Meta Ads,2022-10-27,CAMPAIGN123629,741528,13810,97.804
Meta Ads,2022-10-28,CAMPAIGN123936,617433,19386,104.192
Meta Ads,2022-10-29,CAMPAIGN123936,347879,9275,64.8
Meta Ads,2022-10-30,CAMPAIGN123722,1071163,17694,168.298
Meta Ads,2022-10-31,CAMPAIGN123722,545194,8218,77.13
Meta Ads,2022-11-01,CAMPAIGN123722,203833,3529,33.442
Meta Ads,2022-11-02,CAMPAIGN123722,102678,1558,13.728
Meta Ads,2022-11-03,CAMPAIGN123969,572028,9753,94.07
Meta Ads,2022-11-04,CAMPAIGN123858,737994,3077,141.8599996
Meta Ads,2022-11-05,CAMPAIGN123858,306952,1811,60.2600006
Meta Ads,2022-11-06,CAMPAIGN123858,168630,851,26.416
Meta Ads,2022-11-07,CAMPAIGN123858,136503,882,27.46
Meta Ads,2022-11-08,CAMPAIGN123858,67376,165,17.804
Meta Ads,2022-11-09,CAMPAIGN123858,55811,154,12.812
Meta Ads,2022-11-10,CAMPAIGN123858,1178,3,0.258
Meta Ads,2022-11-11,CAMPAIGN123858,710,5,0.114
Meta Ads,2022-11-12,CAMPAIGN123858,127,1,0.016
Meta Ads,2022-11-13,CAMPAIGN123906,668126,4204,134.133999
Meta Ads,2022-11-14,CAMPAIGN123906,322150,1794,70.004
Meta Ads,2022-11-15,CAMPAIGN123906,262031,1950,43.792
Meta Ads,2022-11-16,CAMPAIGN123906,181010,961,51.732
Meta Ads,2022-11-17,CAMPAIGN123906,65272,236,17.298
Meta Ads,2022-11-18,CAMPAIGN123906,47437,341,10.442
Meta Ads,2022-11-19,CAMPAIGN123906,45336,194,10.6
Meta Ads,2022-11-20,CAMPAIGN123906,3303,16,0.668
Meta Ads,2022-11-21,CAMPAIGN123909,659728,1083,132.6559974
Meta Ads,2022-11-22,CAMPAIGN123909,255039,722,72.4960022
Meta Ads,2022-11-23,CAMPAIGN123909,177559,412,30.002
Meta Ads,2022-11-24,CAMPAIGN123909,137849,237,41.098
Meta Ads,2022-11-25,CAMPAIGN123909,109019,325,24.41
Meta Ads,2022-11-26,CAMPAIGN123909,40387,49,9.014
Meta Ads,2022-11-27,CAMPAIGN123909,33933,59,11.128
Meta Ads,2022-11-28,CAMPAIGN123909,3710,4,0.722
Meta Ads,2022-11-29,CAMPAIGN123994,547247,2152,155.258003
Meta Ads,2022-11-30,CAMPAIGN123994,207744,910,49.7120008
Meta Ads,2022-12-01,CAMPAIGN123994,123086,320,51.1259998
Meta Ads,2022-12-02,CAMPAIGN123994,108259,705,29.278
Meta Ads,2022-12-03,CAMPAIGN123994,107024,651,25.092
Meta Ads,2022-12-04,CAMPAIGN123994,47781,86,17.898
Meta Ads,2022-12-05,CAMPAIGN123994,32072,79,10.116
Meta Ads,2022-12-06,CAMPAIGN123994,34,0,0.004
Meta Ads,2022-12-07,CAMPAIGN123992,548248,2231,135.157999
Meta Ads,2022-12-08,CAMPAIGN123992,324711,1219,68.6920002
Meta Ads,2022-12-09,CAMPAIGN123992,146064,894,29.042
Meta Ads,2022-12-10,CAMPAIGN123992,109387,278,47.4680002
Meta Ads,2022-12-11,CAMPAIGN123992,92990,637,25.632
Meta Ads,2022-12-12,CAMPAIGN123992,46902,114,21.592
Meta Ads,2022-12-13,CAMPAIGN123992,39901,117,11.162
Meta Ads,2022-12-14,CAMPAIGN123992,394,0,0.058
Meta Ads,2022-12-15,CAMPAIGN123669,1246391,41303,198.422
Meta Ads,2022-12-16,CAMPAIGN123669,198442,7897,49.16
Meta Ads,2022-12-17,CAMPAIGN123669,85719,2179,12.602
Meta Ads,2022-12-18,CAMPAIGN123669,63362,1924,12.16
Meta Ads,2022-12-19,CAMPAIGN123669,63052,1533,8.184
Meta Ads,2022-12-20,CAMPAIGN123669,53529,1428,7.742
Meta Ads,2022-12-21,CAMPAIGN123669,25762,1017,6.18
Meta Ads,2022-12-22,CAMPAIGN123669,20888,742,4.7
Meta Ads,2022-12-23,CAMPAIGN123669,17323,563,3.468
Meta Ads,2022-12-24,CAMPAIGN123669,11718,569,3.544
Meta Ads,2022-12-25,CAMPAIGN123669,10253,421,2.6
Meta Ads,2022-12-26,CAMPAIGN123669,8171,392,2.374
Meta Ads,2022-12-27,CAMPAIGN123669,7326,211,1.254
Meta Ads,2022-12-28,CAMPAIGN123669,5575,188,1.104
Meta Ads,2022-12-29,CAMPAIGN123669,5327,257,1.658
Meta Ads,2022-12-30,CAMPAIGN123669,5264,145,0.85
Meta Ads,2022-12-31,CAMPAIGN123669,1810,60,0.372
Meta Ads,2022-01-01,CAMPAIGN123669,1235,55,0.358
Meta Ads,2022-01-02,CAMPAIGN123669,1156,59,0.378
Meta Ads,2022-01-03,CAMPAIGN123669,980,28,0.196
Meta Ads,2022-01-04,CAMPAIGN123669,733,35,0.196
Meta Ads,2022-01-05,CAMPAIGN123669,680,20,0.126
Meta Ads,2022-01-06,CAMPAIGN123669,485,26,0.15
Meta Ads,2022-01-07,CAMPAIGN123669,307,18,0.122
Meta Ads,2022-01-08,CAMPAIGN123669,170,15,0.08
Meta Ads,2022-01-09,CAMPAIGN123667,1260315,24113,213.726
Meta Ads,2022-01-10,CAMPAIGN123667,264279,3415,46.476
Meta Ads,2022-01-11,CAMPAIGN123667,138800,1478,20.456
Meta Ads,2022-01-12,CAMPAIGN123667,69560,489,7.02
Meta Ads,2022-01-13,CAMPAIGN123667,67345,489,6.756
Meta Ads,2022-01-14,CAMPAIGN123667,55935,568,8.214
Meta Ads,2022-01-15,CAMPAIGN123667,24480,231,2.88
Meta Ads,2022-01-16,CAMPAIGN123667,24458,246,3.476
Meta Ads,2022-01-17,CAMPAIGN123667,22790,264,3.272
Meta Ads,2022-01-18,CAMPAIGN123667,6528,61,0.992
Meta Ads,2022-01-19,CAMPAIGN123667,3344,27,0.572
Meta Ads,2022-01-20,CAMPAIGN123667,2219,25,0.466
Meta Ads,2022-01-21,CAMPAIGN123667,892,4,0.094
Meta Ads,2022-01-22,CAMPAIGN123667,729,7,0.088
Meta Ads,2022-01-23,CAMPAIGN123667,616,2,0.06
Meta Ads,2022-01-24,CAMPAIGN123667,522,1,0.024
Meta Ads,2022-01-25,CAMPAIGN123667,486,7,0.132
Meta Ads,2022-01-26,CAMPAIGN123667,448,5,0.052
Meta Ads,2022-01-27,CAMPAIGN123820,808209,6218,139.4659998
Meta Ads,2022-01-28,CAMPAIGN123820,745418,4967,110.67
Meta Ads,2022-01-29,CAMPAIGN123820,624835,3936,119.7619998
Meta Ads,2022-01-30,CAMPAIGN123820,486832,2145,65.53
Meta Ads,2022-01-31,CAMPAIGN123820,304770,2930,46.65
Meta Ads,2022-02-01,CAMPAIGN123820,189961,1658,25.59
Meta Ads,2022-02-02,CAMPAIGN123820,67690,466,8.264
Meta Ads,2022-02-03,CAMPAIGN123820,67638,711,14.494
Meta Ads,2022-02-04,CAMPAIGN123820,66717,739,14.836
Meta Ads,2022-02-05,CAMPAIGN123820,49050,451,9.416
Meta Ads,2022-02-06,CAMPAIGN123820,33806,196,5.34
Meta Ads,2022-02-07,CAMPAIGN123820,29710,224,6.226
Meta Ads,2022-02-08,CAMPAIGN123820,27627,437,8.256
Meta Ads,2022-02-09,CAMPAIGN123820,26234,401,7.1
Meta Ads,2022-02-10,CAMPAIGN123820,23214,161,3.78
Meta Ads,2022-02-11,CAMPAIGN123820,20454,172,4.064
Meta Ads,2022-02-12,CAMPAIGN123820,18523,164,4.75
Meta Ads,2022-02-13,CAMPAIGN123820,18081,223,6.41
Meta Ads,2022-02-14,CAMPAIGN123820,12873,106,3.064
Meta Ads,2022-02-15,CAMPAIGN123820,8731,86,2.746
Meta Ads,2022-02-16,CAMPAIGN123710,1113351,15282,292.208
Meta Ads,2022-02-17,CAMPAIGN123710,319178,2375,73.9959998
Meta Ads,2022-02-18,CAMPAIGN123710,197211,1205,35.164
Meta Ads,2022-02-19,CAMPAIGN123710,122815,425,12.1200002
Meta Ads,2022-02-20,CAMPAIGN123710,90512,288,8.984
Meta Ads,2022-02-21,CAMPAIGN123710,49213,232,5.772
Meta Ads,2022-02-22,CAMPAIGN123710,49135,361,11.762
Meta Ads,2022-02-23,CAMPAIGN123710,48309,265,6.056
Meta Ads,2022-02-24,CAMPAIGN123710,31670,143,3.688
Meta Ads,2022-02-25,CAMPAIGN123710,30278,179,6.816
Meta Ads,2022-02-26,CAMPAIGN123710,26718,183,6.602
Meta Ads,2022-02-27,CAMPAIGN123710,25422,130,3.848
Meta Ads,2022-02-28,CAMPAIGN123710,17808,101,3.39
Meta Ads,2022-03-01,CAMPAIGN123710,10194,42,1.042
Meta Ads,2022-03-02,CAMPAIGN123710,4373,15,0.604
Meta Ads,2022-03-03,CAMPAIGN123710,2205,9,0.444
Meta Ads,2022-03-04,CAMPAIGN123710,2156,12,0.528
Meta Ads,2022-03-05,CAMPAIGN123710,1618,3,0.114
Meta Ads,2022-03-06,CAMPAIGN123710,1108,5,0.096
Meta Ads,2022-03-07,CAMPAIGN123710,1087,4,0.124
Meta Ads,2022-03-08,CAMPAIGN123710,892,5,0.118
Meta Ads,2022-03-09,CAMPAIGN123710,427,2,0.054
Meta Ads,2022-03-10,CAMPAIGN123710,180,2,0.04
Meta Ads,2022-03-11,CAMPAIGN123710,159,1,0.03
Meta Ads,2022-03-12,CAMPAIGN123710,62,0,0.0
Meta Ads,2022-03-13,CAMPAIGN123971,571225,5474,78.198
Meta Ads,2022-03-14,CAMPAIGN123971,346256,3318,63.252
Meta Ads,2022-03-15,CAMPAIGN123971,213589,1339,30.2000002
Meta Ads,2022-03-16,CAMPAIGN123971,203141,1944,38.57
Meta Ads,2022-03-17,CAMPAIGN123971,60732,444,5.93
Meta Ads,2022-03-18,CAMPAIGN123971,43794,673,10.646
Meta Ads,2022-03-19,CAMPAIGN123971,14612,127,3.452
Meta Ads,2022-03-20,CAMPAIGN123971,8503,89,2.424
Meta Ads,2022-03-21,CAMPAIGN123971,6465,55,1.63
Meta Ads,2022-03-22,CAMPAIGN123971,6338,63,1.73
Meta Ads,2022-03-23,CAMPAIGN123971,3873,36,0.806
Meta Ads,2022-03-24,CAMPAIGN123971,2444,21,0.52
Meta Ads,2022-03-25,CAMPAIGN123971,1763,31,0.806
Meta Ads,2022-03-26,CAMPAIGN123971,1411,8,0.236
Meta Ads,2022-03-27,CAMPAIGN124337,171354,2939,275.8379998
Meta Ads,2022-03-28,CAMPAIGN124337,86137,1283,143.51
Meta Ads,2022-03-29,CAMPAIGN124337,57753,931,91.904
Meta Ads,2022-03-30,CAMPAIGN124337,39398,636,63.148
Meta Ads,2022-03-31,CAMPAIGN124478,62491,1287,100.214
Meta Ads,2022-04-01,CAMPAIGN124478,56685,1067,92.5540002
Meta Ads,2022-04-02,CAMPAIGN124478,46899,499,76.214
Meta Ads,2022-04-03,CAMPAIGN124478,32472,842,46.238
Meta Ads,2022-04-04,CAMPAIGN124478,25430,353,41.526
Meta Ads,2022-04-05,CAMPAIGN124478,21925,385,35.626
Meta Ads,2022-04-06,CAMPAIGN124478,18299,577,29.72
Meta Ads,2022-04-07,CAMPAIGN124478,17009,538,25.072
Meta Ads,2022-04-08,CAMPAIGN124478,13875,265,22.14
Meta Ads,2022-04-09,CAMPAIGN124478,10660,134,16.516
Meta Ads,2022-04-10,CAMPAIGN124478,9799,571,15.014
Meta Ads,2022-04-11,CAMPAIGN124478,9432,299,17.174
Meta Ads,2022-04-12,CAMPAIGN124478,6720,203,11.494
Meta Ads,2022-04-13,CAMPAIGN124478,6629,154,9.994
Meta Ads,2022-04-14,CAMPAIGN124478,2797,178,3.884
Meta Ads,2022-04-15,CAMPAIGN124248,263087,5622,418.932
Meta Ads,2022-04-16,CAMPAIGN124248,119676,2388,195.146
Meta Ads,2022-04-17,CAMPAIGN124248,66186,1781,107.738
Meta Ads,2022-04-18,CAMPAIGN124248,37449,888,61.232
Meta Ads,2022-04-19,CAMPAIGN124248,24187,494,39.518
Meta Ads,2022-04-20,CAMPAIGN124248,12851,421,20.758
Meta Ads,2022-04-21,CAMPAIGN124248,11460,403,17.5459998
Meta Ads,2022-04-22,CAMPAIGN124248,5693,139,9.316
Meta Ads,2022-04-23,CAMPAIGN124248,4482,228,6.998
Meta Ads,2022-04-24,CAMPAIGN124248,4402,148,7.544
Meta Ads,2022-04-25,CAMPAIGN124248,1302,37,1.726
Meta Ads,2022-04-26,CAMPAIGN124248,1283,28,2.1420002
Meta Ads,2022-04-27,CAMPAIGN124439,89842,1404,134.348
Meta Ads,2022-04-28,CAMPAIGN124439,28311,770,40.488
Meta Ads,2022-04-29,CAMPAIGN124439,19805,448,30.908
Meta Ads,2022-04-30,CAMPAIGN124439,8186,214,11.626
Meta Ads,2022-05-01,CAMPAIGN124439,6666,204,8.7980002
Meta Ads,2022-05-02,CAMPAIGN124439,5251,145,8.65
Meta Ads,2022-05-03,CAMPAIGN124439,4854,138,6.694
Meta Ads,2022-05-04,CAMPAIGN124439,3834,46,6.122
Meta Ads,2022-05-05,CAMPAIGN124439,2803,33,4.588
Meta Ads,2022-05-06,CAMPAIGN124439,1661,27,2.578
Meta Ads,2022-05-07,CAMPAIGN123988,554779,10554,902.0939992
Meta Ads,2022-05-08,CAMPAIGN123988,433769,8071,708.9900002
Meta Ads,2022-05-09,CAMPAIGN123988,337106,6338,557.4560004
Meta Ads,2022-05-10,CAMPAIGN123988,182090,3619,298.0920002
Meta Ads,2022-05-11,CAMPAIGN123988,109496,2022,182.532
Meta Ads,2022-05-12,CAMPAIGN123988,90889,1755,153.3480006
Meta Ads,2022-05-13,CAMPAIGN123988,81576,1449,134.104
Meta Ads,2022-05-14,CAMPAIGN123988,63598,1256,103.032
Meta Ads,2022-05-15,CAMPAIGN123988,35978,676,60.018
Meta Ads,2022-05-16,CAMPAIGN123988,29399,594,49.076
Meta Ads,2022-05-17,CAMPAIGN123988,27074,467,45.4280002
Meta Ads,2022-05-18,CAMPAIGN123988,25370,477,43.15
Meta Ads,2022-05-19,CAMPAIGN123988,12008,225,20.01
Meta Ads,2022-05-20,CAMPAIGN123988,8973,157,14.902
Meta Ads,2022-05-21,CAMPAIGN123988,3760,82,6.3539998
Meta Ads,2022-05-22,CAMPAIGN123533,1835416,47881,470.4120002
Meta Ads,2022-05-23,CAMPAIGN123533,1087109,19539,241.732
Meta Ads,2022-05-24,CAMPAIGN123533,665047,15358,125.956
Meta Ads,2022-05-25,CAMPAIGN123533,28339,567,7.876
Meta Ads,2022-05-26,CAMPAIGN123314,4119544,78666,760.0000002
Meta Ads,2022-05-27,CAMPAIGN123314,1329758,26294,299.8000002
Meta Ads,2022-05-28,CAMPAIGN123199,7212313,29407,494.448
Meta Ads,2022-05-29,CAMPAIGN123199,3115456,14522,427.306
Meta Ads,2022-05-30,CAMPAIGN123199,1130297,4372,129.396
Meta Ads,2022-05-31,CAMPAIGN123199,874612,3458,96.6439998
Meta Ads,2022-06-01,CAMPAIGN123199,151702,649,19.512
Meta Ads,2022-06-02,CAMPAIGN123199,118803,520,13.748
Meta Ads,2022-06-03,CAMPAIGN123199,45800,204,5.616
Meta Ads,2022-06-04,CAMPAIGN123760,965148,22928,170.384
Meta Ads,2022-06-05,CAMPAIGN123760,661900,12358,99.776
Meta Ads,2022-06-06,CAMPAIGN123760,16880,483,3.826
Meta Ads,2022-06-07,CAMPAIGN123419,2612525,48948,404.388
Meta Ads,2022-06-08,CAMPAIGN123328,3674375,14457,382.2460002
Meta Ads,2022-06-09,CAMPAIGN123328,2540514,8796,123.7540002
Meta Ads,2022-06-10,CAMPAIGN123365,3111952,43687,629.8500002
Meta Ads,2022-06-11,CAMPAIGN123365,493196,4649,65.156
Meta Ads,2022-06-12,CAMPAIGN123203,7132066,90016,1204.294
Meta Ads,2022-06-13,CAMPAIGN123203,1190612,14732,177.706
Meta Ads,2022-06-14,CAMPAIGN123203,1106730,13939,179.24
Meta Ads,2022-06-15,CAMPAIGN123203,954038,12824,167.06
Meta Ads,2022-06-16,CAMPAIGN123203,472626,6231,77.16
Meta Ads,2022-06-17,CAMPAIGN123203,425051,5618,69.94
Meta Ads,2022-06-18,CAMPAIGN123779,901536,7934,218.678
Meta Ads,2022-06-19,CAMPAIGN123779,453545,4151,112.522
Meta Ads,2022-06-20,CAMPAIGN123779,100870,550,17.128
Meta Ads,2022-06-21,CAMPAIGN123621,1416375,10777,289.9279998
Meta Ads,2022-06-22,CAMPAIGN123621,609195,5652,149.828
Meta Ads,2022-06-23,CAMPAIGN124231,280930,943,42.828
Meta Ads,2022-06-24,CAMPAIGN123334,3586416,23284,746.848
Meta Ads,2022-06-25,CAMPAIGN123404,2769462,20943,746.4419998
Meta Ads,2022-06-26,CAMPAIGN123337,3502037,27044,702.6
Meta Ads,2022-06-27,CAMPAIGN123284,4719592,26914,763.132
Meta Ads,2022-06-28,CAMPAIGN124074,453688,3585,198.0
Meta Ads,2022-06-29,CAMPAIGN124076,446548,3467,198.0
Meta Ads,2022-06-30,CAMPAIGN123146,15612587,320577,3530.26
Meta Ads,2022-07-01,CAMPAIGN123146,2041847,10501,326.14
Meta Ads,2022-07-02,CAMPAIGN123164,10484627,134218,2787.934
Meta Ads,2022-07-03,CAMPAIGN123164,3667146,36714,818.9560002
Meta Ads,2022-07-04,CAMPAIGN123164,1296305,7101,235.51
Meta Ads,2022-07-05,CAMPAIGN124262,250104,23039,47.59
Meta Ads,2022-07-06,CAMPAIGN124262,66012,4472,13.208
Meta Ads,2022-07-07,CAMPAIGN124262,530,25,0.14
Meta Ads,2022-07-08,CAMPAIGN124262,32,2,0.014
Meta Ads,2022-07-09,CAMPAIGN124249,261567,14640,44.504
Meta Ads,2022-07-10,CAMPAIGN124249,84933,4283,18.094
Meta Ads,2022-07-11,CAMPAIGN124025,502837,24980,98.176
Meta Ads,2022-07-12,CAMPAIGN124025,173936,8735,37.422
Meta Ads,2022-07-13,CAMPAIGN124298,212948,5342,91.9859998
Meta Ads,2022-07-14,CAMPAIGN124298,89977,3162,40.576
Meta Ads,2022-07-15,CAMPAIGN124298,83413,2770,29.43
Meta Ads,2022-07-16,CAMPAIGN124052,473211,23873,72.22
Meta Ads,2022-07-17,CAMPAIGN124052,82785,3816,17.778
Meta Ads,2022-07-18,CAMPAIGN124052,4,0,0.0
Meta Ads,2022-07-19,CAMPAIGN124052,2,0,0.0
Meta Ads,2022-07-20,CAMPAIGN124315,200369,16284,49.574
Meta Ads,2022-07-21,CAMPAIGN124315,142310,11411,36.822
Meta Ads,2022-07-22,CAMPAIGN124055,470947,13272,128.486
Meta Ads,2022-07-23,CAMPAIGN124055,79997,3322,24.088
Meta Ads,2022-07-24,CAMPAIGN124055,1,0,0.0
Meta Ads,2022-07-25,CAMPAIGN123191,7847784,73240,799.8
Meta Ads,2022-07-26,CAMPAIGN123175,9113158,60791,985.4000002
Meta Ads,2022-07-27,CAMPAIGN123316,4105585,4481,399.8
Meta Ads,2022-07-28,CAMPAIGN123340,3430387,2316,379.8
Meta Ads,2022-07-29,CAMPAIGN123449,2280860,21891,359.59
Meta Ads,2022-07-30,CAMPAIGN123510,1941212,12583,439.634
Meta Ads,2022-07-31,CAMPAIGN123393,2863665,40517,534.0540002
Meta Ads,2022-08-01,CAMPAIGN123392,2865772,37881,359.782
Meta Ads,2022-08-02,CAMPAIGN123335,3556946,51529,439.6
Meta Ads,2022-08-03,CAMPAIGN123690,1193368,18144,335.064
Meta Ads,2022-08-04,CAMPAIGN123690,847265,6120,248.7460006
Meta Ads,2022-08-05,CAMPAIGN123690,378019,3002,134.7059994
Meta Ads,2022-08-06,CAMPAIGN123690,114481,688,36.662
Meta Ads,2022-08-07,CAMPAIGN123459,2209853,17813,599.1740008
Meta Ads,2022-08-08,CAMPAIGN123459,212120,1909,64.108
Meta Ads,2022-08-09,CAMPAIGN123459,67422,581,20.02
Meta Ads,2022-08-10,CAMPAIGN123459,15802,101,5.098
Meta Ads,2022-08-11,CAMPAIGN123488,2039775,20685,551.48
Meta Ads,2022-08-12,CAMPAIGN123488,280923,2193,74.5719998
Meta Ads,2022-08-13,CAMPAIGN123488,56190,390,15.236
Meta Ads,2022-08-14,CAMPAIGN123488,53531,523,15.912
Meta Ads,2022-08-15,CAMPAIGN123768,932642,8376,420.318
Meta Ads,2022-08-16,CAMPAIGN123768,520140,3690,203.694
Meta Ads,2022-08-17,CAMPAIGN123768,45751,377,22.45
Meta Ads,2022-08-18,CAMPAIGN123768,22571,124,8.138
Meta Ads,2022-08-19,CAMPAIGN124239,268251,2562,51.2519998
Meta Ads,2022-08-20,CAMPAIGN124239,259836,5801,129.2279998
Meta Ads,2022-08-21,CAMPAIGN124239,90907,337,9.92
Meta Ads,2022-08-22,CAMPAIGN124069,459313,8069,143.008
Meta Ads,2022-08-23,CAMPAIGN124069,357058,3568,55.0539998
Meta Ads,2022-08-24,CAMPAIGN124069,90166,439,9.938
Meta Ads,2022-08-25,CAMPAIGN123471,2117694,55526,670.5020002
Meta Ads,2022-08-26,CAMPAIGN123471,797517,10271,182.6779998
Meta Ads,2022-08-27,CAMPAIGN123471,639924,11940,158.2120004
Meta Ads,2022-08-28,CAMPAIGN123471,21050,549,7.674
Meta Ads,2022-08-29,CAMPAIGN123350,3361471,62403,872.0940006
Meta Ads,2022-08-30,CAMPAIGN123350,891165,16241,251.4580002
Meta Ads,2022-08-31,CAMPAIGN123350,762085,14066,201.3
Meta Ads,2022-09-01,CAMPAIGN123350,11529,212,3.748
Meta Ads,2022-09-02,CAMPAIGN124435,92092,557,20.756
Meta Ads,2022-09-03,CAMPAIGN124435,62660,398,15.66
Meta Ads,2022-09-04,CAMPAIGN124435,23745,154,6.562
Meta Ads,2022-09-05,CAMPAIGN124435,1573,18,0.526
Meta Ads,2022-09-06,CAMPAIGN124435,855,4,0.312
Meta Ads,2022-09-07,CAMPAIGN124435,440,5,0.184
Meta Ads,2022-09-08,CAMPAIGN123522,1880388,46802,526.838
Meta Ads,2022-09-09,CAMPAIGN123522,551606,10141,137.812
Meta Ads,2022-09-10,CAMPAIGN123522,450315,7250,108.848
Meta Ads,2022-09-11,CAMPAIGN123522,20915,559,5.902
Meta Ads,2022-09-12,CAMPAIGN124140,372140,9156,321.8300002
Meta Ads,2022-09-13,CAMPAIGN124140,176462,1819,78.23
Meta Ads,2022-09-14,CAMPAIGN124140,138883,1920,73.584
Meta Ads,2022-09-15,CAMPAIGN124140,6081,144,5.756
Meta Ads,2022-09-16,CAMPAIGN123822,802493,12930,351.1300002
Meta Ads,2022-09-17,CAMPAIGN123822,248935,3792,103.376
Meta Ads,2022-09-18,CAMPAIGN123822,200392,2886,86.408
Meta Ads,2022-09-19,CAMPAIGN123822,8655,224,4.486
Meta Ads,2022-09-20,CAMPAIGN124362,150842,986,28.008
Meta Ads,2022-09-21,CAMPAIGN124362,48353,346,8.92
Meta Ads,2022-09-22,CAMPAIGN124362,45039,313,8.404
Meta Ads,2022-09-23,CAMPAIGN124362,30070,115,3.59
Meta Ads,2022-09-24,CAMPAIGN124362,25463,162,4.022
Meta Ads,2022-09-25,CAMPAIGN124362,18976,76,2.31
Meta Ads,2022-09-26,CAMPAIGN124362,18560,108,2.888
Meta Ads,2022-09-27,CAMPAIGN124362,13996,64,1.804
Meta Ads,2022-09-28,CAMPAIGN124362,12536,158,2.942
Meta Ads,2022-09-29,CAMPAIGN124362,10130,80,2.322
Meta Ads,2022-09-30,CAMPAIGN124362,7983,40,1.36
Meta Ads,2022-10-01,CAMPAIGN124362,7783,47,1.426
Meta Ads,2022-10-02,CAMPAIGN124362,7750,55,1.256
Meta Ads,2022-10-03,CAMPAIGN124362,6850,48,1.508
Meta Ads,2022-10-04,CAMPAIGN124362,6731,39,1.222
Meta Ads,2022-10-05,CAMPAIGN124362,5641,23,0.562
Meta Ads,2022-10-06,CAMPAIGN124362,2100,159,1.904
Meta Ads,2022-10-07,CAMPAIGN124362,453,8,0.152
Meta Ads,2022-10-08,CAMPAIGN124362,432,7,0.19
Meta Ads,2022-10-09,CAMPAIGN124362,142,3,0.058
Meta Ads,2022-10-10,CAMPAIGN124362,49,1,0.026
Meta Ads,2022-10-11,CAMPAIGN124216,294488,2604,30.61
Meta Ads,2022-10-12,CAMPAIGN124216,153393,1470,17.06
Meta Ads,2022-10-13,CAMPAIGN124216,74267,937,11.048
Meta Ads,2022-10-14,CAMPAIGN124216,47414,498,7.104
Meta Ads,2022-10-15,CAMPAIGN124216,41896,331,4.382
Meta Ads,2022-10-16,CAMPAIGN124216,40679,310,4.018
Meta Ads,2022-10-17,CAMPAIGN124216,40003,424,5.51
Meta Ads,2022-10-18,CAMPAIGN124216,35121,335,4.562
Meta Ads,2022-10-19,CAMPAIGN124216,28081,380,3.786
Meta Ads,2022-10-20,CAMPAIGN124216,27162,265,3.542
Meta Ads,2022-10-21,CAMPAIGN124216,17596,169,2.002
Meta Ads,2022-10-22,CAMPAIGN124216,15684,1309,4.964
Meta Ads,2022-10-23,CAMPAIGN124216,15195,169,2.456
Meta Ads,2022-10-24,CAMPAIGN124216,8369,75,0.836
Meta Ads,2022-10-25,CAMPAIGN124216,5365,57,0.89
Meta Ads,2022-10-26,CAMPAIGN124216,5318,49,0.59
Meta Ads,2022-10-27,CAMPAIGN124216,3478,206,1.262
Meta Ads,2022-10-28,CAMPAIGN124216,2833,60,0.5
Meta Ads,2022-10-29,CAMPAIGN124216,3,0,0.0
Meta Ads,2022-10-30,CAMPAIGN124063,465400,4920,48.15
Meta Ads,2022-10-31,CAMPAIGN124063,405518,4029,41.908
Meta Ads,2022-11-01,CAMPAIGN124063,108856,1040,11.596
Meta Ads,2022-11-02,CAMPAIGN124063,81348,880,12.728
Meta Ads,2022-11-03,CAMPAIGN124063,79585,836,9.388
Meta Ads,2022-11-04,CAMPAIGN124063,63633,665,7.788
Meta Ads,2022-11-05,CAMPAIGN124063,45920,589,5.968
Meta Ads,2022-11-06,CAMPAIGN124063,42018,522,7.246
Meta Ads,2022-11-07,CAMPAIGN124063,39873,1038,8.808
Meta Ads,2022-11-08,CAMPAIGN124063,37971,368,4.946
Meta Ads,2022-11-09,CAMPAIGN124063,28721,250,2.924
Meta Ads,2022-11-10,CAMPAIGN124063,22295,249,3.73
Meta Ads,2022-11-11,CAMPAIGN124063,22053,202,2.672
Meta Ads,2022-11-12,CAMPAIGN124063,21233,198,2.456
Meta Ads,2022-11-13,CAMPAIGN124063,10129,83,1.294
Meta Ads,2022-11-14,CAMPAIGN124063,9757,107,1.308
Meta Ads,2022-11-15,CAMPAIGN124063,1356,26,0.232
Meta Ads,2022-11-16,CAMPAIGN124063,1347,20,0.174
Meta Ads,2022-11-17,CAMPAIGN124063,1095,66,0.546
Meta Ads,2022-11-18,CAMPAIGN124063,809,24,0.202
Meta Ads,2022-11-19,CAMPAIGN123966,573071,5281,74.246
Meta Ads,2022-11-20,CAMPAIGN123966,440962,4274,53.766
Meta Ads,2022-11-21,CAMPAIGN123966,174198,1527,20.118
Meta Ads,2022-11-22,CAMPAIGN123966,149020,1645,23.736
Meta Ads,2022-11-23,CAMPAIGN123966,103784,1150,14.24
Meta Ads,2022-11-24,CAMPAIGN123966,88750,1355,14.556
Meta Ads,2022-11-25,CAMPAIGN123966,71566,824,10.674
Meta Ads,2022-11-26,CAMPAIGN123966,66387,750,10.298
Meta Ads,2022-11-27,CAMPAIGN123966,64223,754,10.62
Meta Ads,2022-11-28,CAMPAIGN123966,44764,662,9.894
Meta Ads,2022-11-29,CAMPAIGN123966,42059,448,5.59
Meta Ads,2022-11-30,CAMPAIGN123966,39013,2858,13.262
Meta Ads,2022-12-01,CAMPAIGN123966,37641,372,4.866
Meta Ads,2022-12-02,CAMPAIGN123966,35393,291,3.792
Meta Ads,2022-12-03,CAMPAIGN123966,24506,229,3.4
Meta Ads,2022-12-04,CAMPAIGN123966,20471,218,2.864
Meta Ads,2022-12-05,CAMPAIGN123966,5765,105,0.876
Meta Ads,2022-12-06,CAMPAIGN123966,3893,110,1.322
Meta Ads,2022-12-07,CAMPAIGN123966,2382,38,0.404
Meta Ads,2022-12-08,CAMPAIGN123966,1040,24,0.26
Meta Ads,2022-12-09,CAMPAIGN123894,685985,7174,83.556
Meta Ads,2022-12-10,CAMPAIGN123894,446533,4881,44.304
Meta Ads,2022-12-11,CAMPAIGN123894,137413,1661,20.446
Meta Ads,2022-12-12,CAMPAIGN123894,121654,1174,14.614
Meta Ads,2022-12-13,CAMPAIGN123894,108267,1239,14.094
Meta Ads,2022-12-14,CAMPAIGN123894,101900,1391,17.708
Meta Ads,2022-12-15,CAMPAIGN123894,96358,1758,16.418
Meta Ads,2022-12-16,CAMPAIGN123894,93039,1458,13.388
Meta Ads,2022-12-17,CAMPAIGN123894,77435,874,11.172
Meta Ads,2022-12-18,CAMPAIGN123894,64438,705,7.924
Meta Ads,2022-12-19,CAMPAIGN123894,57976,626,6.522
Meta Ads,2022-12-20,CAMPAIGN123894,37394,376,3.726
Meta Ads,2022-12-21,CAMPAIGN123894,34580,305,3.1
Meta Ads,2022-12-22,CAMPAIGN123894,27796,351,4.302
Meta Ads,2022-12-23,CAMPAIGN123894,20328,1367,7.502
Meta Ads,2022-12-24,CAMPAIGN123894,16534,130,1.378
Meta Ads,2022-12-25,CAMPAIGN123894,1518,31,0.216
Meta Ads,2022-12-26,CAMPAIGN123894,650,17,0.172
Meta Ads,2022-12-27,CAMPAIGN123894,415,13,0.138
Meta Ads,2022-12-28,CAMPAIGN123815,824391,23107,139.8
Meta Ads,2022-12-29,CAMPAIGN124100,418102,5172,61.524
Meta Ads,2022-12-30,CAMPAIGN124100,287034,3308,35.592
Meta Ads,2022-12-31,CAMPAIGN124100,236173,4792,39.562
Meta Ads,2022-01-01,CAMPAIGN124100,21377,304,3.056
Meta Ads,2022-01-02,CAMPAIGN124220,290272,2794,54.11
Meta Ads,2022-01-03,CAMPAIGN124220,255735,3638,81.3
Meta Ads,2022-01-04,CAMPAIGN124220,46159,241,4.314
Meta Ads,2022-01-05,CAMPAIGN123880,704908,8033,95.4
Meta Ads,2022-01-06,CAMPAIGN123880,279835,3321,44.328
Meta Ads,2022-01-07,CAMPAIGN124099,421297,17461,139.8
Meta Ads,2022-01-08,CAMPAIGN123879,706918,17866,134.144
Meta Ads,2022-01-09,CAMPAIGN123879,12240,260,2.056
Meta Ads,2022-01-10,CAMPAIGN123879,12054,236,1.956
Meta Ads,2022-01-11,CAMPAIGN123879,9650,154,1.384
Meta Ads,2022-01-12,CAMPAIGN123879,3127,29,0.254
Meta Ads,2022-01-13,CAMPAIGN124070,457885,3705,83.386
Meta Ads,2022-01-14,CAMPAIGN124070,193904,1121,26.288
Meta Ads,2022-01-15,CAMPAIGN124070,193779,1448,30.092
Meta Ads,2022-01-16,CAMPAIGN123960,582115,8478,72.712
Meta Ads,2022-01-17,CAMPAIGN123960,301817,3792,34.91
Meta Ads,2022-01-18,CAMPAIGN123960,249556,3873,32.162
Meta Ads,2022-01-19,CAMPAIGN123881,704036,5590,139.742
Meta Ads,2022-01-20,CAMPAIGN124497,44966,614,76.594
Meta Ads,2022-01-21,CAMPAIGN124497,27634,405,46.7
Meta Ads,2022-01-22,CAMPAIGN124497,24738,337,41.396
Meta Ads,2022-01-23,CAMPAIGN124497,20145,315,34.15
Meta Ads,2022-01-24,CAMPAIGN124497,12828,189,20.9500002
Meta Ads,2022-01-25,CAMPAIGN124493,47522,541,80.804
Meta Ads,2022-01-26,CAMPAIGN124493,45484,487,77.722
Meta Ads,2022-01-27,CAMPAIGN124493,607,10,0.972
Meta Ads,2022-01-28,CAMPAIGN124493,82,2,0.138
Meta Ads,2022-01-29,CAMPAIGN124493,78,5,0.136
Meta Ads,2022-01-30,CAMPAIGN124484,57192,894,97.754
Meta Ads,2022-01-31,CAMPAIGN124484,19203,310,32.384
Meta Ads,2022-02-01,CAMPAIGN124484,14462,208,24.586
Meta Ads,2022-02-02,CAMPAIGN124484,10496,160,17.528
Meta Ads,2022-02-03,CAMPAIGN124484,4444,96,7.386
Meta Ads,2022-02-04,CAMPAIGN124092,431067,9364,146.33
Meta Ads,2022-02-05,CAMPAIGN124092,369968,5292,114.6720002
Meta Ads,2022-02-06,CAMPAIGN124092,197716,2963,88.994
Meta Ads,2022-02-07,CAMPAIGN124092,135843,2788,48.328
Meta Ads,2022-02-08,CAMPAIGN124092,2659,99,1.276
Meta Ads,2022-02-09,CAMPAIGN123987,555084,19705,108.798
Meta Ads,2022-02-10,CAMPAIGN123556,1715684,46869,306.8
Meta Ads,2022-02-11,CAMPAIGN124091,433597,32230,104.4
Meta Ads,2022-02-12,CAMPAIGN124512,29785,1454,6.8
Meta Ads,2022-02-13,CAMPAIGN123798,863421,50275,162.8
Meta Ads,2022-02-14,CAMPAIGN123444,2335158,29353,563.4000004
Meta Ads,2022-02-15,CAMPAIGN123673,1228402,52914,309.6
Meta Ads,2022-02-16,CAMPAIGN123784,893092,6422,234.302
Meta Ads,2022-02-17,CAMPAIGN123659,1300823,63237,368.2000002
Meta Ads,2022-02-18,CAMPAIGN123519,1910986,76323,454.1999998
Meta Ads,2022-02-19,CAMPAIGN124002,539261,14845,184.7899998
Meta Ads,2022-02-20,CAMPAIGN124553,2063,7,0.33
Meta Ads,2022-02-21,CAMPAIGN124553,154,1,0.05
Meta Ads,2022-02-22,CAMPAIGN124553,29,0,0.006
Meta Ads,2022-02-23,CAMPAIGN124553,11,0,0.002
Meta Ads,2022-02-24,CAMPAIGN124174,336211,4854,68.5759996
Meta Ads,2022-02-25,CAMPAIGN124174,267626,8751,53.518
Meta Ads,2022-02-26,CAMPAIGN124174,219023,7720,38.406
Meta Ads,2022-02-27,CAMPAIGN124174,60509,1423,18.416
Meta Ads,2022-02-28,CAMPAIGN124174,5604,29,0.87
Meta Ads,2022-03-01,CAMPAIGN124174,581,5,0.17
Meta Ads,2022-03-02,CAMPAIGN124174,357,2,0.056
Meta Ads,2022-03-03,CAMPAIGN124174,15,0,0.0
Meta Ads,2022-03-04,CAMPAIGN124154,350026,3930,60.314
Meta Ads,2022-03-05,CAMPAIGN124154,276920,4531,49.24
Meta Ads,2022-03-06,CAMPAIGN124154,122829,1706,33.096
Meta Ads,2022-03-07,CAMPAIGN124154,113264,1220,22.85
Meta Ads,2022-03-08,CAMPAIGN124154,3975,26,0.636
Meta Ads,2022-03-09,CAMPAIGN124154,244,2,0.082
Meta Ads,2022-03-10,CAMPAIGN124154,186,0,0.04
Meta Ads,2022-03-11,CAMPAIGN124154,1,0,0.0
Meta Ads,2022-03-12,CAMPAIGN123570,1654958,31257,155.438
Meta Ads,2022-03-13,CAMPAIGN123570,1422182,31459,127.106
Meta Ads,2022-03-14,CAMPAIGN123570,1179577,30240,129.5159998
Meta Ads,2022-03-15,CAMPAIGN123570,582465,11398,54.18
Meta Ads,2022-03-16,CAMPAIGN123570,559500,13043,73.126
Meta Ads,2022-03-17,CAMPAIGN124125,390682,2304,76.9479998
Meta Ads,2022-03-18,CAMPAIGN124125,285643,2329,62.5139998
Meta Ads,2022-03-19,CAMPAIGN124125,228084,2697,61.9959998
Meta Ads,2022-03-20,CAMPAIGN124125,138769,1603,30.082
Meta Ads,2022-03-21,CAMPAIGN124125,3775,19,0.586
Meta Ads,2022-03-22,CAMPAIGN124125,158,0,0.066
Meta Ads,2022-03-23,CAMPAIGN124125,120,1,0.012
Meta Ads,2022-03-24,CAMPAIGN124125,20,0,0.006
Meta Ads,2022-03-25,CAMPAIGN123610,1453457,79256,240.312
Meta Ads,2022-03-26,CAMPAIGN123610,507630,24387,83.088
Meta Ads,2022-03-27,CAMPAIGN123442,2352011,105922,452.474
Meta Ads,2022-03-28,CAMPAIGN123442,1535850,53693,227.932
Meta Ads,2022-03-29,CAMPAIGN123442,410445,12596,38.986
Meta Ads,2022-03-30,CAMPAIGN123383,2934648,39038,344.7140002
Meta Ads,2022-03-31,CAMPAIGN123383,2147680,29835,238.512
Meta Ads,2022-04-01,CAMPAIGN123383,203442,2589,23.286
Meta Ads,2022-04-02,CAMPAIGN123383,193675,2642,21.852
Meta Ads,2022-04-03,CAMPAIGN123383,184538,2500,21.036
Meta Ads,2022-04-04,CAMPAIGN123854,743578,13721,1233.848
Meta Ads,2022-04-05,CAMPAIGN123854,277911,4848,442.832
Meta Ads,2022-04-06,CAMPAIGN123854,266558,4923,423.946
Meta Ads,2022-04-07,CAMPAIGN123854,215164,3809,353.8839998
Meta Ads,2022-04-08,CAMPAIGN124028,499741,10454,768.1200002
Meta Ads,2022-04-09,CAMPAIGN124028,495406,10290,760.0100004
Meta Ads,2022-04-10,CAMPAIGN124028,2291,48,3.26
Meta Ads,2022-04-11,CAMPAIGN123453,2249317,22654,400.736
Meta Ads,2022-04-12,CAMPAIGN123453,2007528,17162,261.5020002
Meta Ads,2022-04-13,CAMPAIGN123453,1638000,13307,225.3379994
Meta Ads,2022-04-14,CAMPAIGN123453,196033,1778,73.8100004
Meta Ads,2022-04-15,CAMPAIGN124026,501155,3003,79.17
Meta Ads,2022-04-16,CAMPAIGN124026,122749,675,19.384
Meta Ads,2022-04-17,CAMPAIGN124026,109065,593,17.222
Meta Ads,2022-04-18,CAMPAIGN124026,5499,25,0.86
Meta Ads,2022-04-19,CAMPAIGN124026,4092,24,0.638
Meta Ads,2022-04-20,CAMPAIGN123317,4062245,26476,763.6799992
Meta Ads,2022-04-21,CAMPAIGN123317,829538,5785,155.9360012
Meta Ads,2022-04-22,CAMPAIGN123317,8163,49,1.524
Meta Ads,2022-04-23,CAMPAIGN123551,1745296,10600,203.7999998
Meta Ads,2022-04-24,CAMPAIGN123551,353946,1571,31.2
Meta Ads,2022-04-25,CAMPAIGN123732,1044081,7099,218.4000002
Meta Ads,2022-04-26,CAMPAIGN123732,929944,1121,122.5599994
Meta Ads,2022-04-27,CAMPAIGN123732,9630,5,9.004
Meta Ads,2022-04-28,CAMPAIGN123599,1530333,6978,152.2640002
Meta Ads,2022-04-29,CAMPAIGN123599,468398,793,27.3160002
Meta Ads,2022-04-30,CAMPAIGN123599,396051,375,23.0839998
Meta Ads,2022-05-01,CAMPAIGN123599,295902,649,21.136
Meta Ads,2022-05-02,CAMPAIGN124104,416523,5700,21.4299998
Meta Ads,2022-05-03,CAMPAIGN124104,405147,5057,20.4480002
Meta Ads,2022-05-04,CAMPAIGN124104,253733,873,8.87
Meta Ads,2022-05-05,CAMPAIGN124104,238235,617,7.93
Meta Ads,2022-05-06,CAMPAIGN124104,89623,1349,9.808
Meta Ads,2022-05-07,CAMPAIGN124104,79311,1411,10.114
Meta Ads,2022-05-08,CAMPAIGN123395,2823624,9758,184.3319996
Meta Ads,2022-05-09,CAMPAIGN123395,2533433,31642,287.1559996
Meta Ads,2022-05-10,CAMPAIGN123395,1443429,4283,92.932
Meta Ads,2022-05-11,CAMPAIGN123395,669059,2895,56.242
Meta Ads,2022-05-12,CAMPAIGN123506,1958768,6137,106.298
Meta Ads,2022-05-13,CAMPAIGN123506,1552866,14390,122.2399998
Meta Ads,2022-05-14,CAMPAIGN123506,1261073,3016,70.902
Meta Ads,2022-05-15,CAMPAIGN123506,994778,9143,81.76
Meta Ads,2022-05-16,CAMPAIGN123469,2144283,18004,351.2080002
Meta Ads,2022-05-17,CAMPAIGN123469,1808463,6429,213.422
Meta Ads,2022-05-18,CAMPAIGN123469,1090875,2854,120.78
Meta Ads,2022-05-19,CAMPAIGN123469,268647,1056,30.7919996
Meta Ads,2022-05-20,CAMPAIGN124412,114189,1498,17.3080002
Meta Ads,2022-05-21,CAMPAIGN124412,86814,267,6.15
Meta Ads,2022-05-22,CAMPAIGN124412,60976,146,4.05
Meta Ads,2022-05-23,CAMPAIGN124412,49093,382,6.04
Meta Ads,2022-05-24,CAMPAIGN124412,44431,590,6.4779998
Meta Ads,2022-05-25,CAMPAIGN124412,29948,81,3.38
Meta Ads,2022-05-26,CAMPAIGN124412,5736,76,0.794
Meta Ads,2022-05-27,CAMPAIGN123307,4253758,40281,600.0000004
Meta Ads,2022-05-28,CAMPAIGN123281,4783611,58568,1057.338
Meta Ads,2022-05-29,CAMPAIGN123281,61312,734,10.606
Meta Ads,2022-05-30,CAMPAIGN124356,152696,1696,50.208
Meta Ads,2022-05-31,CAMPAIGN124356,102929,1177,35.646
Meta Ads,2022-06-01,CAMPAIGN124356,89123,1140,35.59
Meta Ads,2022-06-02,CAMPAIGN124356,79432,903,27.564
Meta Ads,2022-06-03,CAMPAIGN124356,61174,663,20.156
Meta Ads,2022-06-04,CAMPAIGN124356,45889,562,15.116
Meta Ads,2022-06-05,CAMPAIGN124356,3593,68,1.144
Meta Ads,2022-06-06,CAMPAIGN124356,3132,69,1.122
Meta Ads,2022-06-07,CAMPAIGN124356,2742,69,0.946
Meta Ads,2022-06-08,CAMPAIGN124356,2479,67,0.892
Meta Ads,2022-06-09,CAMPAIGN124356,1457,42,0.49
Meta Ads,2022-06-10,CAMPAIGN124356,1394,29,0.516
Meta Ads,2022-06-11,CAMPAIGN124356,221,4,0.084
Meta Ads,2022-06-12,CAMPAIGN124356,172,6,0.06
Meta Ads,2022-06-13,CAMPAIGN124356,122,4,0.036
Meta Ads,2022-06-14,CAMPAIGN124356,50,2,0.014
Meta Ads,2022-06-15,CAMPAIGN124356,40,1,0.008
Meta Ads,2022-06-16,CAMPAIGN124356,38,3,0.008
Meta Ads,2022-06-17,CAMPAIGN123516,1924693,32041,279.844
Meta Ads,2022-06-18,CAMPAIGN123516,1106391,15812,172.494
Meta Ads,2022-06-19,CAMPAIGN123516,19523,367,2.526
Meta Ads,2022-06-20,CAMPAIGN123516,13141,284,2.124
Meta Ads,2022-06-21,CAMPAIGN123516,10006,227,1.442
Meta Ads,2022-06-22,CAMPAIGN123516,9467,220,1.508
Meta Ads,2022-06-23,CAMPAIGN124342,168487,1917,44.814
Meta Ads,2022-06-24,CAMPAIGN124342,129008,1515,34.122
Meta Ads,2022-06-25,CAMPAIGN124342,119370,1379,32.242
Meta Ads,2022-06-26,CAMPAIGN124342,64876,721,17.836
Meta Ads,2022-06-27,CAMPAIGN124342,58842,664,14.79
Meta Ads,2022-06-28,CAMPAIGN124342,53168,579,13.084
Meta Ads,2022-06-29,CAMPAIGN124342,8608,198,2.508
Meta Ads,2022-06-30,CAMPAIGN124342,6248,149,1.772
Meta Ads,2022-07-01,CAMPAIGN124342,4969,91,1.474
Meta Ads,2022-07-02,CAMPAIGN124342,4515,99,1.384
Meta Ads,2022-07-03,CAMPAIGN124342,4507,131,1.24
Meta Ads,2022-07-04,CAMPAIGN124342,4250,87,1.236
Meta Ads,2022-07-05,CAMPAIGN124342,4102,90,1.242
Meta Ads,2022-07-06,CAMPAIGN124342,3600,71,1.03
Meta Ads,2022-07-07,CAMPAIGN124342,3591,75,1.034
Meta Ads,2022-07-08,CAMPAIGN124342,2671,60,0.792
Meta Ads,2022-07-09,CAMPAIGN123631,1365843,18045,266.9539998
Meta Ads,2022-07-10,CAMPAIGN123631,1308773,17508,255.264
Meta Ads,2022-07-11,CAMPAIGN123631,286232,3528,53.078
Meta Ads,2022-07-12,CAMPAIGN123631,247525,2870,46.3039998
Meta Ads,2022-07-13,CAMPAIGN124182,328156,4391,547.6319998
Meta Ads,2022-07-14,CAMPAIGN124182,220672,2737,361.7799998
Meta Ads,2022-07-15,CAMPAIGN124182,70457,1073,120.546
Meta Ads,2022-07-16,CAMPAIGN124182,42732,660,72.194
Meta Ads,2022-07-17,CAMPAIGN124182,8463,176,14.002
Meta Ads,2022-07-18,CAMPAIGN124182,8083,144,13.184
Meta Ads,2022-07-19,CAMPAIGN124182,1284,39,2.132
Meta Ads,2022-07-20,CAMPAIGN124182,1129,22,1.832
Meta Ads,2022-07-21,CAMPAIGN123709,1123130,19187,119.386
Meta Ads,2022-07-22,CAMPAIGN123709,633921,10531,63.842
Meta Ads,2022-07-23,CAMPAIGN123709,7268,163,0.794
Meta Ads,2022-07-24,CAMPAIGN123709,4998,83,0.596
Meta Ads,2022-07-25,CAMPAIGN123709,4581,92,0.52
Meta Ads,2022-07-26,CAMPAIGN123709,3939,78,0.452
Meta Ads,2022-07-27,CAMPAIGN124254,257179,2533,414.2220002
Meta Ads,2022-07-28,CAMPAIGN124254,239500,2447,387.6560004
Meta Ads,2022-07-29,CAMPAIGN124254,205583,2432,332.258
Meta Ads,2022-07-30,CAMPAIGN124254,70343,737,110.274
Meta Ads,2022-07-31,CAMPAIGN124254,12599,207,20.13
Meta Ads,2022-08-01,CAMPAIGN124254,9196,151,14.78
Meta Ads,2022-08-02,CAMPAIGN124065,461094,6380,65.596
Meta Ads,2022-08-03,CAMPAIGN124065,313661,3747,45.936
Meta Ads,2022-08-04,CAMPAIGN124065,252138,2943,36.462
Meta Ads,2022-08-05,CAMPAIGN124065,246135,3222,39.42
Meta Ads,2022-08-06,CAMPAIGN124065,233756,3041,33.8340002
Meta Ads,2022-08-07,CAMPAIGN124065,66596,761,10.148
Meta Ads,2022-08-08,CAMPAIGN123293,4507212,4781,286.938
Meta Ads,2022-08-09,CAMPAIGN123543,1784901,1690,87.478
Meta Ads,2022-08-10,CAMPAIGN123523,1879055,5617,165.9639998
Meta Ads,2022-08-11,CAMPAIGN123523,276675,1106,32.398
Meta Ads,2022-08-12,CAMPAIGN123523,93708,295,11.026
Meta Ads,2022-08-13,CAMPAIGN123206,7116188,9135,282.4219998
Meta Ads,2022-08-14,CAMPAIGN123248,5665195,3527,234.0820002
Meta Ads,2022-08-15,CAMPAIGN123325,3775123,68724,399.8
Meta Ads,2022-08-16,CAMPAIGN123235,6118082,5965,497.872
Meta Ads,2022-08-17,CAMPAIGN123235,2887611,1680,236.5579998
Meta Ads,2022-08-18,CAMPAIGN123235,1079740,891,92.426
Meta Ads,2022-08-19,CAMPAIGN123235,1078415,721,85.516
Meta Ads,2022-08-20,CAMPAIGN123235,837453,762,73.5659998
Meta Ads,2022-08-21,CAMPAIGN123235,765436,709,65.74
Meta Ads,2022-08-22,CAMPAIGN123235,238022,297,19.722
Meta Ads,2022-08-23,CAMPAIGN123161,10868551,36808,772.0340018
Meta Ads,2022-08-24,CAMPAIGN123161,10725022,40221,789.9660002
Meta Ads,2022-08-25,CAMPAIGN123161,9999487,80786,1182.402002
Meta Ads,2022-08-26,CAMPAIGN123161,7231411,81742,839.4319994
Meta Ads,2022-08-27,CAMPAIGN123161,6033508,107608,799.9919998
Meta Ads,2022-08-28,CAMPAIGN123161,2846270,12656,333.094
Meta Ads,2022-08-29,CAMPAIGN123258,5344078,44541,639.4719994
Meta Ads,2022-08-30,CAMPAIGN123258,4825181,11210,513.222001
Meta Ads,2022-08-31,CAMPAIGN123411,2659132,6081,264.3060004
Meta Ads,2022-09-01,CAMPAIGN123411,1248580,8663,134.5560002
Meta Ads,2022-09-02,CAMPAIGN124531,16129,848,3.624
Meta Ads,2022-09-03,CAMPAIGN124531,11337,614,2.7
Meta Ads,2022-09-04,CAMPAIGN124531,584,31,0.138
Meta Ads,2022-09-05,CAMPAIGN124531,420,26,0.13
Meta Ads,2022-09-06,CAMPAIGN124531,81,1,0.006
Meta Ads,2022-09-07,CAMPAIGN124530,16320,356,3.596
Meta Ads,2022-09-08,CAMPAIGN124530,7577,287,2.664
Meta Ads,2022-09-09,CAMPAIGN124530,1172,31,0.292
Meta Ads,2022-09-10,CAMPAIGN124530,199,2,0.0
Meta Ads,2022-09-11,CAMPAIGN124530,152,0,0.0
Meta Ads,2022-09-12,CAMPAIGN124529,16608,755,2.814
Meta Ads,2022-09-13,CAMPAIGN124529,16312,803,3.072
Meta Ads,2022-09-14,CAMPAIGN124529,1291,64,0.236
Meta Ads,2022-09-15,CAMPAIGN124529,908,57,0.222
Meta Ads,2022-09-16,CAMPAIGN124529,150,12,0.042
Meta Ads,2022-09-17,CAMPAIGN124536,12555,237,4.51
Meta Ads,2022-09-18,CAMPAIGN124536,6412,73,1.526
Meta Ads,2022-09-19,CAMPAIGN124536,1068,7,0.176
Meta Ads,2022-09-20,CAMPAIGN124536,535,12,0.222
Meta Ads,2022-09-21,CAMPAIGN124536,153,0,0.0
Meta Ads,2022-09-22,CAMPAIGN124521,20691,1111,2.794
Meta Ads,2022-09-23,CAMPAIGN124521,19503,1179,3.31
Meta Ads,2022-09-24,CAMPAIGN124521,339,14,0.042
Meta Ads,2022-09-25,CAMPAIGN124521,278,15,0.038
Meta Ads,2022-09-26,CAMPAIGN124521,50,4,0.014
Meta Ads,2022-09-27,CAMPAIGN124523,18404,524,4.406
Meta Ads,2022-09-28,CAMPAIGN124523,12838,295,2.788
Meta Ads,2022-09-29,CAMPAIGN124523,1833,34,0.324
Meta Ads,2022-09-30,CAMPAIGN124523,816,29,0.252
Meta Ads,2022-10-01,CAMPAIGN124523,39,2,0.008
Meta Ads,2022-10-02,CAMPAIGN124517,23492,1115,3.886
Meta Ads,2022-10-03,CAMPAIGN124517,14434,480,1.728
Meta Ads,2022-10-04,CAMPAIGN124517,2742,168,0.604
Meta Ads,2022-10-05,CAMPAIGN124517,1983,94,0.356
Meta Ads,2022-10-06,CAMPAIGN124517,153,7,0.026
Meta Ads,2022-10-07,CAMPAIGN124153,350761,9852,76.296
Meta Ads,2022-10-08,CAMPAIGN124153,275468,5633,45.002
Meta Ads,2022-10-09,CAMPAIGN124153,40337,1066,9.048
Meta Ads,2022-10-10,CAMPAIGN124153,35101,1333,11.52
Meta Ads,2022-10-11,CAMPAIGN124153,3720,82,0.534
Meta Ads,2022-10-12,CAMPAIGN124418,108309,3816,25.254
Meta Ads,2022-10-13,CAMPAIGN124418,69417,1559,10.192
Meta Ads,2022-10-14,CAMPAIGN124418,17322,632,4.418
Meta Ads,2022-10-15,CAMPAIGN124418,13675,401,2.786
Meta Ads,2022-10-16,CAMPAIGN124418,1890,87,0.548
Meta Ads,2022-10-17,CAMPAIGN123808,837689,19691,176.58
Meta Ads,2022-10-18,CAMPAIGN123808,538700,9008,84.7960002
Meta Ads,2022-10-19,CAMPAIGN123808,115400,2171,21.11
Meta Ads,2022-10-20,CAMPAIGN123808,58204,1714,16.644
Meta Ads,2022-10-21,CAMPAIGN123808,9372,105,0.87
Meta Ads,2022-10-22,CAMPAIGN124504,37612,2465,8.288
Meta Ads,2022-10-23,CAMPAIGN124504,10943,631,2.358
Meta Ads,2022-10-24,CAMPAIGN124504,771,45,0.202
Meta Ads,2022-10-25,CAMPAIGN124504,430,21,0.092
Meta Ads,2022-10-26,CAMPAIGN124504,259,15,0.06
Meta Ads,2022-10-27,CAMPAIGN124502,40676,802,6.396
Meta Ads,2022-10-28,CAMPAIGN124456,80744,929,7.176
Meta Ads,2022-10-29,CAMPAIGN124488,50696,1694,6.782
Meta Ads,2022-10-30,CAMPAIGN124510,33504,1045,6.174
Meta Ads,2022-10-31,CAMPAIGN123738,1027210,11610,159.838
Meta Ads,2022-11-01,CAMPAIGN123701,1147557,10665,159.956
Meta Ads,2022-11-02,CAMPAIGN123837,772194,12895,106.0
Meta Ads,2022-11-03,CAMPAIGN123837,334016,5157,53.982
Meta Ads,2022-11-04,CAMPAIGN123931,626039,7213,100.292
Meta Ads,2022-11-05,CAMPAIGN123931,428662,4016,59.628
Meta Ads,2022-11-06,CAMPAIGN123863,732199,11829,104.436
Meta Ads,2022-11-07,CAMPAIGN123863,442131,6127,55.476
Meta Ads,2022-11-08,CAMPAIGN123691,1189882,15102,159.946
Meta Ads,2022-11-09,CAMPAIGN123849,751293,7025,99.892
Meta Ads,2022-11-10,CAMPAIGN123827,790593,6447,99.768
Meta Ads,2022-11-11,CAMPAIGN124168,341668,2678,51.826
Meta Ads,2022-11-12,CAMPAIGN124168,271252,2518,48.102
Meta Ads,2022-11-13,CAMPAIGN123974,568239,9374,87.394
Meta Ads,2022-11-14,CAMPAIGN123974,91801,1130,12.564
Meta Ads,2022-11-15,CAMPAIGN123908,666056,4848,99.928
Meta Ads,2022-11-16,CAMPAIGN123852,748114,7989,99.964
Meta Ads,2022-11-17,CAMPAIGN124395,124715,734,13.846
Meta Ads,2022-11-18,CAMPAIGN124454,81254,584,16.732
Meta Ads,2022-11-19,CAMPAIGN124399,120392,3402,24.6
Meta Ads,2022-11-20,CAMPAIGN124322,187759,2475,22.78
Meta Ads,2022-11-21,CAMPAIGN124375,136396,1262,19.97
Meta Ads,2022-11-22,CAMPAIGN123433,2432844,42859,880.0160002
Meta Ads,2022-11-23,CAMPAIGN123433,446509,6279,629.3399994
Meta Ads,2022-11-24,CAMPAIGN123433,3791,76,6.1
Meta Ads,2022-11-25,CAMPAIGN123433,208,7,0.018
Meta Ads,2022-11-26,CAMPAIGN123433,165,2,0.014
Meta Ads,2022-11-27,CAMPAIGN123878,709212,11028,430.1319996
Meta Ads,2022-11-28,CAMPAIGN123878,345142,3681,386.0640002
Meta Ads,2022-11-29,CAMPAIGN123878,4937,78,5.278
Meta Ads,2022-11-30,CAMPAIGN123222,6538828,136224,1410.054
Meta Ads,2022-12-01,CAMPAIGN123222,455799,6011,77.438
Meta Ads,2022-12-02,CAMPAIGN123222,395702,10405,590.608
Meta Ads,2022-12-03,CAMPAIGN123222,19374,278,32.4919998
Meta Ads,2022-12-04,CAMPAIGN123222,4132,161,6.23
Meta Ads,2022-12-05,CAMPAIGN123222,988,22,0.178
Meta Ads,2022-12-06,CAMPAIGN123901,673320,1288,75.8
Meta Ads,2022-12-07,CAMPAIGN123809,835761,1420,136.4
Meta Ads,2022-12-08,CAMPAIGN123633,1364165,4280,193.4000002
Meta Ads,2022-12-09,CAMPAIGN123520,1903533,5887,229.7999998
Meta Ads,2022-12-10,CAMPAIGN123891,691757,1691,99.9999998
Meta Ads,2022-12-11,CAMPAIGN124130,379584,4776,98.1860002
Meta Ads,2022-12-12,CAMPAIGN124130,122598,471,25.614
Meta Ads,2022-12-13,CAMPAIGN123387,2905688,11513,411.9999998
Meta Ads,2022-12-14,CAMPAIGN124184,323076,8603,126.754
Meta Ads,2022-12-15,CAMPAIGN124184,9805,50,1.382
Meta Ads,2022-12-16,CAMPAIGN124184,4975,35,0.856
Meta Ads,2022-12-17,CAMPAIGN123527,1854574,92330,357.164
Meta Ads,2022-12-18,CAMPAIGN123527,27321,329,4.822
Meta Ads,2022-12-19,CAMPAIGN123527,15521,299,1.414
Meta Ads,2022-12-20,CAMPAIGN123546,1774410,20688,1066.989999
Meta Ads,2022-12-21,CAMPAIGN123546,174678,2700,133.01
Meta Ads,2022-12-22,CAMPAIGN123223,6520204,45304,1200.0
Meta Ads,2022-12-23,CAMPAIGN123145,15759691,67289,858.2000002
Meta Ads,2022-12-24,CAMPAIGN123682,1201052,15895,1407.000001
Meta Ads,2022-12-25,CAMPAIGN123397,2812358,31485,3193.997999
Meta Ads,2022-12-26,CAMPAIGN123726,1060014,8268,240.6
Meta Ads,2022-12-27,CAMPAIGN124255,254445,3136,62.2
Meta Ads,2022-12-28,CAMPAIGN123398,2810227,39757,670.2
Meta Ads,2022-12-29,CAMPAIGN123176,9104969,73014,2034.0
Meta Ads,2022-12-30,CAMPAIGN123961,578482,8012,114.0
Meta Ads,2022-12-31,CAMPAIGN123941,610237,8150,114.0
Meta Ads,2022-01-01,CAMPAIGN123474,2097332,20692,525.4
Meta Ads,2022-01-02,CAMPAIGN123319,3999563,37597,913.602
Meta Ads,2022-01-03,CAMPAIGN123319,550027,6117,202.756
Meta Ads,2022-01-04,CAMPAIGN123255,5415081,24712,2294.418
Meta Ads,2022-01-05,CAMPAIGN123255,3063231,13079,1438.978
Meta Ads,2022-01-06,CAMPAIGN123132,28176353,130170,6428.712
Meta Ads,2022-01-07,CAMPAIGN123132,2203630,21942,865.514
Meta Ads,2022-01-08,CAMPAIGN123124,43927330,218255,11276.794
Meta Ads,2022-01-09,CAMPAIGN123124,4197879,28239,1765.206
Meta Ads,2022-01-10,CAMPAIGN123153,14190778,66709,3853.462
Meta Ads,2022-01-11,CAMPAIGN123153,1518485,9727,816.288
Meta Ads,2022-01-12,CAMPAIGN123563,1685759,120882,299.8000002
Meta Ads,2022-01-13,CAMPAIGN123320,3981993,22062,1492.728
Meta Ads,2022-01-14,CAMPAIGN123320,2235778,14541,925.432
Meta Ads,2022-01-15,CAMPAIGN123320,1112490,6848,417.94
Meta Ads,2022-01-16,CAMPAIGN123320,211300,1437,90.696
Meta Ads,2022-01-17,CAMPAIGN123320,195168,1288,73.004
Meta Ads,2022-01-18,CAMPAIGN123810,834777,9583,160.0
Meta Ads,2022-01-19,CAMPAIGN123910,659342,9367,160.0
Meta Ads,2022-01-20,CAMPAIGN123803,850970,8535,103.184
Meta Ads,2022-01-21,CAMPAIGN123803,439421,4435,65.9400002
Meta Ads,2022-01-22,CAMPAIGN123803,3035,85,0.77
Meta Ads,2022-01-23,CAMPAIGN123803,2126,53,0.506
Meta Ads,2022-01-24,CAMPAIGN123904,669791,2058,119.6500002
Meta Ads,2022-01-25,CAMPAIGN123904,332916,1423,120.7999998
Meta Ads,2022-01-26,CAMPAIGN123904,265836,2125,116.7900004
Meta Ads,2022-01-27,CAMPAIGN123904,148891,547,50.792
Meta Ads,2022-01-28,CAMPAIGN123904,127692,581,48.9140002
Meta Ads,2022-01-29,CAMPAIGN123904,120032,835,47.7159996
Meta Ads,2022-01-30,CAMPAIGN123904,113102,775,39.246
Meta Ads,2022-01-31,CAMPAIGN123904,98861,323,30.0559998
Meta Ads,2022-02-01,CAMPAIGN123904,26309,182,10.61
Meta Ads,2022-02-02,CAMPAIGN123904,14571,54,4.136
Meta Ads,2022-02-03,CAMPAIGN123904,9058,54,3.68
Meta Ads,2022-02-04,CAMPAIGN123904,6550,42,3.336
Meta Ads,2022-02-05,CAMPAIGN123904,5610,48,2.63
Meta Ads,2022-02-06,CAMPAIGN123904,5252,7,1.404
Meta Ads,2022-02-07,CAMPAIGN123904,3986,43,2.094
Meta Ads,2022-02-08,CAMPAIGN123904,3739,29,1.062
Meta Ads,2022-02-09,CAMPAIGN123904,2888,49,2.384
Meta Ads,2022-02-10,CAMPAIGN123904,2601,9,0.956
Meta Ads,2022-02-11,CAMPAIGN123904,2566,16,0.814
Meta Ads,2022-02-12,CAMPAIGN123904,1571,14,0.418
Meta Ads,2022-02-13,CAMPAIGN123904,1165,16,0.48
Meta Ads,2022-02-14,CAMPAIGN123904,1019,4,0.35
Meta Ads,2022-02-15,CAMPAIGN123904,336,9,0.23
Meta Ads,2022-02-16,CAMPAIGN123904,66,0,0.03
Meta Ads,2022-02-17,CAMPAIGN123904,33,1,0.018
Meta Ads,2022-02-18,CAMPAIGN124282,220509,2046,33.61
Meta Ads,2022-02-19,CAMPAIGN124282,86379,719,12.83
Meta Ads,2022-02-20,CAMPAIGN124282,73878,636,9.108
Meta Ads,2022-02-21,CAMPAIGN124282,28670,892,7.416
Meta Ads,2022-02-22,CAMPAIGN124282,24314,186,3.378
Meta Ads,2022-02-23,CAMPAIGN124282,24173,172,3.26
Meta Ads,2022-02-24,CAMPAIGN124282,16139,133,2.088
Meta Ads,2022-02-25,CAMPAIGN124282,15863,137,3.102
Meta Ads,2022-02-26,CAMPAIGN124282,15751,132,2.712
Meta Ads,2022-02-27,CAMPAIGN124282,15501,168,2.522
Meta Ads,2022-02-28,CAMPAIGN124282,13970,124,2.296
Meta Ads,2022-03-01,CAMPAIGN124282,8792,55,1.168
Meta Ads,2022-03-01,CAMPAIGN124282,6617,59,0.928
Meta Ads,2022-03-02,CAMPAIGN124282,6158,46,1.128
Meta Ads,2022-03-03,CAMPAIGN124282,5061,218,1.754
Meta Ads,2022-03-04,CAMPAIGN124282,4722,32,0.536
Meta Ads,2022-03-05,CAMPAIGN124282,763,12,0.094
Meta Ads,2022-03-06,CAMPAIGN124282,404,7,0.096
Meta Ads,2022-03-07,CAMPAIGN124282,261,1,0.0
Meta Ads,2022-03-08,CAMPAIGN124282,53,1,0.0
Meta Ads,2022-03-09,CAMPAIGN124282,51,2,0.018
Meta Ads,2022-03-10,CAMPAIGN124282,38,0,0.0
Meta Ads,2022-03-11,CAMPAIGN124282,17,1,0.014
Meta Ads,2022-03-12,CAMPAIGN124282,15,0,0.0
Meta Ads,2022-03-13,CAMPAIGN124282,12,0,0.0
Meta Ads,2022-03-14,CAMPAIGN124282,8,0,0.0
Meta Ads,2022-03-15,CAMPAIGN124282,4,0,0.0
Meta Ads,2022-03-16,CAMPAIGN124282,4,0,0.0
Meta Ads,2022-03-17,CAMPAIGN124282,4,0,0.0
Meta Ads,2022-03-18,CAMPAIGN124282,2,0,0.0
Meta Ads,2022-03-19,CAMPAIGN124282,2,0,0.0
Meta Ads,2022-03-20,CAMPAIGN124282,2,0,0.0
Meta Ads,2022-03-21,CAMPAIGN124282,1,0,0.0
Meta Ads,2022-03-22,CAMPAIGN124282,1,0,0.0
Meta Ads,2022-03-23,CAMPAIGN123478,2068667,56585,487.084
Meta Ads,2022-03-24,CAMPAIGN123478,2305,51,0.404
Meta Ads,2022-03-25,CAMPAIGN123443,2340779,50853,586.2900004
Meta Ads,2022-03-26,CAMPAIGN123443,564055,10629,183.344
Meta Ads,2022-03-27,CAMPAIGN123443,370840,8050,86.902
Meta Ads,2022-03-28,CAMPAIGN123443,274329,3811,74.7519998
Meta Ads,2022-03-29,CAMPAIGN123443,257607,3781,67.1
Meta Ads,2022-03-30,CAMPAIGN123443,234889,3987,76.752
Meta Ads,2022-03-31,CAMPAIGN123443,189385,3506,43.016
Meta Ads,2022-04-01,CAMPAIGN123443,148916,1712,32.632
Meta Ads,2022-04-02,CAMPAIGN123443,112269,1439,28.02
Meta Ads,2022-04-03,CAMPAIGN123443,40818,456,5.356
Meta Ads,2022-04-04,CAMPAIGN123443,18871,338,6.424
Meta Ads,2022-04-05,CAMPAIGN123232,6227791,184860,1104.698
Meta Ads,2022-04-06,CAMPAIGN123232,5004770,72272,699.3999994
Meta Ads,2022-04-07,CAMPAIGN123232,3329327,79346,555.3019998
Meta Ads,2022-04-08,CAMPAIGN123195,7347172,163735,1155.348
Meta Ads,2022-04-09,CAMPAIGN123195,1923126,37984,351.818
Meta Ads,2022-04-10,CAMPAIGN123195,1549286,34731,296.1579992
Meta Ads,2022-04-11,CAMPAIGN123195,1086897,21135,167.062
Meta Ads,2022-04-12,CAMPAIGN123195,934033,30271,191.7799994
Meta Ads,2022-04-13,CAMPAIGN123195,577059,16993,115.3
Meta Ads,2022-04-14,CAMPAIGN123195,576497,10752,85.854
Meta Ads,2022-04-15,CAMPAIGN123195,453972,3488,66.788
Meta Ads,2022-04-16,CAMPAIGN123195,426874,3233,82.436
Meta Ads,2022-04-17,CAMPAIGN123195,43925,908,6.162
Meta Ads,2022-04-18,CAMPAIGN123195,39992,610,4.494
Meta Ads,2022-04-19,CAMPAIGN124392,125796,229,7.872
Meta Ads,2022-04-20,CAMPAIGN124392,118144,483,10.938
Meta Ads,2022-04-21,CAMPAIGN124392,83947,1056,13.85
Meta Ads,2022-04-22,CAMPAIGN124392,76906,939,12.274
Meta Ads,2022-04-23,CAMPAIGN124392,66881,136,4.128
Meta Ads,2022-04-24,CAMPAIGN124392,36698,111,2.87
Meta Ads,2022-04-25,CAMPAIGN124160,346350,8409,82.394
Meta Ads,2022-04-26,CAMPAIGN124160,161503,2871,28.274
Meta Ads,2022-04-27,CAMPAIGN124160,111107,1485,18.856
Meta Ads,2022-04-28,CAMPAIGN124160,93572,1458,15.57
Meta Ads,2022-04-29,CAMPAIGN124160,77442,1184,11.394
Meta Ads,2022-04-30,CAMPAIGN124160,46448,578,8.366
Meta Ads,2022-05-01,CAMPAIGN124160,31672,444,5.346
Meta Ads,2022-05-02,CAMPAIGN124221,290151,5308,28.75
Meta Ads,2022-05-03,CAMPAIGN124221,267377,7240,55.312
Meta Ads,2022-05-04,CAMPAIGN124221,115522,1763,9.782
Meta Ads,2022-05-05,CAMPAIGN124221,107632,1934,10.506
Meta Ads,2022-05-06,CAMPAIGN124221,93681,987,6.756
Meta Ads,2022-05-07,CAMPAIGN124221,77016,956,5.54
Meta Ads,2022-05-08,CAMPAIGN124221,45514,533,3.954
Meta Ads,2022-05-09,CAMPAIGN124188,321345,7336,54.822
Meta Ads,2022-05-10,CAMPAIGN124188,198565,4498,27.522
Meta Ads,2022-05-11,CAMPAIGN124188,145512,2542,16.6
Meta Ads,2022-05-12,CAMPAIGN124188,93393,1974,12.48
Meta Ads,2022-05-13,CAMPAIGN124188,48307,859,5.496
Meta Ads,2022-05-14,CAMPAIGN124188,27572,424,3.388
Meta Ads,2022-05-15,CAMPAIGN124188,16705,176,1.692
Meta Ads,2022-05-16,CAMPAIGN124158,348748,8255,126.296
Meta Ads,2022-05-17,CAMPAIGN124158,176897,2918,35.306
Meta Ads,2022-05-18,CAMPAIGN124158,176291,2464,34.414
Meta Ads,2022-05-19,CAMPAIGN124158,146094,1954,32.098
Meta Ads,2022-05-20,CAMPAIGN124158,113458,1506,28.508
Meta Ads,2022-05-21,CAMPAIGN124158,43544,480,10.59
Meta Ads,2022-05-22,CAMPAIGN124158,35589,300,5.98
Meta Ads,2022-05-23,CAMPAIGN124326,181930,2994,51.59
Meta Ads,2022-05-24,CAMPAIGN124326,126661,2401,20.258
Meta Ads,2022-05-25,CAMPAIGN124326,118222,1948,20.82
Meta Ads,2022-05-26,CAMPAIGN124326,70619,993,11.484
Meta Ads,2022-05-27,CAMPAIGN124326,23006,285,3.028
Meta Ads,2022-05-28,CAMPAIGN124326,14678,125,2.576
Meta Ads,2022-05-29,CAMPAIGN124326,13889,157,2.444
Meta Ads,2022-05-30,CAMPAIGN124385,129975,1587,213.6460002
Meta Ads,2022-05-31,CAMPAIGN124385,118869,1243,197.3060004
Meta Ads,2022-06-01,CAMPAIGN123965,574098,8559,954.424
Meta Ads,2022-06-02,CAMPAIGN124460,77405,1229,125.4000002
Meta Ads,2022-06-03,CAMPAIGN124460,73412,1077,120.45
Meta Ads,2022-06-04,CAMPAIGN124460,45638,677,73.628
Meta Ads,2022-06-05,CAMPAIGN124198,307026,4296,488.0500002
Meta Ads,2022-06-06,CAMPAIGN123561,1689717,6197,404.6200002
Meta Ads,2022-06-07,CAMPAIGN123561,509709,3322,157.1820002
Meta Ads,2022-06-08,CAMPAIGN123561,267960,1567,55.588
Meta Ads,2022-06-09,CAMPAIGN123270,5048766,19449,618.2979996
Meta Ads,2022-06-10,CAMPAIGN123270,3163312,29194,535.1399998
Meta Ads,2022-06-11,CAMPAIGN123505,1961038,12324,740.2199998
Meta Ads,2022-06-12,CAMPAIGN123505,887913,5225,340.644
Meta Ads,2022-06-13,CAMPAIGN123505,33326,202,23.292
Meta Ads,2022-06-14,CAMPAIGN123574,1636719,9667,635.9860002
Meta Ads,2022-06-15,CAMPAIGN123574,922034,3661,378.752001
Meta Ads,2022-06-16,CAMPAIGN123574,136779,742,89.566
Meta Ads,2022-06-17,CAMPAIGN123426,2523980,6381,901.75
Meta Ads,2022-06-18,CAMPAIGN123426,440989,1437,163.54
Meta Ads,2022-06-19,CAMPAIGN123426,86776,177,61.494
Meta Ads,2022-06-20,CAMPAIGN123434,2418151,18513,679.922
Meta Ads,2022-06-21,CAMPAIGN123434,1025969,4805,418.8940004
Meta Ads,2022-06-22,CAMPAIGN123434,14874,84,5.868
Meta Ads,2022-06-23,CAMPAIGN123427,2510198,15906,774.4739996
Meta Ads,2022-06-24,CAMPAIGN123427,964079,3720,297.1200006
Meta Ads,2022-06-25,CAMPAIGN123427,65372,330,32.732
Meta Ads,2022-06-26,CAMPAIGN124008,535864,5048,80.9380002
Meta Ads,2022-06-27,CAMPAIGN124008,348953,5755,82.22
Meta Ads,2022-06-28,CAMPAIGN124008,243181,1030,23.042
Meta Ads,2022-06-29,CAMPAIGN124008,217302,612,14.956
Meta Ads,2022-06-30,CAMPAIGN124008,138298,321,9.444
Meta Ads,2022-07-01,CAMPAIGN123792,872470,7249,257.508
Meta Ads,2022-07-02,CAMPAIGN123792,817564,777,94.888
Meta Ads,2022-07-03,CAMPAIGN123792,610137,562,64.712
Meta Ads,2022-07-04,CAMPAIGN123792,287290,155,32.292
Meta Ads,2022-07-05,CAMPAIGN123743,1017405,13833,160.52
Meta Ads,2022-07-06,CAMPAIGN123743,882893,1825,59.7959998
Meta Ads,2022-07-07,CAMPAIGN123743,588905,528,44.4800002
Meta Ads,2022-07-08,CAMPAIGN124034,491494,7121,41.078
Meta Ads,2022-07-09,CAMPAIGN124034,330328,1027,11.514
Meta Ads,2022-07-10,CAMPAIGN124034,241527,773,8.486
Meta Ads,2022-07-11,CAMPAIGN124034,231722,1371,15.04
Meta Ads,2022-07-12,CAMPAIGN124034,48915,216,1.88
Meta Ads,2022-07-13,CAMPAIGN123322,3940208,9618,245.4
Meta Ads,2022-07-14,CAMPAIGN123322,3038474,43696,277.9960002
Meta Ads,2022-07-15,CAMPAIGN123322,1236622,1687,88.604
Meta Ads,2022-07-16,CAMPAIGN123313,4142809,34170,249.602
Meta Ads,2022-07-17,CAMPAIGN123313,1739368,4223,87.134
Meta Ads,2022-07-18,CAMPAIGN123313,1478455,2368,72.4660006
Meta Ads,2022-07-19,CAMPAIGN123313,313094,892,13.9980002
Meta Ads,2022-07-20,CAMPAIGN123592,1546567,16328,225.642
Meta Ads,2022-07-21,CAMPAIGN123477,2074333,29170,422.0119998
Meta Ads,2022-07-22,CAMPAIGN123477,319389,1368,78.6179996
Meta Ads,2022-07-23,CAMPAIGN123477,115105,510,33.0839998
Meta Ads,2022-07-24,CAMPAIGN123477,68648,282,20.616
Meta Ads,2022-07-25,CAMPAIGN123477,64236,479,21.0599998
Meta Ads,2022-07-26,CAMPAIGN123524,1869707,20390,277.968
Meta Ads,2022-07-27,CAMPAIGN123524,121681,1589,22.032
Meta Ads,2022-07-28,CAMPAIGN124367,146331,165,21.604
Meta Ads,2022-07-29,CAMPAIGN124367,67843,59,16.184
Meta Ads,2022-07-30,CAMPAIGN124367,6445,43,1.51
Meta Ads,2022-07-31,CAMPAIGN124367,981,2,0.102
Meta Ads,2022-08-01,CAMPAIGN124267,241616,1442,68.214
Meta Ads,2022-08-02,CAMPAIGN124267,86303,1734,16.928
Meta Ads,2022-08-03,CAMPAIGN123311,4178463,5104,1092.708
Meta Ads,2022-08-04,CAMPAIGN123311,4062931,5026,976.9940002
Meta Ads,2022-08-05,CAMPAIGN123311,242317,270,68.532
Meta Ads,2022-08-06,CAMPAIGN123311,42893,52,8.276
Meta Ads,2022-08-07,CAMPAIGN123311,25754,53,8.69
Meta Ads,2022-08-08,CAMPAIGN123136,23193461,70818,5152.484
Meta Ads,2022-08-09,CAMPAIGN123136,6188146,17826,1286.308
Meta Ads,2022-08-10,CAMPAIGN123136,299764,627,63.144
Meta Ads,2022-08-11,CAMPAIGN123136,251577,1208,69.464
Meta Ads,2022-08-12,CAMPAIGN123125,42605647,118369,8110.266
Meta Ads,2022-08-13,CAMPAIGN123125,4417781,12489,902.5459996
Meta Ads,2022-08-14,CAMPAIGN123125,664924,1045,136.2480002
Meta Ads,2022-08-15,CAMPAIGN123125,345663,1373,78.9399998
Meta Ads,2022-08-16,CAMPAIGN123165,10363687,22467,2310.682
Meta Ads,2022-08-17,CAMPAIGN123165,1349175,2913,304.7539998
Meta Ads,2022-08-18,CAMPAIGN123165,251461,460,55.62
Meta Ads,2022-08-19,CAMPAIGN123165,32782,157,9.944
Meta Ads,2022-08-20,CAMPAIGN123531,1844691,31817,235.1880002
Meta Ads,2022-08-21,CAMPAIGN123531,1187467,32042,238.1899998
Meta Ads,2022-08-22,CAMPAIGN123531,402891,6695,42.264
Meta Ads,2022-08-23,CAMPAIGN123531,397000,8009,55.29
Meta Ads,2022-08-24,CAMPAIGN123531,274104,4086,29.068
Meta Ads,2022-08-25,CAMPAIGN123883,703108,7505,1145.772
Meta Ads,2022-08-26,CAMPAIGN123883,571564,6466,932.72
Meta Ads,2022-08-27,CAMPAIGN123883,5472,98,8.606
Meta Ads,2022-08-28,CAMPAIGN124215,294725,2311,509.788
Meta Ads,2022-08-29,CAMPAIGN124215,212898,1612,374.8460002
Meta Ads,2022-08-30,CAMPAIGN124215,1247,32,1.918
Meta Ads,2022-08-31,CAMPAIGN124240,266682,2573,443.4740002
Meta Ads,2022-09-01,CAMPAIGN124240,250476,2342,419.392
Meta Ads,2022-09-02,CAMPAIGN124240,2379,73,3.664
Meta Ads,2022-09-03,CAMPAIGN124327,180983,2033,299.718
Meta Ads,2022-09-04,CAMPAIGN124327,172845,1661,287.9799998
Meta Ads,2022-09-05,CAMPAIGN124327,2097,60,3.164
Meta Ads,2022-09-06,CAMPAIGN124443,88136,1112,145.14
Meta Ads,2022-09-07,CAMPAIGN124443,84458,952,137.982
Meta Ads,2022-09-08,CAMPAIGN124443,39986,424,65.59
Meta Ads,2022-09-09,CAMPAIGN124443,1617,28,2.57
Meta Ads,2022-09-10,CAMPAIGN124443,1445,22,2.258
Meta Ads,2022-09-11,CAMPAIGN124142,366241,4398,626.4240004
Meta Ads,2022-09-12,CAMPAIGN124142,320303,3971,551.514
Meta Ads,2022-09-13,CAMPAIGN124142,2260,53,3.394
Meta Ads,2022-09-14,CAMPAIGN124378,136260,1355,224.2279998
Meta Ads,2022-09-15,CAMPAIGN124378,78366,757,129.338
Meta Ads,2022-09-16,CAMPAIGN124378,1324,32,2.012
Meta Ads,2022-09-17,CAMPAIGN123545,1775686,87172,387.052
Meta Ads,2022-09-18,CAMPAIGN123545,516934,25421,83.756
Meta Ads,2022-09-19,CAMPAIGN123545,124128,4718,23.04
Meta Ads,2022-09-20,CAMPAIGN123545,35429,2441,8.956
Meta Ads,2022-09-21,CAMPAIGN123545,11063,736,1.932
Meta Ads,2022-09-22,CAMPAIGN123545,2000,96,0.36
Meta Ads,2022-09-23,CAMPAIGN123389,2900467,114110,544.872
Meta Ads,2022-09-24,CAMPAIGN123389,89079,5162,19.492
Meta Ads,2022-09-25,CAMPAIGN123389,31890,871,4.276
Meta Ads,2022-09-26,CAMPAIGN123389,1210,47,0.158
Meta Ads,2022-09-27,CAMPAIGN123923,637068,1664,255.5580006
Meta Ads,2022-09-28,CAMPAIGN123923,252349,1006,116.8359994
Meta Ads,2022-09-29,CAMPAIGN123923,121503,454,50.1199998
Meta Ads,2022-09-30,CAMPAIGN123923,65824,161,20.094
Meta Ads,2022-10-01,CAMPAIGN123923,25602,70,9.476
Meta Ads,2022-10-02,CAMPAIGN123923,19439,82,10.5300006
Meta Ads,2022-10-03,CAMPAIGN123923,1241,2,0.504
Meta Ads,2022-10-04,CAMPAIGN123923,847,1,0.266
Meta Ads,2022-10-05,CAMPAIGN123923,40,0,0.008
Meta Ads,2022-10-06,CAMPAIGN124270,236930,834,162.322
Meta Ads,2022-10-07,CAMPAIGN124270,89600,407,76.5340002
Meta Ads,2022-10-08,CAMPAIGN124270,58371,252,44.432
Meta Ads,2022-10-09,CAMPAIGN124270,43621,186,31.6279998
Meta Ads,2022-10-10,CAMPAIGN124270,21065,103,18.9540002
Meta Ads,2022-10-11,CAMPAIGN124270,3626,9,2.068
Meta Ads,2022-10-12,CAMPAIGN124270,1364,3,1.02
Meta Ads,2022-10-13,CAMPAIGN124270,21,1,0.008
Meta Ads,2022-10-14,CAMPAIGN124270,15,0,0.0
Meta Ads,2022-10-15,CAMPAIGN123756,976240,2668,369.7340002
Meta Ads,2022-10-16,CAMPAIGN123756,441722,1612,145.0780006
Meta Ads,2022-10-17,CAMPAIGN123756,146267,517,52.5239996
Meta Ads,2022-10-18,CAMPAIGN123756,100724,321,40.8200004
Meta Ads,2022-10-19,CAMPAIGN123756,99779,291,37.418
Meta Ads,2022-10-20,CAMPAIGN123756,48447,167,19.19
Meta Ads,2022-10-21,CAMPAIGN123756,16743,53,5.812
Meta Ads,2022-10-22,CAMPAIGN123756,13215,39,5.412
Meta Ads,2022-10-23,CAMPAIGN123756,34,0,0.008
Meta Ads,2022-10-24,CAMPAIGN123846,753392,2801,416.5560004
Meta Ads,2022-10-25,CAMPAIGN123846,366888,1888,198.888
Meta Ads,2022-10-26,CAMPAIGN123846,33761,144,20.868
Meta Ads,2022-10-27,CAMPAIGN123846,20943,118,17.6179998
Meta Ads,2022-10-28,CAMPAIGN123846,14540,65,9.492
Meta Ads,2022-10-29,CAMPAIGN123846,7343,31,4.508
Meta Ads,2022-10-30,CAMPAIGN123846,6578,33,5.748
Meta Ads,2022-10-31,CAMPAIGN123846,4256,15,2.904
Meta Ads,2022-11-01,CAMPAIGN123846,2367,7,2.416
Meta Ads,2022-11-02,CAMPAIGN123846,10,0,0.0
Meta Ads,2022-11-03,CAMPAIGN123739,1025052,3581,617.3839996
Meta Ads,2022-11-04,CAMPAIGN123739,356272,1641,202.3699998
Meta Ads,2022-11-05,CAMPAIGN123739,224112,1252,91.5680004
Meta Ads,2022-11-06,CAMPAIGN123739,123303,618,77.7900002
Meta Ads,2022-11-07,CAMPAIGN123739,87424,452,32.038
Meta Ads,2022-11-08,CAMPAIGN123739,64582,313,41.952
Meta Ads,2022-11-09,CAMPAIGN123739,37418,195,26.1699998
Meta Ads,2022-11-10,CAMPAIGN123739,32637,197,13.052
Meta Ads,2022-11-11,CAMPAIGN123739,27541,128,9.6179998
Meta Ads,2022-11-12,CAMPAIGN123739,6960,17,3.328
Meta Ads,2022-11-13,CAMPAIGN123739,1940,3,0.586
Meta Ads,2022-11-14,CAMPAIGN123739,301,3,0.074
Meta Ads,2022-11-15,CAMPAIGN123744,1011480,2899,514.4059994
Meta Ads,2022-11-16,CAMPAIGN123744,426838,1454,180.236
Meta Ads,2022-11-17,CAMPAIGN123744,327706,1001,140.8959996
Meta Ads,2022-11-18,CAMPAIGN123744,259084,1091,137.7339998
Meta Ads,2022-11-19,CAMPAIGN123744,181311,681,90.6640002
Meta Ads,2022-11-20,CAMPAIGN123744,55481,180,26.468
Meta Ads,2022-11-21,CAMPAIGN123744,46635,155,24.434
Meta Ads,2022-11-22,CAMPAIGN123744,41023,132,16.372
Meta Ads,2022-11-23,CAMPAIGN123744,16683,45,8.37
Meta Ads,2022-11-24,CAMPAIGN123684,1197604,92558,252.9180002
Meta Ads,2022-11-25,CAMPAIGN123684,377156,22992,72.028
Meta Ads,2022-11-26,CAMPAIGN123684,100251,4999,17.268
Meta Ads,2022-11-27,CAMPAIGN123684,67207,3950,12.802
Meta Ads,2022-11-28,CAMPAIGN123684,49351,2750,10.274
Meta Ads,2022-11-29,CAMPAIGN123684,33339,1355,6.042
Meta Ads,2022-11-30,CAMPAIGN123684,19274,1268,4.87
Meta Ads,2022-12-01,CAMPAIGN123684,16532,1119,4.092
Meta Ads,2022-12-02,CAMPAIGN123684,2449,100,0.362
Meta Ads,2022-12-03,CAMPAIGN123684,1492,61,0.19
Meta Ads,2022-12-04,CAMPAIGN123684,815,24,0.112
Meta Ads,2022-12-05,CAMPAIGN123684,279,0,0.008
Meta Ads,2022-12-06,CAMPAIGN123684,220,3,0.01
Meta Ads,2022-12-07,CAMPAIGN123684,141,4,0.0
Meta Ads,2022-12-08,CAMPAIGN123684,117,1,0.016
Meta Ads,2022-12-09,CAMPAIGN123684,110,0,0.006
Meta Ads,2022-12-10,CAMPAIGN123684,95,0,0.0
Meta Ads,2022-12-11,CAMPAIGN123684,55,0,0.0
Meta Ads,2022-12-12,CAMPAIGN123684,53,0,0.0
Meta Ads,2022-12-13,CAMPAIGN123684,36,1,0.002
Meta Ads,2022-12-14,CAMPAIGN123684,35,0,0.0
Meta Ads,2022-12-15,CAMPAIGN123684,29,2,0.0
Meta Ads,2022-12-16,CAMPAIGN123684,27,1,0.0
Meta Ads,2022-12-17,CAMPAIGN123684,25,0,0.0
Meta Ads,2022-12-18,CAMPAIGN123684,22,0,0.0
Meta Ads,2022-12-19,CAMPAIGN123684,9,0,0.0
Meta Ads,2022-12-20,CAMPAIGN123684,6,0,0.0
Meta Ads,2022-12-21,CAMPAIGN123684,6,0,0.0
Meta Ads,2022-12-22,CAMPAIGN123684,1,0,0.0
Meta Ads,2022-12-23,CAMPAIGN123684,1,0,0.0
Meta Ads,2022-12-24,CAMPAIGN123684,1,0,0.0
Meta Ads,2022-12-25,CAMPAIGN123998,541908,36822,143.082
Meta Ads,2022-12-26,CAMPAIGN123998,408382,32307,136.88
Meta Ads,2022-12-27,CAMPAIGN123998,188783,12211,73.594
Meta Ads,2022-12-28,CAMPAIGN123998,45713,3089,16.954
Meta Ads,2022-12-29,CAMPAIGN123998,26288,1101,7.56
Meta Ads,2022-12-30,CAMPAIGN123998,13897,495,4.408
Meta Ads,2022-12-31,CAMPAIGN123998,12262,797,5.808
Meta Ads,2022-01-01,CAMPAIGN123998,9657,306,2.164
Meta Ads,2022-01-02,CAMPAIGN123998,6743,167,2.246
Meta Ads,2022-01-03,CAMPAIGN123998,1632,6,0.856
Meta Ads,2022-01-04,CAMPAIGN123998,1052,3,0.532
Meta Ads,2022-01-05,CAMPAIGN123998,881,3,0.34
Meta Ads,2022-01-06,CAMPAIGN123998,502,0,0.182
Meta Ads,2022-01-07,CAMPAIGN123998,427,2,0.112
Meta Ads,2022-01-08,CAMPAIGN123998,334,9,0.094
Meta Ads,2022-01-09,CAMPAIGN123998,208,0,0.074
Meta Ads,2022-01-10,CAMPAIGN123998,190,3,0.06
Meta Ads,2022-01-11,CAMPAIGN123998,167,3,0.11
Meta Ads,2022-01-12,CAMPAIGN123998,149,0,0.088
Meta Ads,2022-01-13,CAMPAIGN123998,120,0,0.04
Meta Ads,2022-01-14,CAMPAIGN123998,94,0,0.04
Meta Ads,2022-01-15,CAMPAIGN123998,90,0,0.104
Meta Ads,2022-01-16,CAMPAIGN123998,60,1,0.02
Meta Ads,2022-01-17,CAMPAIGN123998,40,0,0.026
Meta Ads,2022-01-18,CAMPAIGN123998,36,0,0.008
Meta Ads,2022-01-19,CAMPAIGN123998,25,0,0.002
Meta Ads,2022-01-20,CAMPAIGN123998,22,0,0.012
Meta Ads,2022-01-21,CAMPAIGN123998,10,0,0.004
Meta Ads,2022-01-22,CAMPAIGN123998,7,0,0.0
Meta Ads,2022-01-23,CAMPAIGN123998,6,0,0.0
Meta Ads,2022-01-24,CAMPAIGN123998,2,0,0.0
Meta Ads,2022-01-25,CAMPAIGN123998,2,0,0.0
Meta Ads,2022-01-26,CAMPAIGN123998,1,0,0.0
Meta Ads,2022-01-27,CAMPAIGN124339,170694,14120,117.166
Meta Ads,2022-01-28,CAMPAIGN124339,72379,5917,51.698
Meta Ads,2022-01-29,CAMPAIGN124339,9546,370,2.986
Meta Ads,2022-01-30,CAMPAIGN124339,6017,422,4.14
Meta Ads,2022-01-31,CAMPAIGN124339,4802,208,1.66
Meta Ads,2022-02-01,CAMPAIGN124339,2761,183,1.956
Meta Ads,2022-02-02,CAMPAIGN124339,1919,89,0.744
Meta Ads,2022-02-03,CAMPAIGN124339,1650,45,0.488
Meta Ads,2022-02-04,CAMPAIGN124339,572,12,0.182
Meta Ads,2022-02-05,CAMPAIGN124339,414,12,0.168
Meta Ads,2022-02-06,CAMPAIGN124339,366,1,0.024
Meta Ads,2022-02-07,CAMPAIGN124339,300,4,0.036
Meta Ads,2022-02-08,CAMPAIGN124339,270,9,0.1
Meta Ads,2022-02-09,CAMPAIGN124339,205,0,0.02
Meta Ads,2022-02-10,CAMPAIGN124339,140,1,0.002
Meta Ads,2022-02-11,CAMPAIGN124339,128,1,0.008
Meta Ads,2022-02-12,CAMPAIGN124339,102,1,0.014
Meta Ads,2022-02-13,CAMPAIGN124339,74,1,0.0
Meta Ads,2022-02-14,CAMPAIGN124339,62,0,0.008
Meta Ads,2022-02-15,CAMPAIGN124339,52,0,0.0
Meta Ads,2022-02-16,CAMPAIGN124339,33,0,0.0
Meta Ads,2022-02-17,CAMPAIGN124339,18,0,0.0
Meta Ads,2022-02-18,CAMPAIGN124339,18,0,0.0
Meta Ads,2022-02-19,CAMPAIGN124339,15,0,0.0
Meta Ads,2022-02-20,CAMPAIGN124339,14,0,0.0
Meta Ads,2022-02-21,CAMPAIGN124339,5,0,0.0
Meta Ads,2022-02-22,CAMPAIGN124339,3,0,0.0
Meta Ads,2022-02-23,CAMPAIGN124339,2,0,0.0
Meta Ads,2022-02-24,CAMPAIGN124339,1,0,0.0
Meta Ads,2022-02-25,CAMPAIGN124339,1,0,0.0
Meta Ads,2022-02-26,CAMPAIGN123847,752786,64715,280.918
Meta Ads,2022-02-27,CAMPAIGN123847,591859,41284,189.1960002
Meta Ads,2022-02-28,CAMPAIGN123847,243772,2125,29.912
Meta Ads,2022-03-01,CAMPAIGN123847,118133,1143,15.776
Meta Ads,2022-03-02,CAMPAIGN123847,86853,914,11.466
Meta Ads,2022-03-03,CAMPAIGN123847,74359,793,10.498
Meta Ads,2022-03-04,CAMPAIGN123847,72268,7677,41.15
Meta Ads,2022-03-05,CAMPAIGN123847,51178,4111,21.388
Meta Ads,2022-03-06,CAMPAIGN123847,32900,2690,15.238
Meta Ads,2022-03-07,CAMPAIGN123847,10381,459,3.742
Meta Ads,2022-03-08,CAMPAIGN123847,8089,39,0.69
Meta Ads,2022-03-09,CAMPAIGN123847,3396,148,0.694
Meta Ads,2022-03-10,CAMPAIGN123847,1935,18,0.18
Meta Ads,2022-03-11,CAMPAIGN123847,1746,43,0.512
Meta Ads,2022-03-12,CAMPAIGN123847,861,11,0.024
Meta Ads,2022-03-13,CAMPAIGN123847,146,1,0.014
Meta Ads,2022-03-14,CAMPAIGN123847,38,0,0.0
Meta Ads,2022-03-15,CAMPAIGN123847,11,1,0.0
Meta Ads,2022-03-16,CAMPAIGN123847,11,0,0.002
Meta Ads,2022-03-17,CAMPAIGN123847,10,0,0.0
Meta Ads,2022-03-18,CAMPAIGN123847,9,0,0.0
Meta Ads,2022-03-19,CAMPAIGN123847,8,0,0.0
Meta Ads,2022-03-20,CAMPAIGN123847,5,0,0.0
Meta Ads,2022-03-21,CAMPAIGN123847,1,0,0.0
Meta Ads,2022-03-22,CAMPAIGN123847,1,0,0.0
Meta Ads,2022-03-23,CAMPAIGN123847,1,0,0.0
Meta Ads,2022-03-24,CAMPAIGN123951,595577,38785,134.5040002
Meta Ads,2022-03-25,CAMPAIGN123951,184253,15723,60.312
Meta Ads,2022-03-26,CAMPAIGN123951,145839,7440,35.704
Meta Ads,2022-03-27,CAMPAIGN123951,62339,2719,13.14
Meta Ads,2022-03-28,CAMPAIGN123951,51349,3932,15.492
Meta Ads,2022-03-29,CAMPAIGN123951,26475,1731,9.852
Meta Ads,2022-03-30,CAMPAIGN123951,14634,425,2.474
Meta Ads,2022-03-31,CAMPAIGN123951,12644,435,1.814
Meta Ads,2022-04-01,CAMPAIGN123951,11913,775,4.27
Meta Ads,2022-04-02,CAMPAIGN123951,645,9,0.034
Meta Ads,2022-04-03,CAMPAIGN123951,144,2,0.002
Meta Ads,2022-04-04,CAMPAIGN123951,50,2,0.0
Meta Ads,2022-04-05,CAMPAIGN123951,47,1,0.002
Meta Ads,2022-04-06,CAMPAIGN123951,35,1,0.0
Meta Ads,2022-04-07,CAMPAIGN123951,30,1,0.0
Meta Ads,2022-04-08,CAMPAIGN123951,27,1,0.0
Meta Ads,2022-04-09,CAMPAIGN123951,13,0,0.0
Meta Ads,2022-04-10,CAMPAIGN123951,13,0,0.0
Meta Ads,2022-04-11,CAMPAIGN123951,8,1,0.0
Meta Ads,2022-04-12,CAMPAIGN123951,8,0,0.0
Meta Ads,2022-04-13,CAMPAIGN123951,6,0,0.0
Meta Ads,2022-04-14,CAMPAIGN123951,4,0,0.0
Meta Ads,2022-04-15,CAMPAIGN123951,4,0,0.0
Meta Ads,2022-04-16,CAMPAIGN123951,3,0,0.0
Meta Ads,2022-04-17,CAMPAIGN123951,3,0,0.0
Meta Ads,2022-04-18,CAMPAIGN123951,2,0,0.0
Meta Ads,2022-04-19,CAMPAIGN123951,2,0,0.0
Meta Ads,2022-04-20,CAMPAIGN123951,1,0,0.0
Meta Ads,2022-04-21,CAMPAIGN123951,1,0,0.0
Meta Ads,2022-04-22,CAMPAIGN123605,1488108,109017,355.874
Meta Ads,2022-04-23,CAMPAIGN123605,467257,32199,111.956
Meta Ads,2022-04-24,CAMPAIGN123605,276642,13726,69.302
Meta Ads,2022-04-25,CAMPAIGN123605,101354,5778,24.662
Meta Ads,2022-04-26,CAMPAIGN123605,99555,8021,32.5559998
Meta Ads,2022-04-27,CAMPAIGN123605,71940,4410,19.084
Meta Ads,2022-04-28,CAMPAIGN123605,39216,1951,9.14
Meta Ads,2022-04-29,CAMPAIGN123605,32512,2461,10.574
Meta Ads,2022-04-30,CAMPAIGN123605,6516,184,1.124
Meta Ads,2022-05-01,CAMPAIGN123605,2124,64,0.318
Meta Ads,2022-05-02,CAMPAIGN123605,131,2,0.004
Meta Ads,2022-05-03,CAMPAIGN123605,107,3,0.002
Meta Ads,2022-05-04,CAMPAIGN123605,82,0,0.004
Meta Ads,2022-05-05,CAMPAIGN123605,49,0,0.0
Meta Ads,2022-05-06,CAMPAIGN123605,30,0,0.0
Meta Ads,2022-05-07,CAMPAIGN123605,20,1,0.0
Meta Ads,2022-05-08,CAMPAIGN123605,14,0,0.0
Meta Ads,2022-05-09,CAMPAIGN123605,11,0,0.0
Meta Ads,2022-05-10,CAMPAIGN123605,7,0,0.0
Meta Ads,2022-05-11,CAMPAIGN123605,5,0,0.0
Meta Ads,2022-05-12,CAMPAIGN123605,4,0,0.0
Meta Ads,2022-05-13,CAMPAIGN123605,3,0,0.0
Meta Ads,2022-05-14,CAMPAIGN123605,3,0,0.0
Meta Ads,2022-05-15,CAMPAIGN123605,3,0,0.0
Meta Ads,2022-05-16,CAMPAIGN123605,1,0,0.0
Meta Ads,2022-05-17,CAMPAIGN123605,1,0,0.0
Meta Ads,2022-05-18,CAMPAIGN124036,487038,10470,79.72
Meta Ads,2022-05-19,CAMPAIGN124036,479117,11606,80.3119998
Meta Ads,2022-05-20,CAMPAIGN124036,92189,1229,9.808
Meta Ads,2022-05-21,CAMPAIGN124036,75845,1209,9.4260002
Meta Ads,2022-05-22,CAMPAIGN124365,148244,5742,30.708
Meta Ads,2022-05-23,CAMPAIGN124365,35198,1816,8.888
Meta Ads,2022-05-24,CAMPAIGN124039,484662,8578,58.07
Meta Ads,2022-05-25,CAMPAIGN124039,309302,4628,36.618
Meta Ads,2022-05-26,CAMPAIGN124039,125062,1554,12.846
Meta Ads,2022-05-27,CAMPAIGN124039,104233,1937,12.51
Meta Ads,2022-05-28,CAMPAIGN124039,77152,1013,7.688
Meta Ads,2022-05-29,CAMPAIGN124039,61169,738,6.09
Meta Ads,2022-05-30,CAMPAIGN124039,25139,344,2.676
Meta Ads,2022-05-31,CAMPAIGN124039,22867,254,2.06
Meta Ads,2022-06-01,CAMPAIGN124305,205125,4437,22.524
Meta Ads,2022-06-02,CAMPAIGN124305,51081,962,6.484
Meta Ads,2022-06-03,CAMPAIGN124305,50072,1162,5.228
Meta Ads,2022-06-04,CAMPAIGN124305,31887,428,2.29
Meta Ads,2022-06-05,CAMPAIGN124305,20250,404,2.368
Meta Ads,2022-06-06,CAMPAIGN124305,6314,95,0.688
Meta Ads,2022-06-07,CAMPAIGN123708,1123597,11805,177.5820002
Meta Ads,2022-06-08,CAMPAIGN123918,641380,9239,89.938
Meta Ads,2022-06-09,CAMPAIGN123918,601059,8816,83.89
Meta Ads,2022-06-10,CAMPAIGN123918,334288,5416,54.206
Meta Ads,2022-06-11,CAMPAIGN123918,185718,2936,29.966
Meta Ads,2022-06-12,CAMPAIGN123341,3428845,65257,427.31
Meta Ads,2022-06-13,CAMPAIGN123341,2897749,54866,363.794
Meta Ads,2022-06-14,CAMPAIGN123341,875192,18009,112.35
Meta Ads,2022-06-15,CAMPAIGN123341,757023,15345,96.546
Meta Ads,2022-06-16,CAMPAIGN124320,190293,2770,56.252
Meta Ads,2022-06-17,CAMPAIGN124320,173698,2474,51.006
Meta Ads,2022-06-18,CAMPAIGN124320,85434,1357,24.3020002
Meta Ads,2022-06-19,CAMPAIGN124320,58617,866,16.672
Meta Ads,2022-06-20,CAMPAIGN124320,6165,72,1.768
Meta Ads,2022-06-21,CAMPAIGN123405,2768040,45378,277.9979998
Meta Ads,2022-06-22,CAMPAIGN123405,2595470,41147,260.336
Meta Ads,2022-06-23,CAMPAIGN123405,1160666,20320,112.56
Meta Ads,2022-06-24,CAMPAIGN123405,1009490,17218,97.906
Meta Ads,2022-06-25,CAMPAIGN123834,777271,27574,285.896
Meta Ads,2022-06-26,CAMPAIGN123781,898711,64984,236.868
Meta Ads,2022-06-27,CAMPAIGN123781,27093,1617,7.332
Meta Ads,2022-06-28,CAMPAIGN123835,773967,17223,352.134
Meta Ads,2022-06-29,CAMPAIGN123835,753014,3867,295.466
Meta Ads,2022-06-30,CAMPAIGN123503,1974199,94483,441.4
Meta Ads,2022-07-01,CAMPAIGN123896,684420,42632,178.4
Meta Ads,2022-07-02,CAMPAIGN123452,2265584,13901,1297.0
Meta Ads,2022-07-03,CAMPAIGN124300,209324,3350,296.2239994
Meta Ads,2022-07-04,CAMPAIGN124300,100150,1514,140.7599998
Meta Ads,2022-07-05,CAMPAIGN124300,88737,1146,121.1999998
Meta Ads,2022-07-06,CAMPAIGN124300,78790,1210,97.614
Meta Ads,2022-07-07,CAMPAIGN123210,7067968,66217,2392.8
Meta Ads,2022-07-08,CAMPAIGN123141,18616600,255584,5647.876
Meta Ads,2022-07-09,CAMPAIGN123141,9278350,87392,2664.724
Meta Ads,2022-07-10,CAMPAIGN123205,7117912,63182,2163.462
Meta Ads,2022-07-11,CAMPAIGN123205,2822057,25047,813.338
Meta Ads,2022-07-12,CAMPAIGN123367,3087636,69882,535.172
Meta Ads,2022-07-13,CAMPAIGN123367,601543,13766,134.072
Meta Ads,2022-07-14,CAMPAIGN123367,540760,10318,111.954
Meta Ads,2022-07-15,CAMPAIGN123202,7155997,183713,1556.448
Meta Ads,2022-07-16,CAMPAIGN123202,1553940,29747,372.0680008
Meta Ads,2022-07-17,CAMPAIGN123202,1456014,42267,385.486
Meta Ads,2022-07-18,CAMPAIGN123202,81637,2257,20.594
Meta Ads,2022-07-19,CAMPAIGN123193,7695172,185504,1537.8
Meta Ads,2022-07-20,CAMPAIGN124479,61810,407,4.106
Meta Ads,2022-07-21,CAMPAIGN124479,49998,398,3.808
Meta Ads,2022-07-22,CAMPAIGN124479,43518,345,3.314
Meta Ads,2022-07-23,CAMPAIGN124479,42385,430,4.118
Meta Ads,2022-07-24,CAMPAIGN124479,38848,267,1.628
Meta Ads,2022-07-25,CAMPAIGN124479,35045,213,1.718
Meta Ads,2022-07-26,CAMPAIGN124479,32183,268,2.59
Meta Ads,2022-07-27,CAMPAIGN124479,31335,226,1.728
Meta Ads,2022-07-28,CAMPAIGN124479,30620,281,2.366
Meta Ads,2022-07-29,CAMPAIGN124479,28161,236,1.352
Meta Ads,2022-07-30,CAMPAIGN124479,27776,197,1.304
Meta Ads,2022-07-31,CAMPAIGN124479,27069,261,2.326
Meta Ads,2022-08-01,CAMPAIGN124479,25706,213,1.86
Meta Ads,2022-08-02,CAMPAIGN124479,20440,168,1.214
Meta Ads,2022-08-03,CAMPAIGN124479,15977,110,0.658
Meta Ads,2022-08-04,CAMPAIGN124479,15519,146,0.924
Meta Ads,2022-08-05,CAMPAIGN124479,15476,150,0.974
Meta Ads,2022-08-06,CAMPAIGN124479,13392,128,1.046
Meta Ads,2022-08-07,CAMPAIGN124479,12996,98,0.736
Meta Ads,2022-08-08,CAMPAIGN124479,12812,78,0.634
Meta Ads,2022-08-09,CAMPAIGN124479,10676,88,0.514
Meta Ads,2022-08-10,CAMPAIGN124479,9185,78,0.548
Meta Ads,2022-08-11,CAMPAIGN124479,7998,75,0.466
Meta Ads,2022-08-12,CAMPAIGN124479,7722,67,0.496
Meta Ads,2022-08-13,CAMPAIGN123155,13705471,106649,2033.4
Meta Ads,2022-08-14,CAMPAIGN123200,7177951,56217,1177.368
Meta Ads,2022-08-15,CAMPAIGN123540,1804156,9495,243.96
Meta Ads,2022-08-16,CAMPAIGN124447,86815,1087,79.8
Meta Ads,2022-08-17,CAMPAIGN124495,46390,470,155.6
Meta Ads,2022-08-18,CAMPAIGN124247,264082,15190,106.1299998
Meta Ads,2022-08-19,CAMPAIGN124247,55063,2549,18.872
Meta Ads,2022-08-20,CAMPAIGN124247,35656,530,9.2979998
Meta Ads,2022-08-21,CAMPAIGN124247,21997,267,4.718
Meta Ads,2022-08-22,CAMPAIGN124247,15307,243,7.568
Meta Ads,2022-08-23,CAMPAIGN124247,14247,135,2.33
Meta Ads,2022-08-24,CAMPAIGN124247,11201,93,1.924
Meta Ads,2022-08-25,CAMPAIGN124247,11074,185,2.646
Meta Ads,2022-08-26,CAMPAIGN124247,9380,117,2.086
Meta Ads,2022-08-27,CAMPAIGN124247,9145,119,1.724
Meta Ads,2022-08-28,CAMPAIGN124247,7719,104,1.684
Meta Ads,2022-08-29,CAMPAIGN124247,7110,61,1.266
Meta Ads,2022-08-30,CAMPAIGN124247,6907,45,1.352
Meta Ads,2022-08-31,CAMPAIGN124247,6891,89,1.8220006
Meta Ads,2022-09-01,CAMPAIGN124247,6353,41,0.932
Meta Ads,2022-09-02,CAMPAIGN124247,6122,89,1.564
Meta Ads,2022-09-03,CAMPAIGN124247,5759,21,1.428
Meta Ads,2022-09-04,CAMPAIGN124247,5470,39,1.86
Meta Ads,2022-09-05,CAMPAIGN124247,4984,39,0.71
Meta Ads,2022-09-06,CAMPAIGN124247,4817,39,0.874
Meta Ads,2022-09-07,CAMPAIGN124247,4596,22,0.52
Meta Ads,2022-09-08,CAMPAIGN124247,3877,15,0.708
Meta Ads,2022-09-09,CAMPAIGN124247,2656,7,0.242
Meta Ads,2022-09-10,CAMPAIGN124247,2480,34,0.5
Meta Ads,2022-09-11,CAMPAIGN124247,2448,34,0.622
Meta Ads,2022-09-12,CAMPAIGN124247,2165,28,0.506
Meta Ads,2022-09-13,CAMPAIGN124247,1624,13,0.34
Meta Ads,2022-09-14,CAMPAIGN124247,1451,15,0.22
Meta Ads,2022-09-15,CAMPAIGN124247,1423,9,0.248
Meta Ads,2022-09-16,CAMPAIGN124247,1421,1,0.164
Meta Ads,2022-09-17,CAMPAIGN124247,1406,7,0.254
Meta Ads,2022-09-18,CAMPAIGN124247,521,1,0.088
Meta Ads,2022-09-19,CAMPAIGN124247,35,0,0.0
Meta Ads,2022-09-20,CAMPAIGN123920,638715,58214,165.0060002
Meta Ads,2022-09-21,CAMPAIGN123920,85232,1655,15.518
Meta Ads,2022-09-22,CAMPAIGN123920,54181,1235,12.336
Meta Ads,2022-09-23,CAMPAIGN123920,53116,733,6.426
Meta Ads,2022-09-24,CAMPAIGN123920,40227,942,6.09
Meta Ads,2022-09-25,CAMPAIGN123920,32451,380,3.232
Meta Ads,2022-09-26,CAMPAIGN123920,31241,181,2.598
Meta Ads,2022-09-27,CAMPAIGN123920,29151,148,1.956
Meta Ads,2022-09-28,CAMPAIGN123920,28341,585,4.54
Meta Ads,2022-09-29,CAMPAIGN123920,24042,243,1.826
Meta Ads,2022-09-30,CAMPAIGN123920,23527,383,2.96
Meta Ads,2022-10-01,CAMPAIGN123920,22894,242,2.182
Meta Ads,2022-10-02,CAMPAIGN123920,18494,90,1.392
Meta Ads,2022-10-03,CAMPAIGN123920,15469,323,2.544
Meta Ads,2022-10-04,CAMPAIGN123920,14485,124,1.26
Meta Ads,2022-10-05,CAMPAIGN123920,12759,41,1.004
Meta Ads,2022-10-06,CAMPAIGN123920,12065,152,1.032
Meta Ads,2022-10-07,CAMPAIGN123920,11585,286,2.286
Meta Ads,2022-10-08,CAMPAIGN123920,10658,108,0.708
Meta Ads,2022-10-09,CAMPAIGN123920,10035,136,1.1
Meta Ads,2022-10-10,CAMPAIGN123920,10027,177,1.182
Meta Ads,2022-10-11,CAMPAIGN123920,9562,180,1.16
Meta Ads,2022-10-12,CAMPAIGN123920,8676,162,1.102
Meta Ads,2022-10-13,CAMPAIGN123920,8102,171,1.13
Meta Ads,2022-10-14,CAMPAIGN123920,7882,100,0.694
Meta Ads,2022-10-15,CAMPAIGN123920,6762,74,0.494
Meta Ads,2022-10-16,CAMPAIGN123920,6408,90,0.652
Meta Ads,2022-10-17,CAMPAIGN123920,6376,96,0.752
Meta Ads,2022-10-18,CAMPAIGN123920,5916,68,0.408
Meta Ads,2022-10-19,CAMPAIGN123920,5550,28,0.594
Meta Ads,2022-10-20,CAMPAIGN123920,4185,32,0.426
Meta Ads,2022-10-21,CAMPAIGN123920,3236,46,0.292
Meta Ads,2022-10-22,CAMPAIGN123920,2513,30,0.316
Meta Ads,2022-10-23,CAMPAIGN123920,32,1,0.002
Meta Ads,2022-10-24,CAMPAIGN123830,783883,70466,156.3459998
Meta Ads,2022-10-25,CAMPAIGN123830,155077,13375,34.856
Meta Ads,2022-10-26,CAMPAIGN123830,57085,1113,9.72
Meta Ads,2022-10-27,CAMPAIGN123830,55661,1202,9.828
Meta Ads,2022-10-28,CAMPAIGN123830,52565,588,7.2019998
Meta Ads,2022-10-29,CAMPAIGN123830,45066,502,6.012
Meta Ads,2022-10-30,CAMPAIGN123830,40524,248,4.224
Meta Ads,2022-10-31,CAMPAIGN123830,40004,4085,10.234
Meta Ads,2022-11-01,CAMPAIGN123830,30568,294,3.06
Meta Ads,2022-11-02,CAMPAIGN123830,28889,168,4.054
Meta Ads,2022-11-03,CAMPAIGN123830,27472,128,2.002
Meta Ads,2022-11-04,CAMPAIGN123830,26941,399,3.886
Meta Ads,2022-11-05,CAMPAIGN123830,25804,160,2.866
Meta Ads,2022-11-06,CAMPAIGN123830,24515,485,4.122
Meta Ads,2022-11-07,CAMPAIGN123830,21600,126,1.996
Meta Ads,2022-11-08,CAMPAIGN123830,21325,184,2.308
Meta Ads,2022-11-09,CAMPAIGN123830,21106,159,2.558
Meta Ads,2022-11-10,CAMPAIGN123830,19948,312,3.144
Meta Ads,2022-11-11,CAMPAIGN123830,18964,126,1.554
Meta Ads,2022-11-12,CAMPAIGN123830,18814,125,1.514
Meta Ads,2022-11-13,CAMPAIGN123830,18584,216,1.828
Meta Ads,2022-11-14,CAMPAIGN123830,17666,67,0.666
Meta Ads,2022-11-15,CAMPAIGN123830,14577,279,2.838
Meta Ads,2022-11-16,CAMPAIGN123830,12565,133,1.188
Meta Ads,2022-11-17,CAMPAIGN123830,11990,219,2.27
Meta Ads,2022-11-18,CAMPAIGN123830,9787,38,0.442
Meta Ads,2022-11-19,CAMPAIGN123830,6287,33,0.882
Meta Ads,2022-11-20,CAMPAIGN123830,1,0,0.0
Meta Ads,2022-11-21,CAMPAIGN124427,100268,5660,40.656
Meta Ads,2022-11-22,CAMPAIGN124427,43122,1895,22.4060006
Meta Ads,2022-11-23,CAMPAIGN124427,31102,1380,10.648
Meta Ads,2022-11-24,CAMPAIGN124427,28821,348,11.352
Meta Ads,2022-11-25,CAMPAIGN124427,22340,249,5.186
Meta Ads,2022-11-26,CAMPAIGN124427,21458,243,5.468
Meta Ads,2022-11-27,CAMPAIGN124427,15664,246,4.784
Meta Ads,2022-11-28,CAMPAIGN124427,12218,116,3.046
Meta Ads,2022-11-29,CAMPAIGN124427,10917,131,3.316
Meta Ads,2022-11-30,CAMPAIGN124427,10825,169,3.06
Meta Ads,2022-12-01,CAMPAIGN124427,10567,145,3.052
Meta Ads,2022-12-02,CAMPAIGN124427,10261,117,2.294
Meta Ads,2022-12-03,CAMPAIGN124427,8824,96,2.366
Meta Ads,2022-12-04,CAMPAIGN124427,7331,75,1.868
Meta Ads,2022-12-05,CAMPAIGN124427,6276,93,1.894
Meta Ads,2022-12-06,CAMPAIGN124427,5085,11,1.116
Meta Ads,2022-12-07,CAMPAIGN124427,4507,37,0.912
Meta Ads,2022-12-08,CAMPAIGN124427,3989,37,0.848
Meta Ads,2022-12-09,CAMPAIGN124427,3066,9,1.012
Meta Ads,2022-12-10,CAMPAIGN124427,3059,12,0.526
Meta Ads,2022-12-11,CAMPAIGN124427,2961,26,0.692
Meta Ads,2022-12-12,CAMPAIGN124427,2883,16,0.802
Meta Ads,2022-12-13,CAMPAIGN124427,2148,10,0.728
Meta Ads,2022-12-14,CAMPAIGN124427,1789,5,0.438
Meta Ads,2022-12-15,CAMPAIGN124427,1024,2,0.208
Meta Ads,2022-12-16,CAMPAIGN124427,743,2,0.286
Meta Ads,2022-12-17,CAMPAIGN124427,679,4,0.154
Meta Ads,2022-12-18,CAMPAIGN124427,580,2,0.142
Meta Ads,2022-12-19,CAMPAIGN124427,545,2,0.202
Meta Ads,2022-12-20,CAMPAIGN124427,439,1,0.138
Meta Ads,2022-12-21,CAMPAIGN124105,415971,35373,195.548
Meta Ads,2022-12-22,CAMPAIGN124105,119450,7925,49.384
Meta Ads,2022-12-23,CAMPAIGN124105,57612,1136,11.216
Meta Ads,2022-12-24,CAMPAIGN124105,49822,967,9.796
Meta Ads,2022-12-25,CAMPAIGN124105,29626,729,11.2
Meta Ads,2022-12-26,CAMPAIGN124105,27459,167,3.192
Meta Ads,2022-12-27,CAMPAIGN124105,26894,534,4.926
Meta Ads,2022-12-28,CAMPAIGN124105,25919,348,3.076
Meta Ads,2022-12-29,CAMPAIGN124105,25437,516,3.43
Meta Ads,2022-12-30,CAMPAIGN124105,22787,124,2.09
Meta Ads,2022-12-31,CAMPAIGN124105,21053,506,4.112
Meta Ads,2022-01-01,CAMPAIGN124105,18385,524,5.914
Meta Ads,2022-01-02,CAMPAIGN124105,16822,124,1.366
Meta Ads,2022-01-03,CAMPAIGN124105,15910,341,2.176
Meta Ads,2022-01-04,CAMPAIGN124105,13668,81,1.122
Meta Ads,2022-01-05,CAMPAIGN124105,13315,296,1.91
Meta Ads,2022-01-06,CAMPAIGN124105,12861,64,0.772
Meta Ads,2022-01-07,CAMPAIGN124105,11905,69,1.006
Meta Ads,2022-01-08,CAMPAIGN124105,11559,87,2.114
Meta Ads,2022-01-09,CAMPAIGN124105,11233,135,1.578
Meta Ads,2022-01-10,CAMPAIGN124105,10252,80,1.026
Meta Ads,2022-01-11,CAMPAIGN124105,9029,203,1.292
Meta Ads,2022-01-12,CAMPAIGN124105,8858,309,1.828
Meta Ads,2022-01-13,CAMPAIGN124105,8695,73,0.788
Meta Ads,2022-01-14,CAMPAIGN124105,7720,164,1.218
Meta Ads,2022-01-15,CAMPAIGN124105,7401,63,1.282
Meta Ads,2022-01-16,CAMPAIGN124105,6993,126,1.072
Meta Ads,2022-01-17,CAMPAIGN124105,5875,70,0.696
Meta Ads,2022-01-18,CAMPAIGN124105,5652,173,1.132
Meta Ads,2022-01-19,CAMPAIGN124105,5617,122,0.916
Meta Ads,2022-01-20,CAMPAIGN124105,5572,62,0.674
Meta Ads,2022-01-21,CAMPAIGN124105,3680,86,0.624
Meta Ads,2022-01-22,CAMPAIGN124105,3212,13,0.18
Meta Ads,2022-01-23,CAMPAIGN124105,1773,21,0.144
Meta Ads,2022-01-24,CAMPAIGN124105,13,0,0.0
Meta Ads,2022-01-25,CAMPAIGN123144,17009057,154992,2738.000001
Meta Ads,2022-01-26,CAMPAIGN123716,1084117,5702,81.62
Meta Ads,2022-01-27,CAMPAIGN123716,728305,4060,57.008
Meta Ads,2022-01-28,CAMPAIGN123716,183423,1460,18.456
Meta Ads,2022-01-29,CAMPAIGN123716,157125,1274,16.344
Meta Ads,2022-01-30,CAMPAIGN123716,28664,237,3.572
Meta Ads,2022-01-31,CAMPAIGN123618,1429794,7537,97.5359998
Meta Ads,2022-02-01,CAMPAIGN123618,1334528,7156,94.22
Meta Ads,2022-02-02,CAMPAIGN123618,234245,1810,21.31
Meta Ads,2022-02-03,CAMPAIGN123618,190362,1486,17.694
Meta Ads,2022-02-04,CAMPAIGN123618,29645,198,3.04
Meta Ads,2022-02-05,CAMPAIGN123482,2058351,13707,165.8139996
Meta Ads,2022-02-06,CAMPAIGN123482,1082855,7389,87.0300004
Meta Ads,2022-02-07,CAMPAIGN123482,476558,4770,51.562
Meta Ads,2022-02-08,CAMPAIGN123482,365958,3373,35.334
Meta Ads,2022-02-09,CAMPAIGN123482,33024,267,3.06
Meta Ads,2022-02-10,CAMPAIGN124552,2664,14,0.472
Meta Ads,2022-02-11,CAMPAIGN124552,1644,5,0.272
Meta Ads,2022-02-12,CAMPAIGN123468,2144427,13080,188.4700002
Meta Ads,2022-02-13,CAMPAIGN123468,1285235,7889,117.106
Meta Ads,2022-02-14,CAMPAIGN123468,206062,1758,22.93
Meta Ads,2022-02-15,CAMPAIGN123468,179479,1456,20.6940002
Meta Ads,2022-02-16,CAMPAIGN123665,1289845,8507,106.202
Meta Ads,2022-02-17,CAMPAIGN123665,1026875,6700,87.2699996
Meta Ads,2022-02-18,CAMPAIGN123665,192339,1806,20.762
Meta Ads,2022-02-19,CAMPAIGN123665,182623,1952,20.366
Meta Ads,2022-02-20,CAMPAIGN123589,1571261,13711,419.3999994
Meta Ads,2022-02-21,CAMPAIGN124363,149673,3219,46.166
Meta Ads,2022-02-22,CAMPAIGN124363,9497,80,1.234
Meta Ads,2022-02-23,CAMPAIGN124117,400336,6790,61.774
Meta Ads,2022-02-24,CAMPAIGN124211,297407,3758,44.416
Meta Ads,2022-02-25,CAMPAIGN124211,60336,964,10.608
Meta Ads,2022-02-26,CAMPAIGN123280,4791937,44648,990.2039996
Meta Ads,2022-02-27,CAMPAIGN123280,2704560,20926,400.888
Meta Ads,2022-02-28,CAMPAIGN123280,1705813,15869,361.742
Meta Ads,2022-03-01,CAMPAIGN123280,1092874,8945,188.604
Meta Ads,2022-03-02,CAMPAIGN123280,614359,5864,143.36
Meta Ads,2022-03-03,CAMPAIGN123344,3401833,41305,813.4439998
Meta Ads,2022-03-04,CAMPAIGN123344,1921514,16149,322.4419998
Meta Ads,2022-03-05,CAMPAIGN123344,237955,1631,41.914
Meta Ads,2022-03-06,CAMPAIGN123298,4355330,36377,670.3740002
Meta Ads,2022-03-07,CAMPAIGN124119,396868,6764,61.8
Meta Ads,2022-03-08,CAMPAIGN124353,153782,3196,45.84
Meta Ads,2022-03-09,CAMPAIGN124353,5915,61,0.978
Meta Ads,2022-03-10,CAMPAIGN124353,2348,64,0.738
Meta Ads,2022-03-11,CAMPAIGN124377,136280,2102,22.114
Meta Ads,2022-03-12,CAMPAIGN124377,116176,1731,17.978
Meta Ads,2022-03-13,CAMPAIGN124377,98899,1440,15.524
Meta Ads,2022-03-14,CAMPAIGN123432,2433092,36980,670.3999998
Meta Ads,2022-03-15,CAMPAIGN124457,79740,1175,32.06
Meta Ads,2022-03-16,CAMPAIGN124457,49888,597,15.328
Meta Ads,2022-03-17,CAMPAIGN123224,6492624,59227,1437.06
Meta Ads,2022-03-18,CAMPAIGN123224,1318108,11953,296.138
Meta Ads,2022-03-19,CAMPAIGN123224,967853,7737,195.712
Meta Ads,2022-03-20,CAMPAIGN123224,827823,6528,155.89
Meta Ads,2022-03-21,CAMPAIGN124277,230588,4142,45.4
Meta Ads,2022-03-22,CAMPAIGN124277,107779,1056,16.368
Meta Ads,2022-03-23,CAMPAIGN124185,322962,3905,51.098
Meta Ads,2022-03-24,CAMPAIGN124185,22278,258,4.196
Meta Ads,2022-03-25,CAMPAIGN123451,2272157,25258,482.5
Meta Ads,2022-03-26,CAMPAIGN123451,175948,2099,42.458
Meta Ads,2022-03-27,CAMPAIGN123406,2748427,28130,670.2
Meta Ads,2022-03-28,CAMPAIGN124459,78150,1057,23.9
Meta Ads,2022-03-29,CAMPAIGN124459,52138,742,16.424
Meta Ads,2022-03-30,CAMPAIGN124459,21096,303,7.054
Meta Ads,2022-03-31,CAMPAIGN124340,170674,1083,21.54
Meta Ads,2022-04-01,CAMPAIGN124340,75689,449,8.954
Meta Ads,2022-04-02,CAMPAIGN124340,67118,371,7.068
Meta Ads,2022-04-03,CAMPAIGN124340,56222,331,6.554
Meta Ads,2022-04-04,CAMPAIGN124340,44391,291,5.696
Meta Ads,2022-04-05,CAMPAIGN124340,44286,238,4.518
Meta Ads,2022-04-06,CAMPAIGN124340,34590,201,3.802
Meta Ads,2022-04-07,CAMPAIGN124340,28921,226,4.324
Meta Ads,2022-04-08,CAMPAIGN124340,28169,185,3.602
Meta Ads,2022-04-09,CAMPAIGN124340,25074,134,2.614
Meta Ads,2022-04-10,CAMPAIGN124340,24399,256,4.484
Meta Ads,2022-04-11,CAMPAIGN124340,24176,155,3.03
Meta Ads,2022-04-12,CAMPAIGN124340,23437,148,2.792
Meta Ads,2022-04-13,CAMPAIGN124340,20062,99,1.772
Meta Ads,2022-04-14,CAMPAIGN124340,19353,112,2.112
Meta Ads,2022-04-15,CAMPAIGN124340,17167,2124,4.768
Meta Ads,2022-04-16,CAMPAIGN124340,14105,157,2.856
Meta Ads,2022-04-17,CAMPAIGN124340,5163,26,0.494
Meta Ads,2022-04-18,CAMPAIGN124340,3492,31,0.58
Meta Ads,2022-04-19,CAMPAIGN124340,2842,225,1.674
Meta Ads,2022-04-20,CAMPAIGN124340,2763,29,0.536
Meta Ads,2022-04-21,CAMPAIGN124340,1943,23,0.402
Meta Ads,2022-04-22,CAMPAIGN124340,76,10,0.046
Meta Ads,2022-04-23,CAMPAIGN124340,13,0,0.0
Meta Ads,2022-04-24,CAMPAIGN124340,3,1,0.004
Meta Ads,2022-04-25,CAMPAIGN124340,3,0,0.0
Meta Ads,2022-04-26,CAMPAIGN124408,115768,473,20.584
Meta Ads,2022-04-27,CAMPAIGN124408,43171,181,8.348
Meta Ads,2022-04-28,CAMPAIGN124408,31778,94,4.208
Meta Ads,2022-04-29,CAMPAIGN124408,24995,88,3.648
Meta Ads,2022-04-30,CAMPAIGN124408,20993,71,3.27
Meta Ads,2022-05-01,CAMPAIGN124408,18848,89,3.818
Meta Ads,2022-05-02,CAMPAIGN124408,13729,50,2.196
Meta Ads,2022-05-03,CAMPAIGN124408,12171,28,1.15
Meta Ads,2022-05-04,CAMPAIGN124408,11631,36,1.632
Meta Ads,2022-05-05,CAMPAIGN124408,10291,29,1.276
Meta Ads,2022-05-06,CAMPAIGN124408,9380,50,2.23
Meta Ads,2022-05-07,CAMPAIGN124408,7045,27,1.13
Meta Ads,2022-05-08,CAMPAIGN124408,6908,14,0.562
Meta Ads,2022-05-09,CAMPAIGN124408,6839,26,1.33
Meta Ads,2022-05-10,CAMPAIGN124408,5610,17,0.71
Meta Ads,2022-05-11,CAMPAIGN124408,5487,20,0.91
Meta Ads,2022-05-12,CAMPAIGN124408,4872,20,0.896
Meta Ads,2022-05-13,CAMPAIGN124408,3108,249,1.682
Meta Ads,2022-05-14,CAMPAIGN124408,2959,10,0.472
Meta Ads,2022-05-15,CAMPAIGN124408,1699,3,0.138
Meta Ads,2022-05-16,CAMPAIGN124408,1659,118,1.146
Meta Ads,2022-05-17,CAMPAIGN124408,521,2,0.086
Meta Ads,2022-05-18,CAMPAIGN124408,184,3,0.056
Meta Ads,2022-05-19,CAMPAIGN124408,152,6,0.128
Meta Ads,2022-05-20,CAMPAIGN124408,22,0,0.0
Meta Ads,2022-05-21,CAMPAIGN124408,19,0,0.0
Meta Ads,2022-05-22,CAMPAIGN124408,16,0,0.0
Meta Ads,2022-05-23,CAMPAIGN124408,8,0,0.0
Meta Ads,2022-05-24,CAMPAIGN124408,5,0,0.0
Meta Ads,2022-05-25,CAMPAIGN124408,2,0,0.0
Meta Ads,2022-05-26,CAMPAIGN124408,1,0,0.0
Meta Ads,2022-05-27,CAMPAIGN124007,536608,3528,62.6120002
Meta Ads,2022-05-28,CAMPAIGN124007,243747,1479,25.988
Meta Ads,2022-05-29,CAMPAIGN124007,185110,1144,20.14
Meta Ads,2022-05-30,CAMPAIGN124007,149772,941,17.476
Meta Ads,2022-05-31,CAMPAIGN124007,130608,822,14.584
Meta Ads,2022-06-01,CAMPAIGN124007,124659,854,14.674
Meta Ads,2022-06-02,CAMPAIGN124007,116272,773,13.896
Meta Ads,2022-06-03,CAMPAIGN124007,114782,1445,23.4420002
Meta Ads,2022-06-04,CAMPAIGN124007,47908,5331,8.3559998
Meta Ads,2022-06-05,CAMPAIGN124007,19354,118,2.028
Meta Ads,2022-06-06,CAMPAIGN124007,14964,93,1.746
Meta Ads,2022-06-07,CAMPAIGN124007,9836,41,0.958
Meta Ads,2022-06-08,CAMPAIGN124007,8747,58,1.368
Meta Ads,2022-06-09,CAMPAIGN124007,8168,43,0.79
Meta Ads,2022-06-10,CAMPAIGN124007,7926,414,1.992
Meta Ads,2022-06-11,CAMPAIGN124007,6034,31,0.642
Meta Ads,2022-06-12,CAMPAIGN124007,5418,411,1.04
Meta Ads,2022-06-13,CAMPAIGN124007,5384,35,0.59
Meta Ads,2022-06-14,CAMPAIGN124007,4906,57,0.714
Meta Ads,2022-06-15,CAMPAIGN124007,3682,18,0.386
Meta Ads,2022-06-16,CAMPAIGN124007,2779,18,0.296
Meta Ads,2022-06-17,CAMPAIGN124007,919,4,0.128
Meta Ads,2022-06-18,CAMPAIGN124007,780,33,0.252
Meta Ads,2022-06-19,CAMPAIGN124007,634,13,0.198
Meta Ads,2022-06-20,CAMPAIGN124007,305,4,0.052
Meta Ads,2022-06-21,CAMPAIGN124007,247,12,0.062
Meta Ads,2022-06-22,CAMPAIGN124192,314867,1930,35.812
Meta Ads,2022-06-23,CAMPAIGN124192,109104,604,10.848
Meta Ads,2022-06-24,CAMPAIGN124192,108049,1806,27.08
Meta Ads,2022-06-25,CAMPAIGN124192,106949,728,13.286
Meta Ads,2022-06-26,CAMPAIGN124192,100443,616,11.054
Meta Ads,2022-06-27,CAMPAIGN124192,72484,445,8.296
Meta Ads,2022-06-28,CAMPAIGN124192,55501,372,6.36
Meta Ads,2022-06-29,CAMPAIGN124192,54079,320,5.876
Meta Ads,2022-06-30,CAMPAIGN124192,18261,2348,5.538
Meta Ads,2022-07-01,CAMPAIGN124192,17551,100,1.848
Meta Ads,2022-07-02,CAMPAIGN124192,10203,42,0.8
Meta Ads,2022-07-03,CAMPAIGN124192,9194,78,1.468
Meta Ads,2022-07-04,CAMPAIGN124192,7289,42,0.736
Meta Ads,2022-07-05,CAMPAIGN124192,6739,36,0.626
Meta Ads,2022-07-06,CAMPAIGN124192,5763,25,0.416
Meta Ads,2022-07-07,CAMPAIGN124192,4857,616,1.352
Meta Ads,2022-07-08,CAMPAIGN124192,4736,61,0.992
Meta Ads,2022-07-09,CAMPAIGN124192,3726,16,0.296
Meta Ads,2022-07-10,CAMPAIGN124192,3641,14,0.23
Meta Ads,2022-07-11,CAMPAIGN124192,2128,83,0.724
Meta Ads,2022-07-12,CAMPAIGN124192,1814,12,0.224
Meta Ads,2022-07-13,CAMPAIGN124192,491,1,0.018
Meta Ads,2022-07-14,CAMPAIGN124192,339,0,0.0
Meta Ads,2022-07-15,CAMPAIGN124192,80,1,0.016
Meta Ads,2022-07-16,CAMPAIGN124192,27,1,0.002
Meta Ads,2022-07-17,CAMPAIGN124192,6,0,0.0
Meta Ads,2022-07-18,CAMPAIGN123949,598059,4715,78.53
Meta Ads,2022-07-19,CAMPAIGN123949,170429,1131,18.542
Meta Ads,2022-07-20,CAMPAIGN123949,153933,1228,20.706
Meta Ads,2022-07-21,CAMPAIGN123949,118057,1661,25.45
Meta Ads,2022-07-22,CAMPAIGN123949,114688,791,13.302
Meta Ads,2022-07-23,CAMPAIGN123949,108910,764,11.794
Meta Ads,2022-07-24,CAMPAIGN123949,106934,812,12.704
Meta Ads,2022-07-25,CAMPAIGN123949,56125,499,8.164
Meta Ads,2022-07-26,CAMPAIGN123949,30353,2463,8.61
Meta Ads,2022-07-27,CAMPAIGN123949,23413,156,2.576
Meta Ads,2022-07-28,CAMPAIGN123949,11224,83,1.33
Meta Ads,2022-07-29,CAMPAIGN123949,7761,636,1.79
Meta Ads,2022-07-30,CAMPAIGN123949,6572,53,0.834
Meta Ads,2022-07-31,CAMPAIGN123949,6079,64,1.002
Meta Ads,2022-08-01,CAMPAIGN123949,5800,47,0.758
Meta Ads,2022-08-02,CAMPAIGN123949,5257,34,0.52
Meta Ads,2022-08-03,CAMPAIGN123949,4755,35,0.562
Meta Ads,2022-08-04,CAMPAIGN123949,4371,33,0.55
Meta Ads,2022-08-05,CAMPAIGN123949,2981,29,0.474
Meta Ads,2022-08-06,CAMPAIGN123949,2681,31,0.536
Meta Ads,2022-08-07,CAMPAIGN123949,1934,85,1.024
Meta Ads,2022-08-08,CAMPAIGN123949,1076,37,0.514
Meta Ads,2022-08-09,CAMPAIGN123949,734,19,0.274
Meta Ads,2022-08-10,CAMPAIGN123949,290,3,0.046
Meta Ads,2022-08-11,CAMPAIGN123949,198,3,0.044
Meta Ads,2022-08-12,CAMPAIGN123949,97,2,0.032
Meta Ads,2022-08-13,CAMPAIGN123123,110152270,223435,7599.599999
Meta Ads,2022-08-14,CAMPAIGN124170,337624,3567,153.432
Meta Ads,2022-08-15,CAMPAIGN124170,197204,2102,103.168
Meta Ads,2022-08-16,CAMPAIGN124259,252189,2717,51.054
Meta Ads,2022-08-17,CAMPAIGN124259,126470,1297,28.766
Meta Ads,2022-08-18,CAMPAIGN124403,116984,1318,71.336
Meta Ads,2022-08-19,CAMPAIGN124403,64741,740,44.264
Meta Ads,2022-08-20,CAMPAIGN123970,571707,6618,141.44
Meta Ads,2022-08-21,CAMPAIGN123970,275383,3786,87.686
Meta Ads,2022-08-22,CAMPAIGN123806,842907,3707,358.9760002
Meta Ads,2022-08-23,CAMPAIGN123806,641709,3236,301.0239996
Meta Ads,2022-08-24,CAMPAIGN124243,265813,2565,92.668
Meta Ads,2022-08-25,CAMPAIGN124243,117700,1262,43.406
Meta Ads,2022-08-26,CAMPAIGN124137,376438,19460,199.038
Meta Ads,2022-08-27,CAMPAIGN124137,2934,48,0.496
Meta Ads,2022-08-28,CAMPAIGN124137,714,21,0.252
Meta Ads,2022-08-29,CAMPAIGN123677,1212026,81462,355.414
Meta Ads,2022-08-30,CAMPAIGN123677,13362,522,2.332
Meta Ads,2022-08-31,CAMPAIGN123677,5396,426,2.052
Meta Ads,2022-09-01,CAMPAIGN124369,143038,17035,39.854
Meta Ads,2022-09-02,CAMPAIGN124369,341,33,0.094
Meta Ads,2022-09-03,CAMPAIGN124369,96,21,0.05
Meta Ads,2022-09-04,CAMPAIGN124139,374710,21916,68.504
Meta Ads,2022-09-05,CAMPAIGN124139,76056,5212,15.94
Meta Ads,2022-09-06,CAMPAIGN124139,15528,740,2.914
Meta Ads,2022-09-07,CAMPAIGN124139,2404,322,0.944
Meta Ads,2022-09-08,CAMPAIGN124139,1143,50,0.176
Meta Ads,2022-09-09,CAMPAIGN124139,112,3,0.01
Meta Ads,2022-09-10,CAMPAIGN124139,104,6,0.026
Meta Ads,2022-09-11,CAMPAIGN124139,46,1,0.004
Meta Ads,2022-09-12,CAMPAIGN124217,292167,15606,65.086
Meta Ads,2022-09-13,CAMPAIGN124217,65113,3610,15.46
Meta Ads,2022-09-14,CAMPAIGN124217,6599,351,1.652
Meta Ads,2022-09-15,CAMPAIGN124217,5288,228,1.172
Meta Ads,2022-09-16,CAMPAIGN124217,2162,248,1.056
Meta Ads,2022-09-17,CAMPAIGN124217,274,21,0.106
Meta Ads,2022-09-18,CAMPAIGN124217,198,7,0.02
Meta Ads,2022-09-19,CAMPAIGN124217,16,0,0.0
Meta Ads,2022-09-20,CAMPAIGN124431,95380,3766,28.274
Meta Ads,2022-09-21,CAMPAIGN124431,39737,1348,8.984
Meta Ads,2022-09-22,CAMPAIGN124431,7028,179,1.378
Meta Ads,2022-09-23,CAMPAIGN124431,5733,305,2.236
Meta Ads,2022-09-24,CAMPAIGN124431,2596,58,0.382
Meta Ads,2022-09-25,CAMPAIGN124431,609,27,0.174
Meta Ads,2022-09-26,CAMPAIGN124431,565,17,0.074
Meta Ads,2022-09-27,CAMPAIGN124431,64,1,0.008
Meta Ads,2022-09-28,CAMPAIGN124379,136051,2345,22.57
Meta Ads,2022-09-29,CAMPAIGN124379,49705,947,15.096
Meta Ads,2022-09-30,CAMPAIGN124379,12501,282,4.36
Meta Ads,2022-10-01,CAMPAIGN124379,3808,40,0.592
Meta Ads,2022-10-02,CAMPAIGN124379,1849,33,0.562
Meta Ads,2022-10-03,CAMPAIGN124379,1836,39,0.346
Meta Ads,2022-10-04,CAMPAIGN124379,1678,57,0.852
Meta Ads,2022-10-05,CAMPAIGN124379,411,8,0.056
Meta Ads,2022-10-06,CAMPAIGN124379,399,5,0.016
Meta Ads,2022-10-07,CAMPAIGN124379,281,1,0.024
Meta Ads,2022-10-08,CAMPAIGN124379,107,3,0.036
Meta Ads,2022-10-09,CAMPAIGN124379,94,2,0.014
Meta Ads,2022-10-10,CAMPAIGN124145,363079,5016,38.008
Meta Ads,2022-10-11,CAMPAIGN124145,158234,7918,38.118
Meta Ads,2022-10-12,CAMPAIGN124145,113954,1457,11.368
Meta Ads,2022-10-13,CAMPAIGN124145,40719,2153,10.348
Meta Ads,2022-10-14,CAMPAIGN124145,15454,236,1.734
Meta Ads,2022-10-15,CAMPAIGN124145,12522,213,1.676
Meta Ads,2022-10-16,CAMPAIGN124145,10350,453,2.626
Meta Ads,2022-10-17,CAMPAIGN124145,2548,171,0.798
Meta Ads,2022-10-18,CAMPAIGN124145,348,10,0.064
Meta Ads,2022-10-19,CAMPAIGN124145,134,5,0.028
Meta Ads,2022-10-20,CAMPAIGN124145,54,4,0.03
Meta Ads,2022-10-21,CAMPAIGN124145,16,0,0.0
Meta Ads,2022-10-22,CAMPAIGN124080,443688,7122,53.806
Meta Ads,2022-10-23,CAMPAIGN124080,168332,7200,37.634
Meta Ads,2022-10-24,CAMPAIGN124080,81977,3361,17.556
Meta Ads,2022-10-25,CAMPAIGN124080,75983,1238,9.368
Meta Ads,2022-10-26,CAMPAIGN124080,28953,466,3.34
Meta Ads,2022-10-27,CAMPAIGN124080,15722,705,3.888
Meta Ads,2022-10-28,CAMPAIGN124080,7440,307,1.784
Meta Ads,2022-10-29,CAMPAIGN124080,6284,387,1.938
Meta Ads,2022-10-30,CAMPAIGN124080,5480,93,0.73
Meta Ads,2022-10-31,CAMPAIGN124080,1429,52,0.234
Meta Ads,2022-11-01,CAMPAIGN124080,1387,82,0.482
Meta Ads,2022-11-02,CAMPAIGN124080,94,5,0.032
Meta Ads,2022-11-03,CAMPAIGN124316,200319,9445,40.28
Meta Ads,2022-11-04,CAMPAIGN124316,62717,2790,11.472
Meta Ads,2022-11-05,CAMPAIGN124316,6476,246,1.108
Meta Ads,2022-11-06,CAMPAIGN124316,5751,212,1.042
Meta Ads,2022-11-07,CAMPAIGN124316,4803,367,1.614
Meta Ads,2022-11-08,CAMPAIGN124316,341,3,0.014
Meta Ads,2022-11-09,CAMPAIGN124316,190,8,0.038
Meta Ads,2022-11-10,CAMPAIGN124316,17,1,0.004
Meta Ads,2022-11-11,CAMPAIGN124463,75943,2152,12.03
Meta Ads,2022-11-12,CAMPAIGN124463,42063,1979,10.466
Meta Ads,2022-11-13,CAMPAIGN124463,10607,445,2.388
Meta Ads,2022-11-14,CAMPAIGN124463,7062,153,0.99
Meta Ads,2022-11-15,CAMPAIGN124463,5303,148,0.87
Meta Ads,2022-11-16,CAMPAIGN124463,1496,54,0.414
Meta Ads,2022-11-17,CAMPAIGN124463,1161,44,0.354
Meta Ads,2022-11-18,CAMPAIGN124463,1088,77,0.436
Meta Ads,2022-11-19,CAMPAIGN124463,364,28,0.202
Meta Ads,2022-11-20,CAMPAIGN124463,267,10,0.04
Meta Ads,2022-11-21,CAMPAIGN124463,116,6,0.036
Meta Ads,2022-11-22,CAMPAIGN124463,31,0,0.0
Meta Ads,2022-11-23,CAMPAIGN123386,2908294,39912,714.2220008
Meta Ads,2022-11-24,CAMPAIGN123386,840331,12878,217.978
Meta Ads,2022-11-25,CAMPAIGN123127,38208825,616766,4795.400001
Meta Ads,2022-11-26,CAMPAIGN123279,4803160,132526,844.9999994
Meta Ads,2022-11-27,CAMPAIGN123172,9571539,147330,1970.200001
Meta Ads,2022-11-28,CAMPAIGN123227,6457198,20891,1521.098
Meta Ads,2022-11-29,CAMPAIGN123227,1067183,6314,254.206
Meta Ads,2022-11-30,CAMPAIGN123156,12737049,59836,685.2000006
Meta Ads,2022-12-01,CAMPAIGN123178,9045430,62400,1497.972
Meta Ads,2022-12-02,CAMPAIGN123129,31635403,166262,4407.4
Meta Ads,2022-12-03,CAMPAIGN123638,1352914,35988,655.5040006
Meta Ads,2022-12-04,CAMPAIGN123638,1100957,26032,498.7079998
Meta Ads,2022-12-05,CAMPAIGN123638,707182,20041,359.3800002
Meta Ads,2022-12-06,CAMPAIGN123638,267109,5852,137.86
Meta Ads,2022-12-07,CAMPAIGN123638,150243,3492,76.696
Meta Ads,2022-12-08,CAMPAIGN123638,67249,1917,36.74
Meta Ads,2022-12-09,CAMPAIGN123638,45826,1222,26.482
Meta Ads,2022-12-10,CAMPAIGN123638,38938,984,21.342
Meta Ads,2022-12-11,CAMPAIGN123638,23959,615,12.714
Meta Ads,2022-12-12,CAMPAIGN123638,55,1,0.02
Meta Ads,2022-12-13,CAMPAIGN123638,17,0,0.002
Meta Ads,2022-12-14,CAMPAIGN123638,4,0,0.0
Meta Ads,2022-12-15,CAMPAIGN123638,2,0,0.0
Meta Ads,2022-12-16,CAMPAIGN123638,1,0,0.0
Meta Ads,2022-12-17,CAMPAIGN123868,722469,13226,542.9259996
Meta Ads,2022-12-18,CAMPAIGN123868,583648,15008,546.7199996
Meta Ads,2022-12-19,CAMPAIGN123868,536260,13504,495.9739996
Meta Ads,2022-12-20,CAMPAIGN123868,158695,2368,129.25
Meta Ads,2022-12-21,CAMPAIGN123868,25706,519,26.054
Meta Ads,2022-12-22,CAMPAIGN123868,25577,534,26.986
Meta Ads,2022-12-23,CAMPAIGN123868,25414,737,27.7839998
Meta Ads,2022-12-24,CAMPAIGN123868,15748,342,15.718
Meta Ads,2022-12-25,CAMPAIGN123868,12259,253,12.726
Meta Ads,2022-12-26,CAMPAIGN123868,197,5,0.172
Meta Ads,2022-12-27,CAMPAIGN123868,158,3,0.12
Meta Ads,2022-12-28,CAMPAIGN123868,34,2,0.03
Meta Ads,2022-12-29,CAMPAIGN123868,3,1,0.0
Meta Ads,2022-12-30,CAMPAIGN123868,1,0,0.0
Meta Ads,2022-12-31,CAMPAIGN123755,987565,2676,186.5139998
Meta Ads,2022-01-01,CAMPAIGN123755,201845,592,63.298
Meta Ads,2022-01-02,CAMPAIGN123755,182111,551,56.994
Meta Ads,2022-01-03,CAMPAIGN123755,157939,378,23.5080004
Meta Ads,2022-01-04,CAMPAIGN123755,96347,331,38.726
Meta Ads,2022-01-05,CAMPAIGN123755,62583,201,24.46
Meta Ads,2022-01-06,CAMPAIGN123755,35484,139,13.14
Meta Ads,2022-01-07,CAMPAIGN123755,30537,51,7.508
Meta Ads,2022-01-08,CAMPAIGN123755,18883,73,7.064
Meta Ads,2022-01-09,CAMPAIGN123755,10406,38,1.5340002
Meta Ads,2022-01-10,CAMPAIGN123755,9270,25,2.6
Meta Ads,2022-01-11,CAMPAIGN123755,6601,38,1.488
Meta Ads,2022-01-12,CAMPAIGN123755,5165,19,0.982
Meta Ads,2022-01-13,CAMPAIGN123755,4078,7,0.654
Meta Ads,2022-01-14,CAMPAIGN123755,2521,8,0.638
Meta Ads,2022-01-15,CAMPAIGN123755,1686,11,0.492
Meta Ads,2022-01-16,CAMPAIGN123698,1164869,3222,219.7179998
Meta Ads,2022-01-17,CAMPAIGN123698,273019,821,44.47
Meta Ads,2022-01-18,CAMPAIGN123698,218569,973,70.562
Meta Ads,2022-01-19,CAMPAIGN123698,165076,622,62.0279998
Meta Ads,2022-01-20,CAMPAIGN123698,157326,617,56.878
Meta Ads,2022-01-21,CAMPAIGN123698,111757,364,39.518
Meta Ads,2022-01-22,CAMPAIGN123698,89686,371,28.568
Meta Ads,2022-01-23,CAMPAIGN123698,34158,87,10.748
Meta Ads,2022-01-24,CAMPAIGN123698,24143,60,4.6560002
Meta Ads,2022-01-25,CAMPAIGN123698,23977,77,9.072
Meta Ads,2022-01-26,CAMPAIGN123698,18737,58,6.786
Meta Ads,2022-01-27,CAMPAIGN123698,10213,46,2.666
Meta Ads,2022-01-28,CAMPAIGN123698,7295,22,2.348
Meta Ads,2022-01-29,CAMPAIGN123698,6336,12,1.418
Meta Ads,2022-01-30,CAMPAIGN123698,6325,41,2.364
Meta Ads,2022-01-31,CAMPAIGN124419,108063,199,38.172
Meta Ads,2022-02-01,CAMPAIGN124419,104167,164,32.326
Meta Ads,2022-02-02,CAMPAIGN124419,30061,71,12.366
Meta Ads,2022-02-03,CAMPAIGN124419,27082,80,12.776
Meta Ads,2022-02-04,CAMPAIGN124419,24555,27,7.116
Meta Ads,2022-02-05,CAMPAIGN124419,22686,62,11.32
Meta Ads,2022-02-06,CAMPAIGN124419,21180,26,5.844
Meta Ads,2022-02-07,CAMPAIGN124419,14501,30,5.328
Meta Ads,2022-02-08,CAMPAIGN124419,11805,7,3.7919998
Meta Ads,2022-02-09,CAMPAIGN124419,10076,31,5.012
Meta Ads,2022-02-10,CAMPAIGN124419,5121,7,1.904
Meta Ads,2022-02-11,CAMPAIGN124419,4472,10,2.248
Meta Ads,2022-02-12,CAMPAIGN124419,3561,3,1.8
Meta Ads,2022-02-13,CAMPAIGN124419,3505,5,1.494
Meta Ads,2022-02-14,CAMPAIGN124419,2395,4,0.914
Meta Ads,2022-02-15,CAMPAIGN124419,1899,3,0.84
Meta Ads,2022-02-16,CAMPAIGN124448,85602,271,40.648
Meta Ads,2022-02-17,CAMPAIGN124448,68596,256,28.4000002
Meta Ads,2022-02-18,CAMPAIGN124448,62437,184,31.798
Meta Ads,2022-02-19,CAMPAIGN124448,52090,138,27.782
Meta Ads,2022-02-20,CAMPAIGN124448,37889,92,13.2
Meta Ads,2022-02-21,CAMPAIGN124448,23483,152,11.34
Meta Ads,2022-02-22,CAMPAIGN124448,13038,60,5.176
Meta Ads,2022-02-23,CAMPAIGN124448,12502,28,3.732
Meta Ads,2022-02-24,CAMPAIGN124448,12469,38,4.61
Meta Ads,2022-02-25,CAMPAIGN124448,11430,28,4.406
Meta Ads,2022-02-26,CAMPAIGN124448,10525,22,4.45
Meta Ads,2022-02-27,CAMPAIGN124448,8384,18,3.014
Meta Ads,2022-02-28,CAMPAIGN124448,7820,35,4.5779998
Meta Ads,2022-03-01,CAMPAIGN124448,4330,6,1.612
Meta Ads,2022-03-02,CAMPAIGN124448,3817,10,1.102
Meta Ads,2022-03-03,CAMPAIGN124448,1612,8,0.746
Meta Ads,2022-03-04,CAMPAIGN124448,870,2,0.532
Meta Ads,2022-03-05,CAMPAIGN123895,685728,1859,115.4539998
Meta Ads,2022-03-06,CAMPAIGN123895,346422,1193,85.0559998
Meta Ads,2022-03-07,CAMPAIGN123895,235139,616,51.0519996
Meta Ads,2022-03-08,CAMPAIGN123895,165881,416,37.674
Meta Ads,2022-03-09,CAMPAIGN123895,151299,636,39.2980002
Meta Ads,2022-03-10,CAMPAIGN123895,96379,316,33.394
Meta Ads,2022-03-11,CAMPAIGN123895,62470,215,21.776
Meta Ads,2022-03-12,CAMPAIGN123895,51787,135,13.0
Meta Ads,2022-03-13,CAMPAIGN123895,46872,125,12.866
Meta Ads,2022-03-14,CAMPAIGN123895,35263,118,10.538
Meta Ads,2022-03-15,CAMPAIGN123895,26233,64,9.152
Meta Ads,2022-03-16,CAMPAIGN123895,18536,59,6.448
Meta Ads,2022-03-17,CAMPAIGN123895,10934,32,3.218
Meta Ads,2022-03-18,CAMPAIGN123895,5696,24,1.872
Meta Ads,2022-03-19,CAMPAIGN124293,215201,3240,323.1720002
Meta Ads,2022-03-20,CAMPAIGN124293,45592,802,74.826
Meta Ads,2022-03-21,CAMPAIGN124549,3962,17,1.65
Meta Ads,2022-03-22,CAMPAIGN124549,3675,5,1.318
Meta Ads,2022-03-23,CAMPAIGN124549,2911,11,1.432
Meta Ads,2022-03-24,CAMPAIGN124549,1192,3,0.484
Meta Ads,2022-03-25,CAMPAIGN124549,520,1,0.232
Meta Ads,2022-03-26,CAMPAIGN124549,284,2,0.12
Meta Ads,2022-03-27,CAMPAIGN124549,155,0,0.036
Meta Ads,2022-03-28,CAMPAIGN124549,85,0,0.014
Meta Ads,2022-03-29,CAMPAIGN124535,13491,38,4.66
Meta Ads,2022-03-30,CAMPAIGN124535,9950,31,3.226
Meta Ads,2022-03-31,CAMPAIGN124535,9213,42,3.814
Meta Ads,2022-04-01,CAMPAIGN124535,3112,11,0.876
Meta Ads,2022-04-02,CAMPAIGN124535,2392,7,0.746
Meta Ads,2022-04-03,CAMPAIGN124535,1491,7,0.528
Meta Ads,2022-04-04,CAMPAIGN124535,38,0,0.0
Meta Ads,2022-04-05,CAMPAIGN124535,27,0,0.0
Meta Ads,2022-04-06,CAMPAIGN124532,15689,82,4.8459998
Meta Ads,2022-04-07,CAMPAIGN124532,10600,39,2.8800002
Meta Ads,2022-04-08,CAMPAIGN124532,9805,40,3.214
Meta Ads,2022-04-09,CAMPAIGN124532,2122,12,0.636
Meta Ads,2022-04-10,CAMPAIGN124532,1654,9,0.42
Meta Ads,2022-04-11,CAMPAIGN124532,1402,9,0.322
Meta Ads,2022-04-12,CAMPAIGN124532,1025,5,0.2259998
Meta Ads,2022-04-13,CAMPAIGN124532,647,1,0.2
Meta Ads,2022-04-14,CAMPAIGN124540,10539,60,3.234
Meta Ads,2022-04-15,CAMPAIGN124540,10017,37,3.282
Meta Ads,2022-04-16,CAMPAIGN124540,7651,18,2.624
Meta Ads,2022-04-17,CAMPAIGN124540,911,6,0.316
Meta Ads,2022-04-18,CAMPAIGN124540,884,3,0.156
Meta Ads,2022-04-19,CAMPAIGN124540,858,6,0.252
Meta Ads,2022-04-20,CAMPAIGN124540,811,3,0.234
Meta Ads,2022-04-21,CAMPAIGN124540,672,2,0.13
Meta Ads,2022-04-22,CAMPAIGN124343,167949,2342,21.302
Meta Ads,2022-04-23,CAMPAIGN124343,132923,5808,34.26
Meta Ads,2022-04-24,CAMPAIGN124343,95866,1250,12.142
Meta Ads,2022-04-25,CAMPAIGN124343,92079,1386,13.882
Meta Ads,2022-04-26,CAMPAIGN124343,89877,1496,13.314
Meta Ads,2022-04-27,CAMPAIGN124343,30095,500,6.936
Meta Ads,2022-04-28,CAMPAIGN124343,24184,312,2.934
Meta Ads,2022-04-29,CAMPAIGN124343,14349,339,3.072
Meta Ads,2022-04-30,CAMPAIGN124343,7945,177,1.63
Meta Ads,2022-05-01,CAMPAIGN124343,6528,115,1.024
Meta Ads,2022-05-02,CAMPAIGN124343,5564,154,1.12
Meta Ads,2022-05-03,CAMPAIGN124343,4437,87,0.798
Meta Ads,2022-05-04,CAMPAIGN124343,2636,63,0.46
Meta Ads,2022-05-05,CAMPAIGN124343,2567,32,0.206
Meta Ads,2022-05-06,CAMPAIGN124343,2081,23,0.17
Meta Ads,2022-05-07,CAMPAIGN124343,1553,27,0.08
Meta Ads,2022-05-08,CAMPAIGN124343,1547,41,0.282
Meta Ads,2022-05-09,CAMPAIGN124343,1025,57,0.302
Meta Ads,2022-05-10,CAMPAIGN124343,863,19,0.148
Meta Ads,2022-05-11,CAMPAIGN124343,685,11,0.052
Meta Ads,2022-05-12,CAMPAIGN124343,510,3,0.016
Meta Ads,2022-05-13,CAMPAIGN124343,458,8,0.028
Meta Ads,2022-05-14,CAMPAIGN124343,452,12,0.102
Meta Ads,2022-05-15,CAMPAIGN124343,314,4,0.04
Meta Ads,2022-05-16,CAMPAIGN124343,150,4,0.03
Meta Ads,2022-05-17,CAMPAIGN124343,120,1,0.0
Meta Ads,2022-05-18,CAMPAIGN124343,105,5,0.044
Meta Ads,2022-05-19,CAMPAIGN124343,14,1,0.008
Meta Ads,2022-05-20,CAMPAIGN123611,1448646,17212,785.6
Meta Ads,2022-05-21,CAMPAIGN123611,119233,1571,51.918
Meta Ads,2022-05-22,CAMPAIGN123611,106344,79,17.858
Meta Ads,2022-05-23,CAMPAIGN123611,92930,1196,41.49
Meta Ads,2022-05-24,CAMPAIGN123611,26917,87,5.6960002
Meta Ads,2022-05-25,CAMPAIGN123611,19799,257,8.1
Meta Ads,2022-05-26,CAMPAIGN123611,12520,161,4.71
Meta Ads,2022-05-27,CAMPAIGN123611,2884,2,0.49
Meta Ads,2022-05-28,CAMPAIGN123611,1914,37,0.956
Meta Ads,2022-05-29,CAMPAIGN123611,1290,2,0.306
Meta Ads,2022-05-30,CAMPAIGN123611,619,11,0.276
Meta Ads,2022-05-31,CAMPAIGN123424,2562139,25730,1218.218
Meta Ads,2022-06-01,CAMPAIGN123424,1835218,20677,913.7140002
Meta Ads,2022-06-02,CAMPAIGN123424,990389,7264,411.0919998
Meta Ads,2022-06-03,CAMPAIGN123424,730710,6785,355.23
Meta Ads,2022-06-04,CAMPAIGN123424,581247,4796,232.2479996
Meta Ads,2022-06-05,CAMPAIGN123424,539625,4549,251.522
Meta Ads,2022-06-06,CAMPAIGN123424,407888,3484,183.552
Meta Ads,2022-06-07,CAMPAIGN123424,238395,1627,108.4199998
Meta Ads,2022-06-08,CAMPAIGN123424,171410,1180,73.736
Meta Ads,2022-06-09,CAMPAIGN123424,2267,21,1.764
Meta Ads,2022-06-10,CAMPAIGN123424,1804,11,0.936
Meta Ads,2022-06-11,CAMPAIGN123424,1031,4,0.652
Meta Ads,2022-06-12,CAMPAIGN123424,643,3,0.328
Meta Ads,2022-06-13,CAMPAIGN123424,423,5,0.292
Meta Ads,2022-06-14,CAMPAIGN123424,138,0,0.046
Meta Ads,2022-06-15,CAMPAIGN123424,129,1,0.048
Meta Ads,2022-06-16,CAMPAIGN123424,14,0,0.002
Meta Ads,2022-06-17,CAMPAIGN123424,6,0,0.0
Meta Ads,2022-06-18,CAMPAIGN123888,693161,6506,480.5239996
Meta Ads,2022-06-19,CAMPAIGN123888,337722,4039,259.2519998
Meta Ads,2022-06-20,CAMPAIGN123888,304862,1980,219.1880002
Meta Ads,2022-06-21,CAMPAIGN123888,215777,1140,126.81
Meta Ads,2022-06-22,CAMPAIGN123888,123391,763,82.706
Meta Ads,2022-06-23,CAMPAIGN123888,114544,727,84.242
Meta Ads,2022-06-24,CAMPAIGN123888,36743,254,24.722
Meta Ads,2022-06-25,CAMPAIGN123888,15099,116,10.672
Meta Ads,2022-06-26,CAMPAIGN123888,8780,36,6.16
Meta Ads,2022-06-27,CAMPAIGN123888,749,8,0.346
Meta Ads,2022-06-28,CAMPAIGN123888,368,2,0.144
Meta Ads,2022-06-29,CAMPAIGN123888,300,2,0.166
Meta Ads,2022-06-30,CAMPAIGN123888,123,2,0.052
Meta Ads,2022-07-01,CAMPAIGN123888,43,0,0.008
Meta Ads,2022-07-02,CAMPAIGN123888,28,0,0.006
Meta Ads,2022-07-03,CAMPAIGN123888,21,0,0.002
Meta Ads,2022-07-04,CAMPAIGN123888,3,0,0.0
Meta Ads,2022-07-05,CAMPAIGN123465,2157526,18101,876.4879998
Meta Ads,2022-07-06,CAMPAIGN123465,1882641,19397,778.148
Meta Ads,2022-07-07,CAMPAIGN123465,819464,4493,280.958
Meta Ads,2022-07-08,CAMPAIGN123465,600455,4874,260.3199996
Meta Ads,2022-07-09,CAMPAIGN123465,451130,3839,194.4319998
Meta Ads,2022-07-10,CAMPAIGN123465,444985,4991,158.052
Meta Ads,2022-07-11,CAMPAIGN123465,359606,1770,146.876
Meta Ads,2022-07-12,CAMPAIGN123465,351807,3585,139.406
Meta Ads,2022-07-13,CAMPAIGN123465,195360,1047,75.0720004
Meta Ads,2022-07-14,CAMPAIGN123465,1410,13,0.78
Meta Ads,2022-07-15,CAMPAIGN123465,1177,10,0.722
Meta Ads,2022-07-16,CAMPAIGN123465,711,2,0.396
Meta Ads,2022-07-17,CAMPAIGN123465,484,2,0.186
Meta Ads,2022-07-18,CAMPAIGN123465,441,3,0.134
Meta Ads,2022-07-19,CAMPAIGN123465,62,0,0.026
Meta Ads,2022-07-20,CAMPAIGN123465,13,0,0.0
Meta Ads,2022-07-21,CAMPAIGN123465,8,0,0.004
Meta Ads,2022-07-22,CAMPAIGN123465,2,0,0.0
Meta Ads,2022-07-23,CAMPAIGN123802,853127,11510,529.8140004
Meta Ads,2022-07-24,CAMPAIGN123802,810728,11624,538.6519998
Meta Ads,2022-07-25,CAMPAIGN123802,323916,2889,180.386
Meta Ads,2022-07-26,CAMPAIGN123802,217209,1640,109.83
Meta Ads,2022-07-27,CAMPAIGN123802,190222,2813,140.666
Meta Ads,2022-07-28,CAMPAIGN123802,102671,1285,71.43
Meta Ads,2022-07-29,CAMPAIGN123802,61913,949,49.02
Meta Ads,2022-07-30,CAMPAIGN123802,45973,253,21.312
Meta Ads,2022-07-31,CAMPAIGN123802,27265,148,13.69
Meta Ads,2022-08-01,CAMPAIGN123802,1470,12,1.058
Meta Ads,2022-08-02,CAMPAIGN123802,384,5,0.314
Meta Ads,2022-08-03,CAMPAIGN123802,283,5,0.304
Meta Ads,2022-08-04,CAMPAIGN123802,133,3,0.088
Meta Ads,2022-08-05,CAMPAIGN123802,39,0,0.018
Meta Ads,2022-08-06,CAMPAIGN123802,21,0,0.006
Meta Ads,2022-08-07,CAMPAIGN123802,15,0,0.006
Meta Ads,2022-08-08,CAMPAIGN123802,14,0,0.004
Meta Ads,2022-08-09,CAMPAIGN123802,1,0,0.002
Meta Ads,2022-08-10,CAMPAIGN123234,6148480,133396,683.6040002
Meta Ads,2022-08-11,CAMPAIGN123234,1308723,28300,143.196
Meta Ads,2022-08-12,CAMPAIGN123131,28494167,254810,4710.932
Meta Ads,2022-08-13,CAMPAIGN123138,21967551,142259,3288.81
Meta Ads,2022-08-14,CAMPAIGN123455,2226479,18493,613.594
Meta Ads,2022-08-15,CAMPAIGN123455,1105751,7485,279.4420004
Meta Ads,2022-08-16,CAMPAIGN123455,295549,1995,158.5639998
Meta Ads,2022-08-17,CAMPAIGN123889,692578,6514,77.212
Meta Ads,2022-08-18,CAMPAIGN123889,512184,3964,49.236
Meta Ads,2022-08-19,CAMPAIGN123889,373955,4553,39.9
Meta Ads,2022-08-20,CAMPAIGN123889,61133,706,10.468
Meta Ads,2022-08-21,CAMPAIGN123889,15359,190,2.584
Meta Ads,2022-08-22,CAMPAIGN123663,1293328,5993,439.31
Meta Ads,2022-08-23,CAMPAIGN124544,8138,562,2.158
Meta Ads,2022-08-24,CAMPAIGN123497,1991974,19269,439.2440002
Meta Ads,2022-08-25,CAMPAIGN123303,4314164,24043,1399.328
Meta Ads,2022-08-26,CAMPAIGN123182,8473305,127946,1820.996
Meta Ads,2022-08-27,CAMPAIGN123182,2794761,41031,691.818
Meta Ads,2022-08-28,CAMPAIGN123182,1899632,31132,487.1859998
Meta Ads,2022-08-29,CAMPAIGN123839,769217,51228,297.196
Meta Ads,2022-08-30,CAMPAIGN124461,76813,749,12.762
Meta Ads,2022-08-31,CAMPAIGN124461,39209,487,7.856
Meta Ads,2022-09-01,CAMPAIGN124461,33996,341,6.138
Meta Ads,2022-09-02,CAMPAIGN124461,17192,145,3.178
Meta Ads,2022-09-03,CAMPAIGN124461,16581,152,2.578
Meta Ads,2022-09-04,CAMPAIGN124461,15012,143,2.972
Meta Ads,2022-09-05,CAMPAIGN124461,12953,101,2.026
Meta Ads,2022-09-06,CAMPAIGN124461,10010,79,1.686
Meta Ads,2022-09-07,CAMPAIGN124461,9838,91,1.65
Meta Ads,2022-09-08,CAMPAIGN124461,8932,68,1.31
Meta Ads,2022-09-09,CAMPAIGN124461,8148,71,1.308
Meta Ads,2022-09-10,CAMPAIGN124461,6560,52,0.93
Meta Ads,2022-09-11,CAMPAIGN124461,5541,41,1.006
Meta Ads,2022-09-12,CAMPAIGN124461,5437,40,0.896
Meta Ads,2022-09-13,CAMPAIGN124461,5401,29,0.798
Meta Ads,2022-09-14,CAMPAIGN124461,5247,40,0.808
Meta Ads,2022-09-15,CAMPAIGN124461,5169,40,0.816
Meta Ads,2022-09-16,CAMPAIGN124461,4719,52,0.946
Meta Ads,2022-09-17,CAMPAIGN124461,3980,39,0.582
Meta Ads,2022-09-18,CAMPAIGN124461,2974,31,0.43
Meta Ads,2022-09-19,CAMPAIGN124461,2965,13,0.434
Meta Ads,2022-09-20,CAMPAIGN124461,2752,21,0.422
Meta Ads,2022-09-21,CAMPAIGN124461,2111,14,0.298
Meta Ads,2022-09-22,CAMPAIGN124461,1782,13,0.214
Meta Ads,2022-09-23,CAMPAIGN124345,164800,1532,17.0279998
Meta Ads,2022-09-24,CAMPAIGN124345,146469,1276,15.106
Meta Ads,2022-09-25,CAMPAIGN124345,114077,426,4.894
Meta Ads,2022-09-26,CAMPAIGN124345,109911,349,4.548
Meta Ads,2022-09-27,CAMPAIGN124345,104630,490,5.628
Meta Ads,2022-09-28,CAMPAIGN124345,97231,517,6.57
Meta Ads,2022-09-29,CAMPAIGN124345,96048,636,7.212
Meta Ads,2022-09-30,CAMPAIGN124345,92992,434,4.716
Meta Ads,2022-10-01,CAMPAIGN124345,82707,430,4.784
Meta Ads,2022-10-02,CAMPAIGN124345,81472,416,4.796
Meta Ads,2022-10-03,CAMPAIGN124345,80302,423,4.952
Meta Ads,2022-10-04,CAMPAIGN124345,80272,435,5.088
Meta Ads,2022-10-05,CAMPAIGN124345,66267,355,3.528
Meta Ads,2022-10-06,CAMPAIGN124345,60000,306,3.56
Meta Ads,2022-10-07,CAMPAIGN124345,55776,347,3.7
Meta Ads,2022-10-08,CAMPAIGN124345,50065,353,3.742
Meta Ads,2022-10-09,CAMPAIGN124345,46588,340,3.9100002
Meta Ads,2022-10-10,CAMPAIGN124345,45730,192,2.432
Meta Ads,2022-10-11,CAMPAIGN124345,42565,196,2.37
Meta Ads,2022-10-12,CAMPAIGN124345,42508,300,3.674
Meta Ads,2022-10-13,CAMPAIGN124345,39448,194,2.244
Meta Ads,2022-10-14,CAMPAIGN124345,29704,157,1.824
Meta Ads,2022-10-15,CAMPAIGN124345,27861,180,2.078
Meta Ads,2022-10-16,CAMPAIGN124345,27318,180,2.006
Meta Ads,2022-10-17,CAMPAIGN124212,297376,2911,29.5440006
Meta Ads,2022-10-18,CAMPAIGN124212,199041,2103,19.856
Meta Ads,2022-10-19,CAMPAIGN124212,155814,864,7.498
Meta Ads,2022-10-20,CAMPAIGN124212,107951,746,5.836
Meta Ads,2022-10-21,CAMPAIGN124212,100174,812,5.828
Meta Ads,2022-10-22,CAMPAIGN124212,83987,729,6.482
Meta Ads,2022-10-23,CAMPAIGN124212,82853,648,4.844
Meta Ads,2022-10-24,CAMPAIGN124212,82663,631,4.83
Meta Ads,2022-10-25,CAMPAIGN124212,82370,707,6.484
Meta Ads,2022-10-26,CAMPAIGN124212,79307,565,4.506
Meta Ads,2022-10-27,CAMPAIGN124212,78606,589,4.448
Meta Ads,2022-10-28,CAMPAIGN124212,77451,587,4.348
Meta Ads,2022-10-29,CAMPAIGN124212,76886,625,5.386
Meta Ads,2022-10-30,CAMPAIGN124212,76056,741,6.698
Meta Ads,2022-10-31,CAMPAIGN124212,70302,600,4.91
Meta Ads,2022-11-01,CAMPAIGN124212,66094,381,3.004
Meta Ads,2022-11-02,CAMPAIGN124212,62131,558,5.05
Meta Ads,2022-11-03,CAMPAIGN124212,57276,376,3.224
Meta Ads,2022-11-04,CAMPAIGN124212,47042,360,2.894
Meta Ads,2022-11-05,CAMPAIGN124212,44706,342,3.054
Meta Ads,2022-11-06,CAMPAIGN124212,44268,321,2.75
Meta Ads,2022-11-07,CAMPAIGN124212,39725,301,2.338
Meta Ads,2022-11-08,CAMPAIGN124212,31830,254,2.014
Meta Ads,2022-11-09,CAMPAIGN124212,28568,265,1.998
Meta Ads,2022-11-10,CAMPAIGN123774,918995,13712,78.7199998
Meta Ads,2022-11-11,CAMPAIGN123774,324847,2986,17.976
Meta Ads,2022-11-12,CAMPAIGN123774,170272,2055,13.628
Meta Ads,2022-11-13,CAMPAIGN123774,164070,1291,7.716
Meta Ads,2022-11-14,CAMPAIGN123774,152450,1036,6.168
Meta Ads,2022-11-15,CAMPAIGN123774,93857,950,5.668
Meta Ads,2022-11-16,CAMPAIGN123774,19736,355,1.782
Meta Ads,2022-11-17,CAMPAIGN123774,11186,144,0.824
Meta Ads,2022-11-18,CAMPAIGN123774,8612,96,0.532
Meta Ads,2022-11-19,CAMPAIGN123774,7452,121,0.58
Meta Ads,2022-11-20,CAMPAIGN123774,7161,91,0.438
Meta Ads,2022-11-21,CAMPAIGN123774,7041,76,0.466
Meta Ads,2022-11-22,CAMPAIGN123774,6016,72,0.418
Meta Ads,2022-11-23,CAMPAIGN123774,5662,65,0.376
Meta Ads,2022-11-24,CAMPAIGN123774,4942,64,0.34
Meta Ads,2022-11-25,CAMPAIGN123774,4029,52,0.266
Meta Ads,2022-11-26,CAMPAIGN123774,3699,51,0.198
Meta Ads,2022-11-27,CAMPAIGN123774,3466,41,0.182
Meta Ads,2022-11-28,CAMPAIGN123774,3204,30,0.164
Meta Ads,2022-11-29,CAMPAIGN123774,2870,23,0.16
Meta Ads,2022-11-30,CAMPAIGN123774,2644,34,0.158
Meta Ads,2022-12-01,CAMPAIGN123774,2596,35,0.162
Meta Ads,2022-12-02,CAMPAIGN123774,1915,27,0.114
Meta Ads,2022-12-03,CAMPAIGN123774,1851,16,0.11
Meta Ads,2022-12-04,CAMPAIGN123133,25866120,528089,5218.336
Meta Ads,2022-12-05,CAMPAIGN123133,13449215,171613,1681.464001
Meta Ads,2022-12-06,CAMPAIGN124426,100734,1419,16.888
Meta Ads,2022-12-07,CAMPAIGN124426,96828,1266,18.304
Meta Ads,2022-12-08,CAMPAIGN124426,82205,924,9.95
Meta Ads,2022-12-09,CAMPAIGN124426,80889,1068,12.78
Meta Ads,2022-12-10,CAMPAIGN124426,44628,608,9.458
Meta Ads,2022-12-11,CAMPAIGN124426,34749,761,11.432
Meta Ads,2022-12-12,CAMPAIGN124426,26101,363,4.954
Meta Ads,2022-12-13,CAMPAIGN124214,295080,3525,40.424
Meta Ads,2022-12-14,CAMPAIGN124214,110739,1342,20.448
Meta Ads,2022-12-15,CAMPAIGN124214,39000,915,13.014
Meta Ads,2022-12-16,CAMPAIGN124214,21811,277,3.868
Meta Ads,2022-12-17,CAMPAIGN124214,14298,252,3.978
Meta Ads,2022-12-18,CAMPAIGN124214,12902,252,3.54
Meta Ads,2022-12-19,CAMPAIGN124214,12364,199,2.854
Meta Ads,2022-12-20,CAMPAIGN123644,1337239,62279,254.078
Meta Ads,2022-12-21,CAMPAIGN123644,177167,11724,44.194
Meta Ads,2022-12-22,CAMPAIGN123644,6800,441,1.728
Meta Ads,2022-12-23,CAMPAIGN123707,1133438,22154,448.6539998
Meta Ads,2022-12-24,CAMPAIGN123707,705527,14601,270.516
Meta Ads,2022-12-25,CAMPAIGN123707,573780,12685,230.7899998
Meta Ads,2022-12-26,CAMPAIGN123707,569415,11804,273.8200002
Meta Ads,2022-12-27,CAMPAIGN123707,372554,8741,127.5759996
Meta Ads,2022-12-28,CAMPAIGN123707,325294,7441,143.66
Meta Ads,2022-12-29,CAMPAIGN123707,181765,3672,62.3940004
Meta Ads,2022-12-30,CAMPAIGN123707,58353,1114,20.5800004
Meta Ads,2022-12-31,CAMPAIGN123707,48478,1134,14.61
Meta Ads,2022-01-01,CAMPAIGN123713,1091709,28917,894.8179998
Meta Ads,2022-01-02,CAMPAIGN123713,786182,21515,460.4120004
Meta Ads,2022-01-03,CAMPAIGN123713,777154,19635,595.554
Meta Ads,2022-01-04,CAMPAIGN123713,366489,11511,302.276
Meta Ads,2022-01-05,CAMPAIGN123713,261988,6821,155.852
Meta Ads,2022-01-06,CAMPAIGN123713,191921,6818,111.75
Meta Ads,2022-01-07,CAMPAIGN123713,39979,771,25.058
Meta Ads,2022-01-08,CAMPAIGN123713,38374,1102,20.6719998
Meta Ads,2022-01-09,CAMPAIGN123557,1712074,8683,385.408
Meta Ads,2022-01-10,CAMPAIGN123557,1640866,11576,394.452
Meta Ads,2022-01-11,CAMPAIGN123557,14782,174,5.498
Meta Ads,2022-01-12,CAMPAIGN123557,12852,143,5.0419998
Meta Ads,2022-01-13,CAMPAIGN123289,4675211,70853,434.426
Meta Ads,2022-01-14,CAMPAIGN123289,3104357,48530,298.8339998
Meta Ads,2022-01-15,CAMPAIGN123289,1348919,19780,126.39
Meta Ads,2022-01-16,CAMPAIGN123289,1291716,21048,117.506
Meta Ads,2022-01-17,CAMPAIGN123289,122213,2354,12.478
Meta Ads,2022-01-18,CAMPAIGN123289,54465,1031,5.356
Meta Ads,2022-01-19,CAMPAIGN123289,54100,904,5.522
Meta Ads,2022-01-20,CAMPAIGN123289,48313,888,4.748
Meta Ads,2022-01-21,CAMPAIGN123289,23444,460,2.346
Meta Ads,2022-01-22,CAMPAIGN123289,3907,82,0.384
Meta Ads,2022-01-23,CAMPAIGN123274,4900662,72950,1100.0
Meta Ads,2022-01-24,CAMPAIGN123168,10036927,125216,1649.986
Meta Ads,2022-01-25,CAMPAIGN123250,5570832,35320,1713.762
Meta Ads,2022-01-26,CAMPAIGN123250,4257990,28148,1376.56
Meta Ads,2022-01-27,CAMPAIGN123250,2063125,13554,759.316
Meta Ads,2022-01-28,CAMPAIGN123157,12049384,124116,2415.102
Meta Ads,2022-01-29,CAMPAIGN123157,1651594,14686,334.898
Meta Ads,2022-01-30,CAMPAIGN123143,17251193,310622,2165.89
Meta Ads,2022-01-31,CAMPAIGN123143,2689747,46336,410.108
Meta Ads,2022-02-01,CAMPAIGN123676,1213140,15144,554.8640002
Meta Ads,2022-02-02,CAMPAIGN123676,56397,766,16.198
Meta Ads,2022-02-03,CAMPAIGN123676,2516,43,1.312
Meta Ads,2022-02-04,CAMPAIGN123676,2229,35,1.21
Meta Ads,2022-02-05,CAMPAIGN124466,70865,1052,52.002
Meta Ads,2022-02-06,CAMPAIGN124466,62548,979,45.398
Meta Ads,2022-02-07,CAMPAIGN123278,4803948,106356,785.4379998
Meta Ads,2022-02-08,CAMPAIGN123278,654695,36935,120.158
Meta Ads,2022-02-09,CAMPAIGN124534,14257,243,2.174
Meta Ads,2022-02-10,CAMPAIGN123461,2202776,73170,649.5999998
Meta Ads,2022-02-11,CAMPAIGN124473,65472,2172,14.098
Meta Ads,2022-02-12,CAMPAIGN124473,48808,2175,16.302
Meta Ads,2022-02-13,CAMPAIGN123324,3796579,76862,644.4219996
Meta Ads,2022-02-14,CAMPAIGN123324,2787165,55294,477.3019996
Meta Ads,2022-02-15,CAMPAIGN123324,168559,3851,30.236
Meta Ads,2022-02-16,CAMPAIGN124542,9309,72,4.162
Meta Ads,2022-02-17,CAMPAIGN123376,3014611,95615,1255.092
Meta Ads,2022-02-18,CAMPAIGN123376,441220,19669,117.908
Meta Ads,2022-02-19,CAMPAIGN123299,4352987,118375,646.128
Meta Ads,2022-02-20,CAMPAIGN123299,1454108,84357,210.238
Meta Ads,2022-02-21,CAMPAIGN123299,430039,23695,139.434
Meta Ads,2022-02-22,CAMPAIGN124445,88063,1513,5.554
Meta Ads,2022-02-23,CAMPAIGN124445,20955,316,1.346
Meta Ads,2022-02-24,CAMPAIGN124437,91523,746,12.552
Meta Ads,2022-02-25,CAMPAIGN124437,58444,494,9.102
Meta Ads,2022-02-26,CAMPAIGN124437,23156,188,3.452
Meta Ads,2022-02-27,CAMPAIGN123399,2801253,25855,390.4780002
Meta Ads,2022-02-28,CAMPAIGN123399,75205,657,10.7
Meta Ads,2022-03-01,CAMPAIGN124010,532539,6558,82.472
Meta Ads,2022-03-01,CAMPAIGN124010,124001,1986,22.478
Meta Ads,2022-03-02,CAMPAIGN123720,1074351,11613,184.844
Meta Ads,2022-03-03,CAMPAIGN123720,962497,8131,141.99
Meta Ads,2022-03-04,CAMPAIGN123720,600031,4711,79.38
Meta Ads,2022-03-05,CAMPAIGN123720,535939,4315,70.408
Meta Ads,2022-03-06,CAMPAIGN123720,423427,3636,56.534
Meta Ads,2022-03-07,CAMPAIGN123720,347980,2715,44.038
Meta Ads,2022-03-08,CAMPAIGN123720,342608,3221,51.374
Meta Ads,2022-03-09,CAMPAIGN123720,221700,2228,36.604
Meta Ads,2022-03-10,CAMPAIGN123720,144860,1311,19.828
Meta Ads,2022-03-11,CAMPAIGN123323,3845079,35067,502.3759998
Meta Ads,2022-03-12,CAMPAIGN123323,833920,8030,114.318
Meta Ads,2022-03-13,CAMPAIGN123323,172328,1634,27.352
Meta Ads,2022-03-14,CAMPAIGN123323,137606,1296,22.732
Meta Ads,2022-03-15,CAMPAIGN123323,121496,1183,18.222
Meta Ads,2022-03-16,CAMPAIGN123668,1253500,12169,228.8000002
Meta Ads,2022-03-17,CAMPAIGN124411,114611,914,16.516
Meta Ads,2022-03-18,CAMPAIGN124411,54202,508,8.57
Meta Ads,2022-03-19,CAMPAIGN123583,1604765,14220,239.744
Meta Ads,2022-03-20,CAMPAIGN123583,868245,9086,161.45
Meta Ads,2022-03-21,CAMPAIGN123866,726030,7032,104.976
Meta Ads,2022-03-22,CAMPAIGN123476,2080058,15236,401.078
Meta Ads,2022-03-23,CAMPAIGN123770,931598,8570,228.47
Meta Ads,2022-03-24,CAMPAIGN123956,588620,4573,104.906
Meta Ads,2022-03-25,CAMPAIGN123544,1776125,20328,420.2879998
Meta Ads,2022-03-26,CAMPAIGN123544,879676,8004,170.366
Meta Ads,2022-03-27,CAMPAIGN123544,227556,2630,47.436
Meta Ads,2022-03-28,CAMPAIGN123544,127023,863,21.084
Meta Ads,2022-03-29,CAMPAIGN123544,89971,704,16.342
Meta Ads,2022-03-30,CAMPAIGN123544,33910,301,7.09
Meta Ads,2022-03-31,CAMPAIGN123544,11044,97,2.242
Meta Ads,2022-04-01,CAMPAIGN124475,64154,475,10.876
Meta Ads,2022-04-02,CAMPAIGN124475,61824,582,14.132
Meta Ads,2022-04-03,CAMPAIGN123945,606389,4955,104.724
Meta Ads,2022-04-04,CAMPAIGN123410,2669432,25764,532.4780002
Meta Ads,2022-04-05,CAMPAIGN123410,466197,4320,84.746
Meta Ads,2022-04-06,CAMPAIGN123410,117214,845,19.58
Meta Ads,2022-04-07,CAMPAIGN123410,93295,972,18.482
Meta Ads,2022-04-08,CAMPAIGN123410,82471,695,17.492
Meta Ads,2022-04-09,CAMPAIGN123410,66318,491,12.096
Meta Ads,2022-04-10,CAMPAIGN123751,994167,8639,228.6419998
Meta Ads,2022-04-11,CAMPAIGN123447,2316718,19648,385.4959998
Meta Ads,2022-04-12,CAMPAIGN123447,94211,670,15.638
Meta Ads,2022-04-13,CAMPAIGN124527,17312,77,4.2
Meta Ads,2022-04-14,CAMPAIGN124546,6507,100,4.144
Meta Ads,2022-04-15,CAMPAIGN124524,17967,59,4.18
Meta Ads,2022-04-16,CAMPAIGN124550,3744,49,2.578
Meta Ads,2022-04-17,CAMPAIGN124550,3096,42,1.622
Meta Ads,2022-04-18,CAMPAIGN124543,8240,27,1.6
Meta Ads,2022-04-19,CAMPAIGN124543,5903,32,2.55
Meta Ads,2022-04-20,CAMPAIGN124398,121615,2477,30.372
Meta Ads,2022-04-21,CAMPAIGN124406,116158,2383,30.382
Meta Ads,2022-04-22,CAMPAIGN124387,129635,3217,30.386
Meta Ads,2022-04-23,CAMPAIGN124424,102398,1893,27.41
Meta Ads,2022-04-24,CAMPAIGN124424,12716,198,2.934
Meta Ads,2022-04-25,CAMPAIGN123915,647077,3805,167.896
Meta Ads,2022-04-26,CAMPAIGN123977,564721,3563,167.814
Meta Ads,2022-04-27,CAMPAIGN123877,710871,4185,167.9539998
Meta Ads,2022-04-28,CAMPAIGN124001,539438,3779,167.892
Meta Ads,2022-04-29,CAMPAIGN123884,698959,5200,167.9120002
Meta Ads,2022-04-30,CAMPAIGN124150,355129,3936,129.35
Meta Ads,2022-05-01,CAMPAIGN124150,121593,1205,38.514
Meta Ads,2022-05-02,CAMPAIGN123911,655203,3560,167.834
Meta Ads,2022-05-03,CAMPAIGN123833,777899,9652,75.19
Meta Ads,2022-05-04,CAMPAIGN123898,681397,6879,75.174
Meta Ads,2022-05-05,CAMPAIGN124226,283929,11100,64.62
Meta Ads,2022-05-06,CAMPAIGN124226,62897,1771,10.58
Meta Ads,2022-05-07,CAMPAIGN123870,718892,7468,75.18
Meta Ads,2022-05-08,CAMPAIGN124082,442298,6202,75.17
Meta Ads,2022-05-09,CAMPAIGN123902,671527,6852,75.156
Meta Ads,2022-05-10,CAMPAIGN124138,376170,3966,86.5800002
Meta Ads,2022-05-11,CAMPAIGN124338,170931,3526,51.716
Meta Ads,2022-05-12,CAMPAIGN124338,132764,2493,34.846
Meta Ads,2022-05-13,CAMPAIGN124186,322906,3165,86.5899998
Meta Ads,2022-05-14,CAMPAIGN124219,290290,2708,59.852
Meta Ads,2022-05-15,CAMPAIGN124219,104549,1106,26.748
Meta Ads,2022-05-16,CAMPAIGN124313,201060,2604,54.794
Meta Ads,2022-05-17,CAMPAIGN123989,551385,6374,110.59
Meta Ads,2022-05-18,CAMPAIGN123814,827130,7703,110.584
Meta Ads,2022-05-19,CAMPAIGN123819,813663,6752,110.598
Meta Ads,2022-05-20,CAMPAIGN123794,871684,7972,110.586
Meta Ads,2022-05-21,CAMPAIGN124045,477256,11378,110.6
Meta Ads,2022-05-22,CAMPAIGN123832,778872,7914,110.588
Meta Ads,2022-05-23,CAMPAIGN123799,860037,9392,110.6
Meta Ads,2022-05-24,CAMPAIGN124059,468970,11680,124.998
Meta Ads,2022-05-25,CAMPAIGN124059,229205,4536,47.402
Meta Ads,2022-05-26,CAMPAIGN123841,766956,6883,112.012
Meta Ads,2022-05-27,CAMPAIGN123841,309854,3304,60.382
Meta Ads,2022-05-28,CAMPAIGN123731,1046793,11382,172.4
Meta Ads,2022-05-29,CAMPAIGN123724,1065059,10067,172.364
Meta Ads,2022-05-30,CAMPAIGN123721,1072454,10325,172.4
Meta Ads,2022-05-31,CAMPAIGN123679,1210722,12656,172.38
Meta Ads,2022-06-01,CAMPAIGN123982,561251,8775,172.3480002
Meta Ads,2022-06-02,CAMPAIGN123995,546935,8469,103.6
Meta Ads,2022-06-03,CAMPAIGN124275,231790,8036,61.9200002
Meta Ads,2022-06-04,CAMPAIGN124275,206720,5337,41.68
Meta Ads,2022-06-05,CAMPAIGN123825,795582,9173,103.6
Meta Ads,2022-06-06,CAMPAIGN124114,404435,4572,61.75
Meta Ads,2022-06-07,CAMPAIGN124114,191890,3005,41.838
Meta Ads,2022-06-08,CAMPAIGN123903,671095,8039,103.5920002
Meta Ads,2022-06-09,CAMPAIGN123981,561702,8087,103.6
Meta Ads,2022-06-10,CAMPAIGN124172,337042,7649,103.598
Meta Ads,2022-06-11,CAMPAIGN124163,344965,3685,91.9339998
Meta Ads,2022-06-12,CAMPAIGN124126,388979,4453,91.418
Meta Ads,2022-06-13,CAMPAIGN124302,208542,3911,62.116
Meta Ads,2022-06-14,CAMPAIGN124302,112829,1765,30.294
Meta Ads,2022-06-15,CAMPAIGN124115,402093,3098,91.8840002
Meta Ads,2022-06-16,CAMPAIGN124274,233273,3068,91.318
Meta Ads,2022-06-17,CAMPAIGN124129,380881,3590,91.276
Meta Ads,2022-06-18,CAMPAIGN124106,415525,3750,91.666
Meta Ads,2022-06-19,CAMPAIGN124213,296375,2253,41.262
Meta Ads,2022-06-20,CAMPAIGN124213,112638,919,15.506
Meta Ads,2022-06-21,CAMPAIGN124213,109597,680,12.228
Meta Ads,2022-06-22,CAMPAIGN124213,77331,547,9.208
Meta Ads,2022-06-23,CAMPAIGN124213,71223,494,9.136
Meta Ads,2022-06-24,CAMPAIGN124213,68912,8088,16.904
Meta Ads,2022-06-25,CAMPAIGN124213,54922,481,8.68
Meta Ads,2022-06-26,CAMPAIGN124213,53380,387,6.886
Meta Ads,2022-06-27,CAMPAIGN124213,44341,365,6.49
Meta Ads,2022-06-28,CAMPAIGN124213,35493,280,5.19
Meta Ads,2022-06-29,CAMPAIGN124213,16703,1606,5.134
Meta Ads,2022-06-30,CAMPAIGN124213,15117,136,2.35
Meta Ads,2022-07-01,CAMPAIGN124213,9270,68,1.144
Meta Ads,2022-07-02,CAMPAIGN124213,8964,60,1.076
Meta Ads,2022-07-03,CAMPAIGN124213,8816,75,1.26
Meta Ads,2022-07-04,CAMPAIGN124213,8665,101,1.778
Meta Ads,2022-07-05,CAMPAIGN124213,8192,61,1.028
Meta Ads,2022-07-06,CAMPAIGN124213,6189,46,0.756
Meta Ads,2022-07-07,CAMPAIGN124213,5136,49,0.87
Meta Ads,2022-07-08,CAMPAIGN124213,4408,48,0.856
Meta Ads,2022-07-09,CAMPAIGN124213,2150,23,0.39
Meta Ads,2022-07-10,CAMPAIGN124213,1614,152,0.858
Meta Ads,2022-07-11,CAMPAIGN124213,1081,8,0.122
Meta Ads,2022-07-12,CAMPAIGN124213,113,10,0.024
Meta Ads,2022-07-13,CAMPAIGN124213,58,8,0.028
Meta Ads,2022-07-14,CAMPAIGN124213,38,7,0.024
Meta Ads,2022-07-15,CAMPAIGN123243,5767028,66604,947.8000002
Meta Ads,2022-07-16,CAMPAIGN123211,7011812,66859,947.8
Meta Ads,2022-07-17,CAMPAIGN123297,4421544,60178,947.7999998
Meta Ads,2022-07-18,CAMPAIGN123457,2215447,54757,576.826
Meta Ads,2022-07-19,CAMPAIGN123457,2046308,34218,370.9739998
Meta Ads,2022-07-20,CAMPAIGN123197,7266546,66173,947.8
Meta Ads,2022-07-21,CAMPAIGN123388,2901948,57499,947.8000002
Meta Ads,2022-07-22,CAMPAIGN123219,6643914,64813,947.8
Meta Ads,2022-07-23,CAMPAIGN124415,109609,1025,26.782
Meta Ads,2022-07-24,CAMPAIGN124453,81799,880,26.776
Meta Ads,2022-07-25,CAMPAIGN124434,92533,746,26.762
Meta Ads,2022-07-26,CAMPAIGN124508,35651,1013,15.016
Meta Ads,2022-07-27,CAMPAIGN124508,23872,641,11.774
Meta Ads,2022-07-28,CAMPAIGN124441,88537,921,26.746
Meta Ads,2022-07-29,CAMPAIGN124452,82767,987,26.766
Meta Ads,2022-07-30,CAMPAIGN124425,101780,738,26.656
Meta Ads,2022-07-31,CAMPAIGN123594,1545206,3825,292.768
Meta Ads,2022-08-01,CAMPAIGN123594,1036653,5201,257.042
Meta Ads,2022-08-02,CAMPAIGN123594,518256,2525,188.134
Meta Ads,2022-08-03,CAMPAIGN123594,469798,1186,93.86
Meta Ads,2022-08-04,CAMPAIGN123594,376684,805,72.592
Meta Ads,2022-08-05,CAMPAIGN123594,220705,627,65.202
Meta Ads,2022-08-06,CAMPAIGN123594,144241,455,43.206
Meta Ads,2022-08-07,CAMPAIGN123594,127784,267,34.688
Meta Ads,2022-08-08,CAMPAIGN123594,92488,119,17.348
Meta Ads,2022-08-09,CAMPAIGN123594,92205,83,14.496
Meta Ads,2022-08-10,CAMPAIGN123594,69922,58,11.696
Meta Ads,2022-08-11,CAMPAIGN123594,57118,146,23.75
Meta Ads,2022-08-12,CAMPAIGN123594,54195,207,23.74
Meta Ads,2022-08-13,CAMPAIGN123594,48340,193,19.11
Meta Ads,2022-08-14,CAMPAIGN123594,34096,48,7.556
Meta Ads,2022-08-15,CAMPAIGN123594,16450,43,9.08
Meta Ads,2022-08-16,CAMPAIGN123594,6490,16,4.972
Meta Ads,2022-08-17,CAMPAIGN123594,6339,18,6.292
Meta Ads,2022-08-18,CAMPAIGN123594,5524,25,6.104
Meta Ads,2022-08-19,CAMPAIGN123594,4513,15,5.788
Meta Ads,2022-08-20,CAMPAIGN123594,3798,15,3.966
Meta Ads,2022-08-21,CAMPAIGN123594,3249,11,3.738
Meta Ads,2022-08-22,CAMPAIGN123594,2937,10,3.05
Meta Ads,2022-08-23,CAMPAIGN124503,40144,624,13.58
Meta Ads,2022-08-24,CAMPAIGN124505,36674,642,11.954
Meta Ads,2022-08-25,CAMPAIGN124505,4871,64,1.594
Meta Ads,2022-08-26,CAMPAIGN124494,47045,584,13.558
Meta Ads,2022-08-27,CAMPAIGN124499,44535,615,13.576
Meta Ads,2022-08-28,CAMPAIGN124501,42160,709,13.59
Meta Ads,2022-08-29,CAMPAIGN124500,42920,662,13.584
Meta Ads,2022-08-30,CAMPAIGN123848,752358,23143,330.4580002
Meta Ads,2022-08-31,CAMPAIGN123848,169705,4631,64.662
Meta Ads,2022-09-01,CAMPAIGN123848,158055,1319,26.17
Meta Ads,2022-09-02,CAMPAIGN123848,29493,1242,16.672
Meta Ads,2022-09-03,CAMPAIGN123848,14514,284,5.242
Meta Ads,2022-09-04,CAMPAIGN123848,11031,110,2.126
Meta Ads,2022-09-05,CAMPAIGN123848,5026,81,1.062
Meta Ads,2022-09-06,CAMPAIGN123848,728,5,0.05
Meta Ads,2022-09-07,CAMPAIGN123490,2035116,101398,518.9959998
Meta Ads,2022-09-08,CAMPAIGN123490,442087,6849,49.836
Meta Ads,2022-09-09,CAMPAIGN123490,212197,9763,48.922
Meta Ads,2022-09-10,CAMPAIGN123490,27780,346,2.912
Meta Ads,2022-09-11,CAMPAIGN123490,25465,1589,7.464
Meta Ads,2022-09-12,CAMPAIGN123490,2282,61,0.556
Meta Ads,2022-09-13,CAMPAIGN123490,1913,21,0.142
Meta Ads,2022-09-14,CAMPAIGN123490,1353,56,0.268
Meta Ads,2022-09-15,CAMPAIGN123441,2362160,112479,578.616
Meta Ads,2022-09-16,CAMPAIGN123441,425927,6878,54.348
Meta Ads,2022-09-17,CAMPAIGN123441,285529,12639,65.224
Meta Ads,2022-09-18,CAMPAIGN123441,56844,3822,20.03
Meta Ads,2022-09-19,CAMPAIGN123441,52239,723,6.126
Meta Ads,2022-09-20,CAMPAIGN123441,18385,382,2.914
Meta Ads,2022-09-21,CAMPAIGN123441,6160,110,0.78
Meta Ads,2022-09-22,CAMPAIGN123441,6145,240,1.232
Meta Ads,2022-09-23,CAMPAIGN123780,900602,49455,286.376
Meta Ads,2022-09-24,CAMPAIGN123780,149560,8133,47.16
Meta Ads,2022-09-25,CAMPAIGN123780,145505,3579,23.49
Meta Ads,2022-09-26,CAMPAIGN123780,31370,789,5.214
Meta Ads,2022-09-27,CAMPAIGN123780,15605,378,2.456
Meta Ads,2022-09-28,CAMPAIGN123780,15568,685,4.12
Meta Ads,2022-09-29,CAMPAIGN123780,12458,871,5.004
Meta Ads,2022-09-30,CAMPAIGN123780,1109,67,0.45
Meta Ads,2022-10-01,CAMPAIGN124151,351126,4840,71.014
Meta Ads,2022-10-02,CAMPAIGN124151,77488,1061,15.28
Meta Ads,2022-10-03,CAMPAIGN124151,35006,616,8.432
Meta Ads,2022-10-04,CAMPAIGN124151,22946,334,4.674
Meta Ads,2022-10-05,CAMPAIGN124384,130496,2841,41.614
Meta Ads,2022-10-06,CAMPAIGN124384,89515,1541,22.974
Meta Ads,2022-10-07,CAMPAIGN124384,23226,399,7.022
Meta Ads,2022-10-08,CAMPAIGN124384,20560,336,6.19
Meta Ads,2022-10-09,CAMPAIGN124128,386525,5720,62.208
Meta Ads,2022-10-10,CAMPAIGN124128,157981,2403,32.38
Meta Ads,2022-10-11,CAMPAIGN124128,14839,257,2.842
Meta Ads,2022-10-12,CAMPAIGN124128,5624,121,1.97
Meta Ads,2022-10-13,CAMPAIGN124329,176973,3545,51.306
Meta Ads,2022-10-14,CAMPAIGN124329,116922,1845,24.358
Meta Ads,2022-10-15,CAMPAIGN124329,35797,536,8.536
Meta Ads,2022-10-16,CAMPAIGN124329,17411,368,5.8
Meta Ads,2022-10-17,CAMPAIGN124348,159255,2203,30.742
Meta Ads,2022-10-18,CAMPAIGN124348,29605,467,6.91
Meta Ads,2022-10-19,CAMPAIGN124348,15099,310,4.348
Meta Ads,2022-10-20,CAMPAIGN124325,183380,3034,26.918
Meta Ads,2022-10-21,CAMPAIGN124325,64605,1117,13.96
Meta Ads,2022-10-22,CAMPAIGN124325,17943,432,4.032
Meta Ads,2022-10-23,CAMPAIGN124325,5201,90,1.056
Meta Ads,2022-10-24,CAMPAIGN124325,2218,41,0.634
Meta Ads,2022-10-25,CAMPAIGN123922,638218,7498,127.134
Meta Ads,2022-10-26,CAMPAIGN123922,481739,6266,120.736
Meta Ads,2022-10-27,CAMPAIGN123922,335305,4229,63.53
Meta Ads,2022-10-28,CAMPAIGN123857,740349,8569,144.5799998
Meta Ads,2022-10-29,CAMPAIGN123857,611940,8060,158.47
Meta Ads,2022-10-30,CAMPAIGN123857,549960,6011,95.15
Meta Ads,2022-10-31,CAMPAIGN123921,638249,7473,118.79
Meta Ads,2022-11-01,CAMPAIGN123921,537933,6835,129.658
Meta Ads,2022-11-02,CAMPAIGN123921,536241,6590,110.952
Meta Ads,2022-11-03,CAMPAIGN123929,628854,9104,120.562
Meta Ads,2022-11-04,CAMPAIGN123929,230817,3559,50.136
Meta Ads,2022-11-05,CAMPAIGN123929,54335,649,12.206
Meta Ads,2022-11-06,CAMPAIGN123929,13394,213,2.696
Meta Ads,2022-11-07,CAMPAIGN123737,1027623,11846,229.194
Meta Ads,2022-11-08,CAMPAIGN123737,645237,6824,107.174
Meta Ads,2022-11-09,CAMPAIGN123737,350894,3854,61.832
Meta Ads,2022-11-10,CAMPAIGN124200,306620,4245,87.734
Meta Ads,2022-11-11,CAMPAIGN124200,284363,3680,58.126
Meta Ads,2022-11-12,CAMPAIGN124200,132975,1420,21.9399998
Meta Ads,2022-11-13,CAMPAIGN124053,473014,5677,78.868
Meta Ads,2022-11-14,CAMPAIGN124053,59282,867,12.076
Meta Ads,2022-11-15,CAMPAIGN124053,45361,625,8.456
Meta Ads,2022-11-16,CAMPAIGN124146,360774,4584,62.376
Meta Ads,2022-11-17,CAMPAIGN124146,38768,563,7.334
Meta Ads,2022-11-18,CAMPAIGN124146,34663,572,8.09
Meta Ads,2022-11-19,CAMPAIGN124266,245647,3602,56.33
Meta Ads,2022-11-20,CAMPAIGN124266,91501,1506,21.716
Meta Ads,2022-11-21,CAMPAIGN124266,54193,806,11.954
Meta Ads,2022-11-22,CAMPAIGN124021,512590,6585,90.438
Meta Ads,2022-11-23,CAMPAIGN124021,28083,415,5.728
Meta Ads,2022-11-24,CAMPAIGN124021,18430,201,3.234
Meta Ads,2022-11-25,CAMPAIGN124287,218165,5124,32.508
Meta Ads,2022-11-26,CAMPAIGN124287,72986,803,12.28
Meta Ads,2022-11-27,CAMPAIGN124287,4291,97,1.254
Meta Ads,2022-11-28,CAMPAIGN124287,3723,51,0.558
Meta Ads,2022-11-29,CAMPAIGN124309,201742,2456,34.532
Meta Ads,2022-11-30,CAMPAIGN124309,19203,306,4.488
Meta Ads,2022-12-01,CAMPAIGN124309,15196,236,2.98
Meta Ads,2022-12-02,CAMPAIGN123504,1962131,23561,423.2359998
Meta Ads,2022-12-03,CAMPAIGN123504,446909,6893,98.712
Meta Ads,2022-12-04,CAMPAIGN123504,340627,5129,75.6520002
Meta Ads,2022-12-05,CAMPAIGN123573,1638047,19761,340.828
Meta Ads,2022-12-06,CAMPAIGN123573,263171,4195,60.096
Meta Ads,2022-12-07,CAMPAIGN123573,260259,4253,66.276
Meta Ads,2022-12-08,CAMPAIGN123576,1633070,19146,359.124
Meta Ads,2022-12-09,CAMPAIGN123576,400078,6666,87.68
Meta Ads,2022-12-10,CAMPAIGN123576,394159,6342,92.196
Meta Ads,2022-12-11,CAMPAIGN123714,1091173,21329,202.7079998
Meta Ads,2022-12-12,CAMPAIGN123714,88424,1759,39.58
Meta Ads,2022-12-13,CAMPAIGN123714,72574,1543,26.29
Meta Ads,2022-12-14,CAMPAIGN123714,45928,808,9.822
Meta Ads,2022-12-15,CAMPAIGN123487,2041205,23181,422.898
Meta Ads,2022-12-16,CAMPAIGN123487,444912,6356,87.22
Meta Ads,2022-12-17,CAMPAIGN123487,388126,5970,87.482
Meta Ads,2022-12-18,CAMPAIGN123874,712755,8232,158.344
Meta Ads,2022-12-19,CAMPAIGN123874,207929,3448,48.196
Meta Ads,2022-12-20,CAMPAIGN123874,164302,3056,44.86
Meta Ads,2022-12-21,CAMPAIGN124108,413577,19822,80.034
Meta Ads,2022-12-22,CAMPAIGN124108,15888,1015,4.54
Meta Ads,2022-12-23,CAMPAIGN124108,4196,231,1.206
Meta Ads,2022-12-24,CAMPAIGN124108,1403,64,0.366
Meta Ads,2022-12-25,CAMPAIGN124108,1314,93,0.394
Meta Ads,2022-12-26,CAMPAIGN124108,550,37,0.172
Meta Ads,2022-12-27,CAMPAIGN124108,406,34,0.158
Meta Ads,2022-12-28,CAMPAIGN124108,342,43,0.18
Meta Ads,2022-12-29,CAMPAIGN124108,256,21,0.128
Meta Ads,2022-12-30,CAMPAIGN124108,47,0,0.0
Meta Ads,2022-12-31,CAMPAIGN124108,41,1,0.006
Meta Ads,2022-01-01,CAMPAIGN124108,38,1,0.004
Meta Ads,2022-01-02,CAMPAIGN124108,28,1,0.004
Meta Ads,2022-01-03,CAMPAIGN124108,15,0,0.0
Meta Ads,2022-01-04,CAMPAIGN124108,9,0,0.0
Meta Ads,2022-01-05,CAMPAIGN124204,303264,6714,93.816
Meta Ads,2022-01-06,CAMPAIGN124204,9565,198,4.036
Meta Ads,2022-01-07,CAMPAIGN124204,5528,74,1.368
Meta Ads,2022-01-08,CAMPAIGN124204,2738,29,0.68
Meta Ads,2022-01-09,CAMPAIGN124204,2274,13,0.236
Meta Ads,2022-01-10,CAMPAIGN124204,2114,22,0.534
Meta Ads,2022-01-11,CAMPAIGN124204,2110,14,0.336
Meta Ads,2022-01-12,CAMPAIGN124204,1779,46,0.826
Meta Ads,2022-01-13,CAMPAIGN124204,1746,13,0.352
Meta Ads,2022-01-14,CAMPAIGN124204,1226,21,0.256
Meta Ads,2022-01-15,CAMPAIGN124204,1100,10,0.128
Meta Ads,2022-01-16,CAMPAIGN124204,875,11,0.202
Meta Ads,2022-01-17,CAMPAIGN124204,769,14,0.384
Meta Ads,2022-01-18,CAMPAIGN124204,759,6,0.154
Meta Ads,2022-01-19,CAMPAIGN124204,516,3,0.052
Meta Ads,2022-01-20,CAMPAIGN124046,476333,12309,88.124
Meta Ads,2022-01-21,CAMPAIGN124046,35017,755,13.174
Meta Ads,2022-01-22,CAMPAIGN124046,33077,213,28.616
Meta Ads,2022-01-23,CAMPAIGN124046,15399,149,7.13
Meta Ads,2022-01-24,CAMPAIGN124046,14760,163,6.262
Meta Ads,2022-01-25,CAMPAIGN124046,12952,74,2.652
Meta Ads,2022-01-26,CAMPAIGN124046,12186,90,8.692
Meta Ads,2022-01-27,CAMPAIGN124046,8809,68,0.91
Meta Ads,2022-01-28,CAMPAIGN124046,7216,63,0.882
Meta Ads,2022-01-29,CAMPAIGN124046,6006,57,0.644
Meta Ads,2022-01-30,CAMPAIGN124046,4762,49,0.666
Meta Ads,2022-01-31,CAMPAIGN124046,3156,49,0.512
Meta Ads,2022-02-01,CAMPAIGN124046,2377,16,0.252
Meta Ads,2022-02-02,CAMPAIGN124046,2112,19,0.296
Meta Ads,2022-02-03,CAMPAIGN124046,1593,26,0.378
Meta Ads,2022-02-04,CAMPAIGN124046,989,19,0.254
Meta Ads,2022-02-05,CAMPAIGN123586,1584679,15768,482.922
Meta Ads,2022-02-06,CAMPAIGN123586,647998,6356,154.138
Meta Ads,2022-02-07,CAMPAIGN123586,616915,6656,159.94
Meta Ads,2022-02-08,CAMPAIGN123646,1334363,12737,403.97
Meta Ads,2022-02-09,CAMPAIGN123646,477241,4814,119.2220002
Meta Ads,2022-02-10,CAMPAIGN123646,402568,3913,100.0079998
Meta Ads,2022-02-11,CAMPAIGN123645,1335302,11616,421.582
Meta Ads,2022-02-12,CAMPAIGN123645,910859,8528,183.308
Meta Ads,2022-02-13,CAMPAIGN123645,857626,8637,192.11
Meta Ads,2022-02-14,CAMPAIGN123577,1632920,16218,503.3499998
Meta Ads,2022-02-15,CAMPAIGN123577,495357,4611,116.736
Meta Ads,2022-02-16,CAMPAIGN123577,412460,3693,99.114
Meta Ads,2022-02-17,CAMPAIGN123650,1326091,28529,312.2539994
Meta Ads,2022-02-18,CAMPAIGN123650,167748,1413,54.3999996
Meta Ads,2022-02-19,CAMPAIGN123650,8508,145,2.94
Meta Ads,2022-02-20,CAMPAIGN123650,4253,79,2.006
Meta Ads,2022-02-21,CAMPAIGN123999,541518,5400,182.1779992
Meta Ads,2022-02-22,CAMPAIGN123999,432274,4460,106.322
Meta Ads,2022-02-23,CAMPAIGN123999,153465,1408,46.9
Meta Ads,2022-02-24,CAMPAIGN123369,3080964,72602,312.6440002
Meta Ads,2022-02-25,CAMPAIGN123369,2898813,64613,306.1559998
Meta Ads,2022-02-26,CAMPAIGN123843,758481,15906,226.1519998
Meta Ads,2022-02-27,CAMPAIGN123843,705618,14890,266.8979998
Meta Ads,2022-02-28,CAMPAIGN123843,52258,979,5.75
Meta Ads,2022-03-01,CAMPAIGN123439,2381546,75065,271.814
Meta Ads,2022-03-02,CAMPAIGN123439,2072770,66582,163.412
Meta Ads,2022-03-03,CAMPAIGN123439,111293,3323,4.374
Meta Ads,2022-03-04,CAMPAIGN123374,3024618,78988,264.592
Meta Ads,2022-03-05,CAMPAIGN123374,2372629,57831,214.608
Meta Ads,2022-03-06,CAMPAIGN123207,7113283,191861,965.6339998
Meta Ads,2022-03-07,CAMPAIGN123207,6448506,156451,998.566
Meta Ads,2022-03-08,CAMPAIGN123264,5177638,114316,428.8519998
Meta Ads,2022-03-09,CAMPAIGN123264,2937639,58851,241.9359998
Meta Ads,2022-03-10,CAMPAIGN123264,241693,5336,11.8120002
Meta Ads,2022-03-11,CAMPAIGN123415,2644639,52784,521.1280002
Meta Ads,2022-03-12,CAMPAIGN123415,1899843,40528,310.3
Meta Ads,2022-03-13,CAMPAIGN123415,55050,1007,5.772
Meta Ads,2022-03-14,CAMPAIGN123372,3037312,67887,157.192
Meta Ads,2022-03-15,CAMPAIGN123372,2825834,66652,126.218
Meta Ads,2022-03-16,CAMPAIGN123372,110871,2478,3.39
Meta Ads,2022-03-17,CAMPAIGN123160,11131912,238301,5534.252001
Meta Ads,2022-03-18,CAMPAIGN123179,8993529,220717,1414.600001
Meta Ads,2022-03-19,CAMPAIGN124050,474290,3419,128.528
Meta Ads,2022-03-20,CAMPAIGN124050,237527,1995,82.9619998
Meta Ads,2022-03-21,CAMPAIGN124050,29572,49,3.366
Meta Ads,2022-03-22,CAMPAIGN124050,16507,105,4.838
Meta Ads,2022-03-23,CAMPAIGN124050,15489,56,2.342
Meta Ads,2022-03-24,CAMPAIGN124050,15362,42,2.436
Meta Ads,2022-03-25,CAMPAIGN124050,13637,32,1.486
Meta Ads,2022-03-26,CAMPAIGN124050,12567,75,3.488
Meta Ads,2022-03-27,CAMPAIGN124050,6041,19,0.996
Meta Ads,2022-03-28,CAMPAIGN124050,5082,46,1.582
Meta Ads,2022-03-29,CAMPAIGN123765,940846,9568,133.7640002
Meta Ads,2022-03-30,CAMPAIGN123765,481711,5620,82.446
Meta Ads,2022-03-31,CAMPAIGN123765,39828,460,8.05
Meta Ads,2022-04-01,CAMPAIGN123765,26633,292,4.57
Meta Ads,2022-04-02,CAMPAIGN123765,14926,166,2.856
Meta Ads,2022-04-03,CAMPAIGN123765,1068,24,0.434
Meta Ads,2022-04-04,CAMPAIGN123765,509,14,0.288
Meta Ads,2022-04-05,CAMPAIGN123765,318,8,0.106
Meta Ads,2022-04-06,CAMPAIGN123765,233,4,0.088
Meta Ads,2022-04-07,CAMPAIGN123765,71,1,0.028
Meta Ads,2022-04-08,CAMPAIGN124208,299361,3327,61.2760006
Meta Ads,2022-04-09,CAMPAIGN124208,141988,1473,31.2420002
Meta Ads,2022-04-10,CAMPAIGN124208,30612,272,6.9140006
Meta Ads,2022-04-11,CAMPAIGN124208,4247,54,1.1059998
Meta Ads,2022-04-12,CAMPAIGN124208,3757,59,0.896
Meta Ads,2022-04-13,CAMPAIGN124208,288,2,0.088
Meta Ads,2022-04-14,CAMPAIGN124208,257,0,0.04
Meta Ads,2022-04-15,CAMPAIGN124208,137,0,0.02
Meta Ads,2022-04-16,CAMPAIGN124208,135,0,0.036
Meta Ads,2022-04-17,CAMPAIGN124208,66,0,0.008
Meta Ads,2022-04-18,CAMPAIGN123282,4782326,23371,1456.999999
Meta Ads,2022-04-19,CAMPAIGN124263,246151,3099,69.112
Meta Ads,2022-04-20,CAMPAIGN124263,41074,421,13.1320004
Meta Ads,2022-04-21,CAMPAIGN124263,12814,51,2.908
Meta Ads,2022-04-22,CAMPAIGN124263,12488,152,4.158
Meta Ads,2022-04-23,CAMPAIGN124263,9609,80,2.8640006
Meta Ads,2022-04-24,CAMPAIGN124263,3663,27,1.1219998
Meta Ads,2022-04-25,CAMPAIGN124263,2965,23,0.778
Meta Ads,2022-04-26,CAMPAIGN124276,231108,3358,80.958
Meta Ads,2022-04-27,CAMPAIGN123216,6699335,156376,1687.444
Meta Ads,2022-04-28,CAMPAIGN123216,2862218,53498,712.5560002
Meta Ads,2022-04-29,CAMPAIGN124548,5382,17,2.248
Meta Ads,2022-04-30,CAMPAIGN124548,4851,27,1.91
Meta Ads,2022-05-01,CAMPAIGN124548,3548,5,1.346
Meta Ads,2022-05-02,CAMPAIGN124548,753,2,0.202
Meta Ads,2022-05-03,CAMPAIGN124548,728,5,0.226
Meta Ads,2022-05-04,CAMPAIGN124548,609,1,0.206
Meta Ads,2022-05-05,CAMPAIGN124548,493,1,0.128
Meta Ads,2022-05-06,CAMPAIGN124548,318,1,0.072
Meta Ads,2022-05-07,CAMPAIGN124371,138228,1057,17.484
Meta Ads,2022-05-08,CAMPAIGN124371,53992,448,7.03
Meta Ads,2022-05-09,CAMPAIGN124371,41645,318,4.292
Meta Ads,2022-05-10,CAMPAIGN124371,34612,245,4.388
Meta Ads,2022-05-11,CAMPAIGN124371,23488,159,2.536
Meta Ads,2022-05-12,CAMPAIGN124371,23108,186,2.568
Meta Ads,2022-05-13,CAMPAIGN124371,20275,140,2.496
Meta Ads,2022-05-14,CAMPAIGN124371,18611,106,1.882
Meta Ads,2022-05-15,CAMPAIGN124371,18488,134,2.4300002
Meta Ads,2022-05-16,CAMPAIGN124371,17294,103,2.1280002
Meta Ads,2022-05-17,CAMPAIGN124371,15801,110,1.864
Meta Ads,2022-05-18,CAMPAIGN124371,14837,114,1.6680002
Meta Ads,2022-05-19,CAMPAIGN124371,14669,89,1.746
Meta Ads,2022-05-20,CAMPAIGN124371,12139,96,1.388
Meta Ads,2022-05-21,CAMPAIGN124371,10718,65,1.188
Meta Ads,2022-05-22,CAMPAIGN124371,10073,59,1.232
Meta Ads,2022-05-23,CAMPAIGN124371,9475,62,1.106
Meta Ads,2022-05-24,CAMPAIGN124371,9411,62,1.048
Meta Ads,2022-05-25,CAMPAIGN124371,7921,65,0.922
Meta Ads,2022-05-26,CAMPAIGN124371,7673,44,0.828
Meta Ads,2022-05-27,CAMPAIGN124371,6659,35,0.698
Meta Ads,2022-05-28,CAMPAIGN124371,5786,52,0.638
Meta Ads,2022-05-29,CAMPAIGN124371,5240,30,0.414
Meta Ads,2022-05-30,CAMPAIGN124371,1564,3,0.156
Meta Ads,2022-05-31,CAMPAIGN123271,5025065,107236,1106.052
Meta Ads,2022-06-01,CAMPAIGN123271,2907368,57659,589.7759998
Meta Ads,2022-06-02,CAMPAIGN123271,1225382,22013,267.9199998
Meta Ads,2022-06-03,CAMPAIGN123271,994764,18297,195.9899996
Meta Ads,2022-06-04,CAMPAIGN123475,2091832,71,633.3860002
Meta Ads,2022-06-05,CAMPAIGN123475,1993663,45481,305.29
Meta Ads,2022-06-06,CAMPAIGN123475,1667217,33719,407.542
Meta Ads,2022-06-07,CAMPAIGN123475,997853,32714,202.5679998
Meta Ads,2022-06-08,CAMPAIGN123475,829249,43,275.0059998
Meta Ads,2022-06-09,CAMPAIGN123475,672424,32,204.488
Meta Ads,2022-06-10,CAMPAIGN123475,502095,13429,94.518
Meta Ads,2022-06-11,CAMPAIGN124539,10695,117,5.686
Meta Ads,2022-06-12,CAMPAIGN123789,882044,19889,139.592
Meta Ads,2022-06-13,CAMPAIGN123862,733056,32232,160.196
Meta Ads,2022-06-14,CAMPAIGN123412,2657820,34941,278.078
Meta Ads,2022-06-15,CAMPAIGN123412,1692273,19217,136.7860002
Meta Ads,2022-06-16,CAMPAIGN123412,892837,9671,75.1959998
Meta Ads,2022-06-17,CAMPAIGN123412,863810,11449,103.71
Meta Ads,2022-06-18,CAMPAIGN124428,99098,1594,151.9419998
Meta Ads,2022-06-19,CAMPAIGN124428,67392,1192,99.776
Meta Ads,2022-06-20,CAMPAIGN124428,57451,934,80.0219998
Meta Ads,2022-06-21,CAMPAIGN124428,43983,757,63.9219998
Meta Ads,2022-06-22,CAMPAIGN124428,21468,274,33.1919998
Meta Ads,2022-06-23,CAMPAIGN124428,2019,45,3.05
Meta Ads,2022-06-24,CAMPAIGN124428,1513,35,2.058
Meta Ads,2022-06-25,CAMPAIGN124428,1477,34,2.124
Meta Ads,2022-06-26,CAMPAIGN124428,1327,28,1.624
Meta Ads,2022-06-27,CAMPAIGN124402,117470,1922,179.2900002
Meta Ads,2022-06-28,CAMPAIGN124402,29813,444,43.34
Meta Ads,2022-06-29,CAMPAIGN124402,26834,378,39.89
Meta Ads,2022-06-30,CAMPAIGN124402,23741,328,36.744
Meta Ads,2022-07-01,CAMPAIGN124402,19810,247,29.61
Meta Ads,2022-07-02,CAMPAIGN124402,14925,197,23.214
Meta Ads,2022-07-03,CAMPAIGN124402,990,31,1.602
Meta Ads,2022-07-04,CAMPAIGN124402,946,22,1.558
Meta Ads,2022-07-05,CAMPAIGN124402,839,25,1.342
Meta Ads,2022-07-06,CAMPAIGN124402,768,24,1.232
Meta Ads,2022-07-07,CAMPAIGN124414,109666,2038,157.752
Meta Ads,2022-07-08,CAMPAIGN124414,89435,1745,133.196
Meta Ads,2022-07-09,CAMPAIGN124414,66212,1028,95.7979996
Meta Ads,2022-07-10,CAMPAIGN124414,46655,828,67.022
Meta Ads,2022-07-11,CAMPAIGN124414,21065,386,30.638
Meta Ads,2022-07-12,CAMPAIGN124414,13774,189,20.41
Meta Ads,2022-07-13,CAMPAIGN124414,1962,38,2.754
Meta Ads,2022-07-14,CAMPAIGN124414,1812,38,2.678
Meta Ads,2022-07-15,CAMPAIGN124414,1751,33,2.226
Meta Ads,2022-07-16,CAMPAIGN124299,209897,3426,330.4919998
Meta Ads,2022-07-17,CAMPAIGN124299,193970,2675,302.63
Meta Ads,2022-07-18,CAMPAIGN124299,140323,2289,214.8419998
Meta Ads,2022-07-19,CAMPAIGN124299,46756,579,73.2679998
Meta Ads,2022-07-20,CAMPAIGN124299,3569,94,4.018
Meta Ads,2022-07-21,CAMPAIGN124299,2850,77,3.99
Meta Ads,2022-07-22,CAMPAIGN124299,2236,48,3.314
Meta Ads,2022-07-23,CAMPAIGN124299,1561,47,1.844
Meta Ads,2022-07-24,CAMPAIGN124299,1485,45,2.034
Meta Ads,2022-07-25,CAMPAIGN124496,46343,698,70.638
Meta Ads,2022-07-26,CAMPAIGN124496,42772,543,64.4519998
Meta Ads,2022-07-27,CAMPAIGN124496,40962,309,65.42
Meta Ads,2022-07-28,CAMPAIGN124496,34969,495,52.814
Meta Ads,2022-07-29,CAMPAIGN124496,26597,391,39.4879998
Meta Ads,2022-07-30,CAMPAIGN124496,4230,93,1.966
Meta Ads,2022-07-31,CAMPAIGN124496,2249,45,1.808
Meta Ads,2022-08-01,CAMPAIGN124496,1267,30,1.264
Meta Ads,2022-08-02,CAMPAIGN124496,1082,24,0.774
Meta Ads,2022-08-03,CAMPAIGN124467,70617,1269,102.044
Meta Ads,2022-08-04,CAMPAIGN124467,44080,766,61.294
Meta Ads,2022-08-05,CAMPAIGN124467,43560,725,63.056
Meta Ads,2022-08-06,CAMPAIGN124467,23404,261,33.244
Meta Ads,2022-08-07,CAMPAIGN124467,19707,256,27.006
Meta Ads,2022-08-08,CAMPAIGN124467,1587,48,1.338
Meta Ads,2022-08-09,CAMPAIGN124467,1135,18,1.522
Meta Ads,2022-08-10,CAMPAIGN124467,1089,26,1.018
Meta Ads,2022-08-11,CAMPAIGN124467,818,25,0.728
Meta Ads,2022-08-12,CAMPAIGN124358,152461,2715,223.314
Meta Ads,2022-08-13,CAMPAIGN124358,70649,922,99.5160002
Meta Ads,2022-08-14,CAMPAIGN124358,66115,823,98.6620002
Meta Ads,2022-08-15,CAMPAIGN124358,50335,685,75.0860002
Meta Ads,2022-08-16,CAMPAIGN124358,41521,600,59.9640004
Meta Ads,2022-08-17,CAMPAIGN124358,1758,44,2.432
Meta Ads,2022-08-18,CAMPAIGN124358,1583,37,2.398
Meta Ads,2022-08-19,CAMPAIGN124358,1569,41,2.408
Meta Ads,2022-08-20,CAMPAIGN123925,634805,6545,97.968
Meta Ads,2022-08-21,CAMPAIGN123900,674526,6453,97.98
Meta Ads,2022-08-22,CAMPAIGN123978,562555,5587,97.94
Meta Ads,2022-08-23,CAMPAIGN123980,562004,5128,97.974
Meta Ads,2022-08-24,CAMPAIGN123688,1193791,27716,99.28
Meta Ads,2022-08-25,CAMPAIGN123688,70479,2413,8.72
Meta Ads,2022-08-26,CAMPAIGN124401,117837,1561,28.194
Meta Ads,2022-08-27,CAMPAIGN124401,4098,45,0.774
Meta Ads,2022-08-28,CAMPAIGN124386,129838,1590,26.822
Meta Ads,2022-08-29,CAMPAIGN124386,4150,37,0.546
Meta Ads,2022-08-30,CAMPAIGN124022,510527,6475,101.53
Meta Ads,2022-08-31,CAMPAIGN124022,12516,134,2.456
Meta Ads,2022-09-01,CAMPAIGN124433,92898,1154,20.0
Meta Ads,2022-09-02,CAMPAIGN124433,3403,29,0.356
Meta Ads,2022-09-03,CAMPAIGN124380,135517,1685,28.866
Meta Ads,2022-09-04,CAMPAIGN124380,4340,35,0.72
Meta Ads,2022-09-05,CAMPAIGN124355,152822,1959,29.108
Meta Ads,2022-09-06,CAMPAIGN124355,2485,22,0.488
Meta Ads,2022-09-07,CAMPAIGN124476,63953,894,15.474
Meta Ads,2022-09-08,CAMPAIGN124476,2234,23,0.278
Meta Ads,2022-09-09,CAMPAIGN124257,253931,2810,54.992
Meta Ads,2022-09-10,CAMPAIGN124257,6445,55,0.98
Meta Ads,2022-09-11,CAMPAIGN124335,172498,1750,29.278
Meta Ads,2022-09-12,CAMPAIGN124335,2324,25,0.708
Meta Ads,2022-09-13,CAMPAIGN124265,245948,2770,54.556
Meta Ads,2022-09-14,CAMPAIGN124265,8265,64,1.408
Meta Ads,2022-09-15,CAMPAIGN124352,156703,1884,38.162
Meta Ads,2022-09-16,CAMPAIGN124352,4188,28,0.62
Meta Ads,2022-09-17,CAMPAIGN124284,220350,2457,50.158
Meta Ads,2022-09-18,CAMPAIGN124284,6818,68,1.606
Meta Ads,2022-09-19,CAMPAIGN123786,890699,9725,195.132
Meta Ads,2022-09-20,CAMPAIGN123786,19364,139,3.24
Meta Ads,2022-09-21,CAMPAIGN124260,252013,2849,54.97
Meta Ads,2022-09-22,CAMPAIGN124260,4919,45,0.97
Meta Ads,2022-09-23,CAMPAIGN124222,288738,1942,65.33
Meta Ads,2022-09-24,CAMPAIGN124222,19334,104,4.392
Meta Ads,2022-09-25,CAMPAIGN124303,206227,1425,46.336
Meta Ads,2022-09-26,CAMPAIGN124303,9177,51,1.85
Meta Ads,2022-09-27,CAMPAIGN123741,1019386,7007,236.218
Meta Ads,2022-09-28,CAMPAIGN123741,53906,289,10.534
Meta Ads,2022-09-29,CAMPAIGN124264,245983,1848,61.77
Meta Ads,2022-09-30,CAMPAIGN124264,12531,67,2.606
Meta Ads,2022-10-01,CAMPAIGN124209,297739,2036,67.334
Meta Ads,2022-10-02,CAMPAIGN124209,10408,66,2.446
Meta Ads,2022-10-03,CAMPAIGN124228,283754,1946,67.026
Meta Ads,2022-10-04,CAMPAIGN124228,13300,70,2.706
Meta Ads,2022-10-05,CAMPAIGN124360,151984,1052,35.886
Meta Ads,2022-10-06,CAMPAIGN124360,8576,38,1.64
Meta Ads,2022-10-07,CAMPAIGN123778,904160,10638,162.084
Meta Ads,2022-10-08,CAMPAIGN123778,52034,565,9.904
Meta Ads,2022-10-09,CAMPAIGN123671,1234623,14885,231.432
Meta Ads,2022-10-10,CAMPAIGN123671,112859,1071,18.55
Meta Ads,2022-10-11,CAMPAIGN123661,1299311,15017,220.662
Meta Ads,2022-10-12,CAMPAIGN123661,62529,591,10.246
Meta Ads,2022-10-13,CAMPAIGN123654,1317031,15670,231.9919998
Meta Ads,2022-10-14,CAMPAIGN123654,109711,1056,17.96
Meta Ads,2022-10-15,CAMPAIGN123260,5245567,56237,840.004
Meta Ads,2022-10-16,CAMPAIGN123260,268528,2649,44.996
Meta Ads,2022-10-17,CAMPAIGN123581,1614132,14097,249.9359998
Meta Ads,2022-10-18,CAMPAIGN123899,676132,8164,128.226
Meta Ads,2022-10-19,CAMPAIGN123899,38193,371,6.57
Meta Ads,2022-10-20,CAMPAIGN124187,322166,3630,68.324
Meta Ads,2022-10-21,CAMPAIGN124187,17971,181,3.648
Meta Ads,2022-10-22,CAMPAIGN124109,412915,4917,92.54
Meta Ads,2022-10-23,CAMPAIGN124109,18875,192,3.456
Meta Ads,2022-10-24,CAMPAIGN124016,523585,5558,97.992
Meta Ads,2022-10-25,CAMPAIGN124016,27064,296,5.986
Meta Ads,2022-10-26,CAMPAIGN124044,478291,5441,99.186
Meta Ads,2022-10-27,CAMPAIGN124044,22910,248,4.784
Meta Ads,2022-10-28,CAMPAIGN124118,399714,4561,89.816
Meta Ads,2022-10-29,CAMPAIGN124118,89461,817,14.14
Meta Ads,2022-10-30,CAMPAIGN124253,257184,2972,53.348
Meta Ads,2022-10-31,CAMPAIGN124253,11610,132,2.648
Meta Ads,2022-11-01,CAMPAIGN123549,1760328,19028,353.854
Meta Ads,2022-11-02,CAMPAIGN123549,64892,718,14.092
Meta Ads,2022-11-03,CAMPAIGN123249,5603500,67697,862.7059998
Meta Ads,2022-11-04,CAMPAIGN123249,1055234,9627,123.086
Meta Ads,2022-11-05,CAMPAIGN123226,6465230,72444,892.784
Meta Ads,2022-11-06,CAMPAIGN123226,726082,7118,93.0
Meta Ads,2022-11-07,CAMPAIGN123140,18718944,233455,3023.736
Meta Ads,2022-11-08,CAMPAIGN123140,3720678,35748,464.264
Meta Ads,2022-11-09,CAMPAIGN123371,3038921,37507,476.2559998
Meta Ads,2022-11-10,CAMPAIGN123371,407738,4126,54.144
Meta Ads,2022-11-11,CAMPAIGN123292,4513579,51297,630.6500002
Meta Ads,2022-11-12,CAMPAIGN123292,383999,3826,51.35
Meta Ads,2022-11-13,CAMPAIGN123262,5217028,63279,806.094
Meta Ads,2022-11-14,CAMPAIGN123262,772674,7794,103.846
Meta Ads,2022-11-15,CAMPAIGN123236,6062772,71057,894.2639998
Meta Ads,2022-11-16,CAMPAIGN123236,737441,7121,91.532
Meta Ads,2022-11-17,CAMPAIGN123687,1194388,64773,261.55
Meta Ads,2022-11-18,CAMPAIGN123687,183326,8754,42.828
Meta Ads,2022-11-19,CAMPAIGN123687,104325,5553,27.636
Meta Ads,2022-11-20,CAMPAIGN123687,38622,1367,6.32
Meta Ads,2022-11-21,CAMPAIGN123687,18672,925,4.298
Meta Ads,2022-11-22,CAMPAIGN123687,5492,211,0.996
Meta Ads,2022-11-23,CAMPAIGN123687,4322,332,1.48
Meta Ads,2022-11-24,CAMPAIGN123687,2204,88,0.46
Meta Ads,2022-11-25,CAMPAIGN123687,808,30,0.112
Meta Ads,2022-11-26,CAMPAIGN123687,526,13,0.044
Meta Ads,2022-11-27,CAMPAIGN123687,191,12,0.068
Meta Ads,2022-11-28,CAMPAIGN123687,20,2,0.0
Meta Ads,2022-11-29,CAMPAIGN123413,2653330,104278,415.9779992
Meta Ads,2022-11-30,CAMPAIGN123413,687003,26486,118.17
Meta Ads,2022-12-01,CAMPAIGN123413,208586,9651,42.456
Meta Ads,2022-12-02,CAMPAIGN123413,166164,6357,27.692
Meta Ads,2022-12-03,CAMPAIGN123413,32860,1797,7.95
Meta Ads,2022-12-04,CAMPAIGN123413,21029,1446,6.764
Meta Ads,2022-12-05,CAMPAIGN123413,15718,504,1.968
Meta Ads,2022-12-06,CAMPAIGN123413,4877,125,0.492
Meta Ads,2022-12-07,CAMPAIGN123413,1885,51,0.216
Meta Ads,2022-12-08,CAMPAIGN123413,1577,18,0.034
Meta Ads,2022-12-09,CAMPAIGN123413,1274,78,0.28
Meta Ads,2022-12-10,CAMPAIGN123413,24,2,0.0
Meta Ads,2022-12-11,CAMPAIGN123507,1956568,28249,399.738
Meta Ads,2022-12-12,CAMPAIGN123507,812337,11605,165.7420002
Meta Ads,2022-12-13,CAMPAIGN123507,374476,4577,63.9199996
Meta Ads,2022-12-14,CAMPAIGN123705,1137903,24174,273.27
Meta Ads,2022-12-15,CAMPAIGN123705,593065,11336,128.1299996
Meta Ads,2022-12-16,CAMPAIGN123462,2182485,29703,792.6739992
Meta Ads,2022-12-17,CAMPAIGN123462,892546,17238,402.4539996
Meta Ads,2022-12-18,CAMPAIGN123462,749573,10030,253.1459996
Meta Ads,2022-12-19,CAMPAIGN123462,344304,4758,118.5260008
Meta Ads,2022-12-20,CAMPAIGN123275,4891261,140797,972.0880002
Meta Ads,2022-12-21,CAMPAIGN123275,2709171,92605,568.7580002
Meta Ads,2022-12-22,CAMPAIGN123275,63016,958,19.354
Meta Ads,2022-12-23,CAMPAIGN123312,4159487,75925,909.844
Meta Ads,2022-12-24,CAMPAIGN123312,1216165,25546,311.932
Meta Ads,2022-12-25,CAMPAIGN123312,80695,758,30.296
Meta Ads,2022-12-26,CAMPAIGN123312,26491,362,11.7280002
Meta Ads,2022-12-27,CAMPAIGN123607,1481142,27324,416.8860004
Meta Ads,2022-12-28,CAMPAIGN123607,1136254,21299,340.4160002
Meta Ads,2022-12-29,CAMPAIGN123607,540360,13582,209.07
Meta Ads,2022-12-30,CAMPAIGN123607,223814,4876,70.69
Meta Ads,2022-12-31,CAMPAIGN123607,46132,1320,18.252
Meta Ads,2022-01-01,CAMPAIGN123407,2723984,7230,408.3359996
Meta Ads,2022-01-02,CAMPAIGN123407,845240,7152,120.9499994
Meta Ads,2022-01-03,CAMPAIGN123407,576410,13715,234.1080006
Meta Ads,2022-01-04,CAMPAIGN123407,144747,3744,56.5920002
Meta Ads,2022-01-05,CAMPAIGN123601,1528276,31798,635.7639996
Meta Ads,2022-01-06,CAMPAIGN123601,1173169,23228,501.788
Meta Ads,2022-01-07,CAMPAIGN123601,510179,10607,166.7579998
Meta Ads,2022-01-08,CAMPAIGN123601,492758,13921,311.3480004
Meta Ads,2022-01-09,CAMPAIGN123601,55867,1717,35.252
Meta Ads,2022-01-10,CAMPAIGN123198,7230193,159218,1896.887999
Meta Ads,2022-01-11,CAMPAIGN123198,1339689,34729,191.312
Meta Ads,2022-01-12,CAMPAIGN123890,692502,6915,108.0000002
Meta Ads,2022-01-13,CAMPAIGN124381,133892,2398,24.15
Meta Ads,2022-01-14,CAMPAIGN124381,7621,65,1.506
Meta Ads,2022-01-15,CAMPAIGN123893,688989,9470,102.78
Meta Ads,2022-01-16,CAMPAIGN124482,59262,1995,10.8360002
Meta Ads,2022-01-17,CAMPAIGN124482,14330,565,4.22
Meta Ads,2022-01-18,CAMPAIGN124482,638,13,0.134
Meta Ads,2022-01-19,CAMPAIGN124147,357828,8543,59.91
Meta Ads,2022-01-20,CAMPAIGN124147,466,4,0.084
Meta Ads,2022-01-21,CAMPAIGN123845,753938,7534,107.976
Meta Ads,2022-01-22,CAMPAIGN124382,133458,2614,25.2359998
Meta Ads,2022-01-23,CAMPAIGN124382,2678,43,0.538
Meta Ads,2022-01-24,CAMPAIGN124098,423369,7549,83.192
Meta Ads,2022-01-25,CAMPAIGN124098,102514,1481,15.4739998
Meta Ads,2022-01-26,CAMPAIGN124098,22831,454,4.1299998
Meta Ads,2022-01-27,CAMPAIGN124489,50383,1157,9.444
Meta Ads,2022-01-28,CAMPAIGN124489,21505,595,4.4060002
Meta Ads,2022-01-29,CAMPAIGN124489,3465,56,0.522
Meta Ads,2022-01-30,CAMPAIGN124116,401951,5571,59.7
Meta Ads,2022-01-31,CAMPAIGN124116,1038,29,0.268
Meta Ads,2022-02-01,CAMPAIGN124102,417249,3865,77.954
Meta Ads,2022-02-02,CAMPAIGN124102,175573,1561,30.038
Meta Ads,2022-02-03,CAMPAIGN124397,121897,2335,25.3840004
Meta Ads,2022-02-04,CAMPAIGN124397,752,27,0.182
Meta Ads,2022-02-05,CAMPAIGN124515,26408,1578,6.628
Meta Ads,2022-02-06,CAMPAIGN124515,1513,35,0.4
Meta Ads,2022-02-07,CAMPAIGN124161,345470,8988,59.9920006
Meta Ads,2022-02-08,CAMPAIGN123930,626653,5330,107.94
Meta Ads,2022-02-09,CAMPAIGN124394,125004,1830,25.8000002
Meta Ads,2022-02-10,CAMPAIGN124003,538924,7548,97.7720006
Meta Ads,2022-02-11,CAMPAIGN124003,19641,627,5.0040002
Meta Ads,2022-02-12,CAMPAIGN124486,56035,858,9.75
Meta Ads,2022-02-13,CAMPAIGN124486,30407,1722,6.5440002
Meta Ads,2022-02-14,CAMPAIGN124486,267,5,0.066
Meta Ads,2022-02-15,CAMPAIGN124152,350905,3475,59.9999998
Meta Ads,2022-02-16,CAMPAIGN123963,575124,7039,108.8179998
Meta Ads,2022-02-17,CAMPAIGN123823,801199,23243,96.9399998
Meta Ads,2022-02-18,CAMPAIGN123823,771438,27369,115.86
Meta Ads,2022-02-19,CAMPAIGN124121,396750,9078,50.6280002
Meta Ads,2022-02-20,CAMPAIGN124121,189021,4246,15.448
Meta Ads,2022-02-21,CAMPAIGN124121,8489,190,0.618
Meta Ads,2022-02-22,CAMPAIGN124121,6128,147,0.694
Meta Ads,2022-02-23,CAMPAIGN124121,5372,145,0.714
Meta Ads,2022-02-24,CAMPAIGN124121,1023,28,0.098
Meta Ads,2022-02-25,CAMPAIGN124169,340213,7529,39.9899998
Meta Ads,2022-02-26,CAMPAIGN124169,324672,6774,36.2239998
Meta Ads,2022-02-27,CAMPAIGN124169,167688,3523,18.36
Meta Ads,2022-02-28,CAMPAIGN124169,138276,2605,16.5979998
Meta Ads,2022-03-01,CAMPAIGN124169,106146,2408,12.436
Meta Ads,2022-03-02,CAMPAIGN124169,38772,883,4.192
Meta Ads,2022-03-03,CAMPAIGN124196,308492,5847,66.2019998
Meta Ads,2022-03-04,CAMPAIGN124196,109141,1788,22.972
Meta Ads,2022-03-05,CAMPAIGN124196,102887,1637,21.618
Meta Ads,2022-03-06,CAMPAIGN124196,58959,1099,12.126
Meta Ads,2022-03-07,CAMPAIGN124196,28126,470,5.8800002
Meta Ads,2022-03-08,CAMPAIGN124196,27475,518,5.422
Meta Ads,2022-03-09,CAMPAIGN124196,25861,396,5.162
Meta Ads,2022-03-10,CAMPAIGN124196,19114,295,3.616
Meta Ads,2022-03-11,CAMPAIGN123588,1571460,11728,493.0680002
Meta Ads,2022-03-12,CAMPAIGN123588,907931,6196,262.538
Meta Ads,2022-03-13,CAMPAIGN123588,664246,6810,297.548
Meta Ads,2022-03-14,CAMPAIGN123588,599172,5626,237.166
Meta Ads,2022-03-15,CAMPAIGN123529,1848892,1088,115.782
Meta Ads,2022-03-16,CAMPAIGN123529,1832588,5464,86.446
Meta Ads,2022-03-17,CAMPAIGN123529,1494789,4046,73.454
Meta Ads,2022-03-18,CAMPAIGN123529,1457940,3411,74.598
Meta Ads,2022-03-19,CAMPAIGN123529,1143229,928,74.176
Meta Ads,2022-03-20,CAMPAIGN123529,1106461,1103,66.31
Meta Ads,2022-03-21,CAMPAIGN123529,1003847,569,58.874
Meta Ads,2022-03-22,CAMPAIGN123529,984960,1856,49.58
Meta Ads,2022-03-23,CAMPAIGN123529,895358,1755,48.606
Meta Ads,2022-03-24,CAMPAIGN123529,792384,1599,45.2020002
Meta Ads,2022-03-25,CAMPAIGN123529,677515,1088,36.766
Meta Ads,2022-03-26,CAMPAIGN123529,340688,428,22.97
Meta Ads,2022-03-27,CAMPAIGN123529,93525,119,5.894
Meta Ads,2022-03-28,CAMPAIGN123529,75209,81,5.104
Meta Ads,2022-03-29,CAMPAIGN123529,65444,176,4.708
Meta Ads,2022-03-30,CAMPAIGN123529,61643,104,4.538
Meta Ads,2022-03-31,CAMPAIGN123529,51490,115,4.24
Meta Ads,2022-04-01,CAMPAIGN123529,40940,84,3.752
Meta Ads,2022-04-02,CAMPAIGN123641,1349225,23806,335.278
Meta Ads,2022-04-03,CAMPAIGN124067,459545,18989,127.528
Meta Ads,2022-04-04,CAMPAIGN124067,203006,8621,62.45
Meta Ads,2022-04-05,CAMPAIGN124048,475936,32753,112.372
Meta Ads,2022-04-06,CAMPAIGN124048,356667,22941,78.626
Meta Ads,2022-04-07,CAMPAIGN124038,484908,20584,107.748
Meta Ads,2022-04-08,CAMPAIGN124038,286533,15064,84.248
Meta Ads,2022-04-09,CAMPAIGN123381,2943794,8049,182.658
Meta Ads,2022-04-10,CAMPAIGN123381,2577388,4912,161.1740002
Meta Ads,2022-04-11,CAMPAIGN123381,2339349,5983,144.752
Meta Ads,2022-04-12,CAMPAIGN123381,1604717,2053,103.856
Meta Ads,2022-04-13,CAMPAIGN123381,1558054,2860,96.9999998
Meta Ads,2022-04-14,CAMPAIGN123381,1331763,2018,87.9
Meta Ads,2022-04-15,CAMPAIGN123381,55908,50,3.788
Meta Ads,2022-04-16,CAMPAIGN123381,52195,48,2.96
Meta Ads,2022-04-17,CAMPAIGN123381,51255,70,3.036
Meta Ads,2022-04-18,CAMPAIGN124520,21399,393,32.418
Meta Ads,2022-04-19,CAMPAIGN124520,19337,410,28.604
Meta Ads,2022-04-20,CAMPAIGN124520,8363,160,11.994
Meta Ads,2022-04-21,CAMPAIGN124520,6739,118,10.686
Meta Ads,2022-04-22,CAMPAIGN124520,5633,110,8.254
Meta Ads,2022-04-23,CAMPAIGN124405,116459,1524,29.534
Meta Ads,2022-04-24,CAMPAIGN124405,107764,1327,28.262
Meta Ads,2022-04-25,CAMPAIGN124405,39536,511,10.114
Meta Ads,2022-04-26,CAMPAIGN124405,10294,176,3.106
Meta Ads,2022-04-27,CAMPAIGN124405,2348,47,0.618
Meta Ads,2022-04-28,CAMPAIGN124405,1516,33,0.432
Meta Ads,2022-04-29,CAMPAIGN124405,1464,29,0.4
Meta Ads,2022-04-30,CAMPAIGN124405,483,8,0.126
Meta Ads,2022-05-01,CAMPAIGN124165,343459,5236,44.974
Meta Ads,2022-05-02,CAMPAIGN124165,141982,2112,18.344
Meta Ads,2022-05-03,CAMPAIGN124165,10985,255,1.544
Meta Ads,2022-05-04,CAMPAIGN124165,4835,80,0.706
Meta Ads,2022-05-05,CAMPAIGN124165,2841,49,0.4
Meta Ads,2022-05-06,CAMPAIGN124165,2671,65,0.362
Meta Ads,2022-05-07,CAMPAIGN123251,5549702,15662,357.236
Meta Ads,2022-05-08,CAMPAIGN123251,3510977,7228,228.3519998
Meta Ads,2022-05-09,CAMPAIGN123251,3504335,10067,208.092
Meta Ads,2022-05-10,CAMPAIGN123251,3129889,8574,215.164
Meta Ads,2022-05-11,CAMPAIGN123251,2211313,4415,159.8959994
Meta Ads,2022-05-12,CAMPAIGN123251,1144941,990,81.3940002
Meta Ads,2022-05-13,CAMPAIGN123251,1130967,1084,76.658
Meta Ads,2022-05-14,CAMPAIGN123251,951603,2068,59.4160002
Meta Ads,2022-05-15,CAMPAIGN123251,816373,815,55.254
Meta Ads,2022-05-16,CAMPAIGN123251,485248,660,34.62
Meta Ads,2022-05-17,CAMPAIGN123251,432355,665,30.646
Meta Ads,2022-05-18,CAMPAIGN123251,386898,569,27.978
Meta Ads,2022-05-19,CAMPAIGN123251,142058,258,14.616
Meta Ads,2022-05-20,CAMPAIGN123251,121091,211,13.4
Meta Ads,2022-05-21,CAMPAIGN123251,100471,181,9.112
Meta Ads,2022-05-22,CAMPAIGN123251,91732,105,8.512
Meta Ads,2022-05-23,CAMPAIGN123251,75458,187,8.114
Meta Ads,2022-05-24,CAMPAIGN123251,41960,72,5.74
Meta Ads,2022-05-25,CAMPAIGN123400,2800072,1821,255.7200002
Meta Ads,2022-05-26,CAMPAIGN123400,2104505,981,160.5280002
Meta Ads,2022-05-27,CAMPAIGN123400,1801480,1052,177.4719998
Meta Ads,2022-05-28,CAMPAIGN123400,1454592,3118,104.7980004
Meta Ads,2022-05-29,CAMPAIGN123400,1354769,1587,98.6119996
Meta Ads,2022-05-30,CAMPAIGN123400,1318767,570,117.7879998
Meta Ads,2022-05-31,CAMPAIGN123400,1272762,1608,93.17
Meta Ads,2022-06-01,CAMPAIGN123400,1024144,1497,79.504
Meta Ads,2022-06-02,CAMPAIGN123400,905893,1815,65.514
Meta Ads,2022-06-03,CAMPAIGN123400,858413,604,78.896
Meta Ads,2022-06-04,CAMPAIGN123400,759241,1421,58.296
Meta Ads,2022-06-05,CAMPAIGN123400,716050,1495,51.664
Meta Ads,2022-06-06,CAMPAIGN123400,309916,444,26.982
Meta Ads,2022-06-07,CAMPAIGN123400,213454,335,17.862
Meta Ads,2022-06-08,CAMPAIGN123400,162757,215,14.568
Meta Ads,2022-06-09,CAMPAIGN123400,159609,250,13.826
Meta Ads,2022-06-10,CAMPAIGN123400,156884,91,11.804
Meta Ads,2022-06-11,CAMPAIGN123400,111289,84,9.008
Meta Ads,2022-06-12,CAMPAIGN123400,58265,132,5.928
Meta Ads,2022-06-13,CAMPAIGN123400,53639,77,8.072
Meta Ads,2022-06-14,CAMPAIGN123400,47590,53,5.314
Meta Ads,2022-06-15,CAMPAIGN123400,42734,90,4.78
Meta Ads,2022-06-16,CAMPAIGN123400,17565,32,3.294
Meta Ads,2022-06-17,CAMPAIGN123728,1050915,13028,328.6339998
Meta Ads,2022-06-18,CAMPAIGN123247,5666479,122270,1028.8
Meta Ads,2022-06-19,CAMPAIGN124507,36058,730,2.8760002
Meta Ads,2022-06-20,CAMPAIGN124181,331243,6366,38.9939998
Meta Ads,2022-06-21,CAMPAIGN124181,72966,5085,17.43
Meta Ads,2022-06-22,CAMPAIGN124181,2967,250,0.776
Meta Ads,2022-06-23,CAMPAIGN124062,466179,5384,42.592
Meta Ads,2022-06-24,CAMPAIGN124062,283060,4102,32.496
Meta Ads,2022-06-25,CAMPAIGN124062,209427,2774,23.068
Meta Ads,2022-06-26,CAMPAIGN124062,174931,2769,21.884
Meta Ads,2022-06-27,CAMPAIGN124062,106646,1381,10.98
Meta Ads,2022-06-28,CAMPAIGN124062,77151,1197,10.376
Meta Ads,2022-06-29,CAMPAIGN123464,2166804,42199,324.4999998
Meta Ads,2022-06-30,CAMPAIGN123464,129895,2005,15.5
Meta Ads,2022-07-01,CAMPAIGN123349,3366736,85579,389.9400004
Meta Ads,2022-07-02,CAMPAIGN123349,1870232,44932,246.164
Meta Ads,2022-07-03,CAMPAIGN123349,665127,21989,85.296
Meta Ads,2022-07-04,CAMPAIGN124233,275428,3967,28.292
Meta Ads,2022-07-05,CAMPAIGN124233,235624,3781,17.7079998
Meta Ads,2022-07-06,CAMPAIGN123606,1484365,21133,270.77
Meta Ads,2022-07-07,CAMPAIGN123606,1285162,14547,173.03
Meta Ads,2022-07-08,CAMPAIGN123606,356916,4371,50.5660002
Meta Ads,2022-07-09,CAMPAIGN123606,334747,3139,36.1819998
Meta Ads,2022-07-10,CAMPAIGN123606,293206,4202,52.632
Meta Ads,2022-07-11,CAMPAIGN123606,120548,9615,26.63
Meta Ads,2022-07-12,CAMPAIGN123606,72440,963,11.078
Meta Ads,2022-07-13,CAMPAIGN123606,62690,1645,20.568
Meta Ads,2022-07-14,CAMPAIGN123606,52420,3754,10.014
Meta Ads,2022-07-15,CAMPAIGN123606,43250,1025,9.866
Meta Ads,2022-07-16,CAMPAIGN123606,27617,1980,5.698
Meta Ads,2022-07-17,CAMPAIGN123606,26124,849,5.634
Meta Ads,2022-07-18,CAMPAIGN123606,15804,1480,2.868
Meta Ads,2022-07-19,CAMPAIGN123606,11400,325,2.198
Meta Ads,2022-07-20,CAMPAIGN123606,9792,222,2.744
Meta Ads,2022-07-21,CAMPAIGN123606,7264,496,1.364
Meta Ads,2022-07-22,CAMPAIGN123606,7167,568,0.994
Meta Ads,2022-07-23,CAMPAIGN123606,5990,388,0.87
Meta Ads,2022-07-24,CAMPAIGN123606,5332,576,1.752
Meta Ads,2022-07-25,CAMPAIGN123606,4656,108,0.948
Meta Ads,2022-07-26,CAMPAIGN123606,3412,70,0.436
Meta Ads,2022-07-27,CAMPAIGN123606,2710,53,0.47
Meta Ads,2022-07-28,CAMPAIGN123606,1847,123,0.274
Meta Ads,2022-07-29,CAMPAIGN123606,1357,112,0.336
Meta Ads,2022-07-30,CAMPAIGN123606,938,89,0.24
Meta Ads,2022-07-31,CAMPAIGN123606,937,51,0.346
Meta Ads,2022-08-01,CAMPAIGN123606,900,125,0.236
Meta Ads,2022-08-02,CAMPAIGN123606,602,9,0.052
Meta Ads,2022-08-03,CAMPAIGN123606,406,11,0.03
Meta Ads,2022-08-04,CAMPAIGN123606,290,11,0.078
Meta Ads,2022-08-05,CAMPAIGN123606,174,2,0.006
Meta Ads,2022-08-06,CAMPAIGN123606,168,6,0.024
Meta Ads,2022-08-07,CAMPAIGN123606,93,2,0.008
Meta Ads,2022-08-08,CAMPAIGN123606,76,7,0.018
Meta Ads,2022-08-09,CAMPAIGN123606,54,2,0.002
Meta Ads,2022-08-10,CAMPAIGN123606,37,0,0.002
Meta Ads,2022-08-11,CAMPAIGN123606,17,0,0.0
Meta Ads,2022-08-12,CAMPAIGN123606,5,0,0.0
Meta Ads,2022-08-13,CAMPAIGN123606,3,0,0.0
Meta Ads,2022-08-14,CAMPAIGN123606,3,0,0.0
Meta Ads,2022-08-15,CAMPAIGN123606,2,0,0.0
Meta Ads,2022-08-16,CAMPAIGN123606,1,2,0.0
Meta Ads,2022-08-17,CAMPAIGN123606,1,0,0.0
Meta Ads,2022-08-18,CAMPAIGN123456,2225646,142119,523.9379998
Meta Ads,2022-08-19,CAMPAIGN123456,1046583,21869,288.0800002
Meta Ads,2022-08-20,CAMPAIGN123456,1031818,15525,178.608
Meta Ads,2022-08-21,CAMPAIGN123456,368938,12159,86.598
Meta Ads,2022-08-22,CAMPAIGN123456,352116,5881,75.6920002
Meta Ads,2022-08-23,CAMPAIGN123456,284368,3394,39.664
Meta Ads,2022-08-24,CAMPAIGN123456,242094,5066,61.984
Meta Ads,2022-08-25,CAMPAIGN123456,228003,8496,49.396
Meta Ads,2022-08-26,CAMPAIGN123456,170430,10567,39.008
Meta Ads,2022-08-27,CAMPAIGN123456,159546,7576,24.182
Meta Ads,2022-08-28,CAMPAIGN123456,114887,8285,24.868
Meta Ads,2022-08-29,CAMPAIGN123456,78833,1426,17.1140002
Meta Ads,2022-08-30,CAMPAIGN123456,34745,1238,16.014
Meta Ads,2022-08-31,CAMPAIGN123456,16184,357,1.824
Meta Ads,2022-09-01,CAMPAIGN123456,13213,398,3.674
Meta Ads,2022-09-02,CAMPAIGN123456,5192,202,1.254
Meta Ads,2022-09-03,CAMPAIGN123456,4218,151,1.546
Meta Ads,2022-09-04,CAMPAIGN123456,703,25,0.23
Meta Ads,2022-09-05,CAMPAIGN123456,234,9,0.022
Meta Ads,2022-09-06,CAMPAIGN123456,101,2,0.002
Meta Ads,2022-09-07,CAMPAIGN123456,57,2,0.0
Meta Ads,2022-09-08,CAMPAIGN123456,14,0,0.0
Meta Ads,2022-09-09,CAMPAIGN123456,5,0,0.0
Meta Ads,2022-09-10,CAMPAIGN123456,3,0,0.0
Meta Ads,2022-09-11,CAMPAIGN123296,4422827,276970,929.5259998
Meta Ads,2022-09-12,CAMPAIGN123296,3261177,91418,646.3979998
Meta Ads,2022-09-13,CAMPAIGN123296,1290412,26160,177.5859998
Meta Ads,2022-09-14,CAMPAIGN123296,943871,23763,177.5819998
Meta Ads,2022-09-15,CAMPAIGN123296,729702,30690,163.79
Meta Ads,2022-09-16,CAMPAIGN123296,708400,12445,82.7880006
Meta Ads,2022-09-17,CAMPAIGN123296,591085,28239,142.178
Meta Ads,2022-09-18,CAMPAIGN123296,437405,25179,51.56
Meta Ads,2022-09-19,CAMPAIGN123296,189524,5173,34.0320002
Meta Ads,2022-09-20,CAMPAIGN123296,116412,7134,20.988
Meta Ads,2022-09-21,CAMPAIGN123296,111712,2807,19.124
Meta Ads,2022-09-22,CAMPAIGN123296,100047,4390,31.55
Meta Ads,2022-09-23,CAMPAIGN123296,94259,6996,17.366
Meta Ads,2022-09-24,CAMPAIGN123296,37511,1370,8.86
Meta Ads,2022-09-25,CAMPAIGN123296,21178,491,2.338
Meta Ads,2022-09-26,CAMPAIGN123296,5962,352,2.264
Meta Ads,2022-09-27,CAMPAIGN123296,3798,239,0.88
Meta Ads,2022-09-28,CAMPAIGN123296,2131,59,0.738
Meta Ads,2022-09-29,CAMPAIGN123296,333,16,0.07
Meta Ads,2022-09-30,CAMPAIGN123296,163,5,0.006
Meta Ads,2022-10-01,CAMPAIGN123296,146,1,0.008
Meta Ads,2022-10-02,CAMPAIGN123296,40,2,0.002
Meta Ads,2022-10-03,CAMPAIGN123296,38,5,0.006
Meta Ads,2022-10-04,CAMPAIGN123296,27,1,0.002
Meta Ads,2022-10-05,CAMPAIGN123254,5458644,324889,1022.536
Meta Ads,2022-10-06,CAMPAIGN123254,2448416,84868,569.888
Meta Ads,2022-10-07,CAMPAIGN123254,851689,26036,172.5159998
Meta Ads,2022-10-08,CAMPAIGN123254,537721,16742,106.496
Meta Ads,2022-10-09,CAMPAIGN123254,484681,24815,108.482
Meta Ads,2022-10-10,CAMPAIGN123254,472145,20110,117.988
Meta Ads,2022-10-11,CAMPAIGN123254,406329,17780,87.434
Meta Ads,2022-10-12,CAMPAIGN123254,363232,9690,62.498
Meta Ads,2022-10-13,CAMPAIGN123254,243273,8447,51.3960002
Meta Ads,2022-10-14,CAMPAIGN123254,120768,7387,21.838
Meta Ads,2022-10-15,CAMPAIGN123254,92320,4449,33.2740002
Meta Ads,2022-10-16,CAMPAIGN123254,38480,1882,4.01
Meta Ads,2022-10-17,CAMPAIGN123254,37598,1751,12.246
Meta Ads,2022-10-18,CAMPAIGN123254,34699,2290,8.544
Meta Ads,2022-10-19,CAMPAIGN123254,9854,629,4.292
Meta Ads,2022-10-20,CAMPAIGN123254,7469,619,2.094
Meta Ads,2022-10-21,CAMPAIGN123254,4219,65,0.428
Meta Ads,2022-10-22,CAMPAIGN123254,323,32,0.082
Meta Ads,2022-10-23,CAMPAIGN123254,89,6,0.004
Meta Ads,2022-10-24,CAMPAIGN123254,89,3,0.002
Meta Ads,2022-10-25,CAMPAIGN123254,41,0,0.008
Meta Ads,2022-10-26,CAMPAIGN123254,29,5,0.0
Meta Ads,2022-10-27,CAMPAIGN123254,15,0,0.0
Meta Ads,2022-10-28,CAMPAIGN123254,11,1,0.0
Meta Ads,2022-10-29,CAMPAIGN123423,2574872,54377,235.184
Meta Ads,2022-10-30,CAMPAIGN123423,1826564,41049,160.0300002
Meta Ads,2022-10-31,CAMPAIGN123423,24871,477,2.194
Meta Ads,2022-11-01,CAMPAIGN123256,5395086,113089,720.3500002
Meta Ads,2022-11-02,CAMPAIGN123501,1977795,35569,599.9780002
Meta Ads,2022-11-03,CAMPAIGN123501,921746,15637,387.12
Meta Ads,2022-11-04,CAMPAIGN123188,7920026,156097,1088.83
Meta Ads,2022-11-05,CAMPAIGN123167,10216272,230355,2669.797999
Meta Ads,2022-11-06,CAMPAIGN123294,4502705,75638,893.122
Meta Ads,2022-11-07,CAMPAIGN123204,7131625,149887,952.3459998
Meta Ads,2022-11-08,CAMPAIGN123417,2623742,50399,1166.576
Meta Ads,2022-11-09,CAMPAIGN123147,15550084,358139,3029.764001
Meta Ads,2022-11-10,CAMPAIGN123128,36427483,867765,11167.176
Meta Ads,2022-11-11,CAMPAIGN123171,9649422,165452,2055.434
Meta Ads,2022-11-12,CAMPAIGN123173,9532773,181290,1161.538
Meta Ads,2022-11-13,CAMPAIGN123466,2155968,37453,780.1020002
Meta Ads,2022-11-14,CAMPAIGN123466,1172737,19931,437.69
Meta Ads,2022-11-15,CAMPAIGN123466,75693,1267,31.6679998
Meta Ads,2022-11-16,CAMPAIGN123466,66442,1182,36.138
Meta Ads,2022-11-17,CAMPAIGN123166,10273479,197592,1420.042
Meta Ads,2022-11-18,CAMPAIGN123166,7068660,138714,1109.464001
Meta Ads,2022-11-19,CAMPAIGN123166,5859084,114640,680.3100002
Meta Ads,2022-11-20,CAMPAIGN123166,795765,13027,81.754
Meta Ads,2022-11-21,CAMPAIGN123126,39035531,855286,9102.395999
Meta Ads,2022-11-22,CAMPAIGN123159,11426795,249331,3132.332
Meta Ads,2022-11-23,CAMPAIGN123159,4004174,129333,1279.666
Meta Ads,2022-11-24,CAMPAIGN123212,6947137,116106,1419.416
Meta Ads,2022-11-25,CAMPAIGN123212,3571664,56946,807.7820002
Meta Ads,2022-11-26,CAMPAIGN123356,3224181,3279,607.986
Meta Ads,2022-11-27,CAMPAIGN123356,1675080,1887,386.7060002
Meta Ads,2022-11-28,CAMPAIGN123356,466033,448,95.2059996
Meta Ads,2022-11-29,CAMPAIGN123356,379483,112,50.876
Meta Ads,2022-11-30,CAMPAIGN123356,240646,51,31.862
Meta Ads,2022-12-01,CAMPAIGN123356,101095,19,8.534
Meta Ads,2022-12-02,CAMPAIGN123356,35525,7,3.226
Meta Ads,2022-12-03,CAMPAIGN123356,24662,5,2.31
Meta Ads,2022-12-04,CAMPAIGN123467,2153934,23849,586.5720002
Meta Ads,2022-12-05,CAMPAIGN123467,155909,1898,43.522
Meta Ads,2022-12-06,CAMPAIGN123636,1354219,30571,144.5140002
Meta Ads,2022-12-07,CAMPAIGN123636,1319851,23954,162.8940002
Meta Ads,2022-12-08,CAMPAIGN123636,948032,20455,99.9180004
Meta Ads,2022-12-09,CAMPAIGN123636,815135,15193,97.586
Meta Ads,2022-12-10,CAMPAIGN123636,529496,10078,64.148
Meta Ads,2022-12-11,CAMPAIGN123636,290130,6342,31.956
Meta Ads,2022-12-12,CAMPAIGN123636,177141,12067,10.492
Meta Ads,2022-12-13,CAMPAIGN123636,108091,6805,7.14
Meta Ads,2022-12-14,CAMPAIGN123636,82600,2400,9.95
Meta Ads,2022-12-15,CAMPAIGN123636,71420,2033,8.294
Meta Ads,2022-12-16,CAMPAIGN123636,53930,2812,3.972
Meta Ads,2022-12-17,CAMPAIGN123636,8817,794,0.508
Meta Ads,2022-12-18,CAMPAIGN123636,3937,133,0.482
Meta Ads,2022-12-19,CAMPAIGN124107,414687,5614,138.13
Meta Ads,2022-12-20,CAMPAIGN124107,386969,4068,95.9720002
Meta Ads,2022-12-21,CAMPAIGN124107,178271,2324,60.4640004
Meta Ads,2022-12-22,CAMPAIGN124107,86332,884,25.6079998
Meta Ads,2022-12-23,CAMPAIGN123526,1866193,38270,120.0420002
Meta Ads,2022-12-24,CAMPAIGN123526,1669951,34006,107.304
Meta Ads,2022-12-25,CAMPAIGN123526,1094028,19249,92.154
Meta Ads,2022-12-26,CAMPAIGN123526,909036,17878,54.126
Meta Ads,2022-12-27,CAMPAIGN123526,852034,15956,71.142
Meta Ads,2022-12-28,CAMPAIGN123526,693328,13992,42.088
Meta Ads,2022-12-29,CAMPAIGN123526,442147,9300,29.458
Meta Ads,2022-12-30,CAMPAIGN123526,364023,7031,37.646
Meta Ads,2022-12-31,CAMPAIGN123526,362051,6800,37.584
Meta Ads,2022-01-01,CAMPAIGN123526,251513,5195,14.748
Meta Ads,2022-01-02,CAMPAIGN123526,248166,5584,15.51
Meta Ads,2022-01-03,CAMPAIGN123526,246036,5284,16.952
Meta Ads,2022-01-04,CAMPAIGN123526,228026,4672,14.208
Meta Ads,2022-01-05,CAMPAIGN123526,213493,4252,25.422
Meta Ads,2022-01-06,CAMPAIGN123526,182400,3803,10.74
Meta Ads,2022-01-07,CAMPAIGN123526,118996,2296,11.794
Meta Ads,2022-01-08,CAMPAIGN123526,92708,1846,10.728
Meta Ads,2022-01-09,CAMPAIGN123526,84583,1576,8.3
Meta Ads,2022-01-10,CAMPAIGN123526,80797,1603,7.27
Meta Ads,2022-01-11,CAMPAIGN123526,74601,1448,8.376
Meta Ads,2022-01-12,CAMPAIGN123526,65726,1500,4.306
Meta Ads,2022-01-13,CAMPAIGN123526,34091,731,2.132
Meta Ads,2022-01-14,CAMPAIGN123526,26899,604,1.794
Meta Ads,2022-01-15,CAMPAIGN123526,24935,486,1.566
Meta Ads,2022-01-16,CAMPAIGN123454,2238770,45553,153.9159998
Meta Ads,2022-01-17,CAMPAIGN123454,1942525,36381,132.846
Meta Ads,2022-01-18,CAMPAIGN123454,1394287,26227,100.806
Meta Ads,2022-01-19,CAMPAIGN123454,1269828,25617,93.988
Meta Ads,2022-01-20,CAMPAIGN123454,1106435,20085,88.1199998
Meta Ads,2022-01-21,CAMPAIGN123454,806167,13640,58.566
Meta Ads,2022-01-22,CAMPAIGN123454,521560,10765,29.54
Meta Ads,2022-01-23,CAMPAIGN123454,487102,9100,25.132
Meta Ads,2022-01-24,CAMPAIGN123454,427567,7125,44.618
Meta Ads,2022-01-25,CAMPAIGN123454,247989,4578,17.188
Meta Ads,2022-01-26,CAMPAIGN123454,232925,3928,21.974
Meta Ads,2022-01-27,CAMPAIGN123454,227117,3864,27.11
Meta Ads,2022-01-28,CAMPAIGN123454,214648,4245,15.638
Meta Ads,2022-01-29,CAMPAIGN123454,184549,3536,9.596
Meta Ads,2022-01-30,CAMPAIGN123454,168963,3316,12.31
Meta Ads,2022-01-31,CAMPAIGN123454,128267,2732,8.77
Meta Ads,2022-02-01,CAMPAIGN123454,115139,2042,10.848
Meta Ads,2022-02-02,CAMPAIGN123454,89478,1600,8.834
Meta Ads,2022-02-03,CAMPAIGN123454,84779,1422,8.284
Meta Ads,2022-02-04,CAMPAIGN123454,78277,1437,9.47
Meta Ads,2022-02-05,CAMPAIGN123454,53853,1052,3.134
Meta Ads,2022-02-06,CAMPAIGN123454,35121,654,2.034
Meta Ads,2022-02-07,CAMPAIGN123454,30497,465,1.77
Meta Ads,2022-02-08,CAMPAIGN123454,29931,586,2.058
Meta Ads,2022-02-09,CAMPAIGN123454,28337,492,1.732
Meta Ads,2022-02-10,CAMPAIGN123454,25794,497,1.978
Meta Ads,2022-02-11,CAMPAIGN123454,22226,418,1.108
Meta Ads,2022-02-12,CAMPAIGN123454,18950,295,1.076
Meta Ads,2022-02-13,CAMPAIGN123600,1528886,40292,75.384
Meta Ads,2022-02-14,CAMPAIGN123600,1065449,28287,57.6219996
Meta Ads,2022-02-15,CAMPAIGN123600,616480,16526,30.372
Meta Ads,2022-02-16,CAMPAIGN123600,571826,15092,22.072
Meta Ads,2022-02-17,CAMPAIGN123600,519611,14742,30.5999998
Meta Ads,2022-02-18,CAMPAIGN123600,456385,10697,21.178
Meta Ads,2022-02-19,CAMPAIGN123600,393655,9371,15.016
Meta Ads,2022-02-20,CAMPAIGN123600,240591,6678,14.992
Meta Ads,2022-02-21,CAMPAIGN123600,174292,4127,8.282
Meta Ads,2022-02-22,CAMPAIGN123600,116885,3248,5.468
Meta Ads,2022-02-23,CAMPAIGN123600,104824,2382,6.27
Meta Ads,2022-02-24,CAMPAIGN123600,88035,2304,4.754
Meta Ads,2022-02-25,CAMPAIGN123600,81785,2125,3.52
Meta Ads,2022-02-26,CAMPAIGN123600,74987,1773,4.074
Meta Ads,2022-02-27,CAMPAIGN123600,74460,1652,5.494
Meta Ads,2022-02-28,CAMPAIGN123600,64855,2006,3.474
Meta Ads,2022-03-01,CAMPAIGN123600,49563,1244,2.806
Meta Ads,2022-03-02,CAMPAIGN123600,45369,1062,3.338
Meta Ads,2022-03-03,CAMPAIGN123600,41353,954,2.346
Meta Ads,2022-03-04,CAMPAIGN123600,31538,785,1.992
Meta Ads,2022-03-05,CAMPAIGN123600,28259,632,1.892
Meta Ads,2022-03-06,CAMPAIGN123600,23940,702,1.406
Meta Ads,2022-03-07,CAMPAIGN123600,8912,338,0.524
Meta Ads,2022-03-08,CAMPAIGN123514,1927088,42163,117.4100002
Meta Ads,2022-03-09,CAMPAIGN123514,1783617,40747,113.5920002
Meta Ads,2022-03-10,CAMPAIGN123514,921808,20543,53.67
Meta Ads,2022-03-11,CAMPAIGN123514,844852,18395,49.234
Meta Ads,2022-03-12,CAMPAIGN123514,843321,16404,51.174
Meta Ads,2022-03-13,CAMPAIGN123514,828671,15109,53.644
Meta Ads,2022-03-14,CAMPAIGN123514,710252,15286,40.31
Meta Ads,2022-03-15,CAMPAIGN123514,664910,15203,41.188
Meta Ads,2022-03-16,CAMPAIGN123514,394478,9433,25.572
Meta Ads,2022-03-17,CAMPAIGN123514,224264,5395,15.87
Meta Ads,2022-03-18,CAMPAIGN123514,209530,4068,16.474
Meta Ads,2022-03-19,CAMPAIGN123514,166981,3084,12.866
Meta Ads,2022-03-20,CAMPAIGN123514,155259,3414,10.48
Meta Ads,2022-03-21,CAMPAIGN123514,107287,2171,7.146
Meta Ads,2022-03-22,CAMPAIGN123514,101603,2001,9.79
Meta Ads,2022-03-23,CAMPAIGN123514,92363,1998,6.02
Meta Ads,2022-03-24,CAMPAIGN123514,91726,1801,7.22
Meta Ads,2022-03-25,CAMPAIGN123514,90928,2400,6.37
Meta Ads,2022-03-26,CAMPAIGN123514,88900,2077,5.792
Meta Ads,2022-03-27,CAMPAIGN123514,87622,1777,8.27
Meta Ads,2022-03-28,CAMPAIGN123514,67667,1393,5.108
Meta Ads,2022-03-29,CAMPAIGN123514,60223,1470,3.9259998
Meta Ads,2022-03-30,CAMPAIGN123231,6294858,163132,792.5219998
Meta Ads,2022-03-31,CAMPAIGN123231,5874154,143156,1110.21
Meta Ads,2022-04-01,CAMPAIGN123231,3771519,102611,959.728
Meta Ads,2022-04-02,CAMPAIGN123231,3203000,70396,301.302
Meta Ads,2022-04-03,CAMPAIGN123231,2416604,62169,312.5539998
Meta Ads,2022-04-04,CAMPAIGN123231,2051608,52388,453.2919996
Meta Ads,2022-04-05,CAMPAIGN123231,812994,19025,76.518
Meta Ads,2022-04-06,CAMPAIGN123231,751957,18907,124.34
Meta Ads,2022-04-07,CAMPAIGN123231,714040,15567,82.358
Meta Ads,2022-04-08,CAMPAIGN123231,628186,17799,82.846
Meta Ads,2022-04-09,CAMPAIGN123231,616229,15958,152.0520002
Meta Ads,2022-04-10,CAMPAIGN123231,563939,16758,77.754
Meta Ads,2022-04-11,CAMPAIGN123231,361725,8106,35.63
Meta Ads,2022-04-12,CAMPAIGN123231,328121,8288,32.92
Meta Ads,2022-04-13,CAMPAIGN123231,276521,7268,37.126
Meta Ads,2022-04-14,CAMPAIGN123231,256317,5519,24.9320002
Meta Ads,2022-04-15,CAMPAIGN123231,121290,2581,11.538
Meta Ads,2022-04-16,CAMPAIGN123229,6395884,122806,730.9700004
Meta Ads,2022-04-17,CAMPAIGN123229,5539129,106959,977.486
Meta Ads,2022-04-18,CAMPAIGN123229,3711753,76230,315.7579998
Meta Ads,2022-04-19,CAMPAIGN123229,3360552,77731,327.382
Meta Ads,2022-04-20,CAMPAIGN123229,2636918,53413,217.17
Meta Ads,2022-04-21,CAMPAIGN123229,2351757,44347,170.784
Meta Ads,2022-04-22,CAMPAIGN123229,1153095,21976,159.524
Meta Ads,2022-04-23,CAMPAIGN123229,1086534,21698,208.952
Meta Ads,2022-04-24,CAMPAIGN123229,970865,17914,72.542
Meta Ads,2022-04-25,CAMPAIGN123229,726337,17071,74.936
Meta Ads,2022-04-26,CAMPAIGN123229,527446,9727,40.612
Meta Ads,2022-04-27,CAMPAIGN123229,521102,10799,47.152
Meta Ads,2022-04-28,CAMPAIGN123229,413692,7747,23.496
Meta Ads,2022-04-29,CAMPAIGN123229,364625,7500,33.072
Meta Ads,2022-04-30,CAMPAIGN123229,307579,5689,42.548
Meta Ads,2022-05-01,CAMPAIGN123229,88584,1412,6.754
Meta Ads,2022-05-02,CAMPAIGN123229,6278,110,0.434
Meta Ads,2022-05-03,CAMPAIGN123934,621303,9215,57.22
Meta Ads,2022-05-04,CAMPAIGN123934,431528,5142,33.504
Meta Ads,2022-05-05,CAMPAIGN123934,171824,2051,16.6
Meta Ads,2022-05-06,CAMPAIGN123934,79352,1017,6.966
Meta Ads,2022-05-07,CAMPAIGN123934,63261,619,4.834
Meta Ads,2022-05-08,CAMPAIGN123934,16929,175,1.676
Meta Ads,2022-05-09,CAMPAIGN124012,527843,3471,66.158
Meta Ads,2022-05-10,CAMPAIGN124012,500983,3551,66.52
Meta Ads,2022-05-11,CAMPAIGN124012,312648,2158,52.176
Meta Ads,2022-05-12,CAMPAIGN124012,125746,728,17.37
Meta Ads,2022-05-13,CAMPAIGN124012,108122,789,15.954
Meta Ads,2022-05-14,CAMPAIGN124012,80659,590,14.912
Meta Ads,2022-05-15,CAMPAIGN124012,65999,394,9.248
Meta Ads,2022-05-16,CAMPAIGN124012,27801,174,4.978
Meta Ads,2022-05-17,CAMPAIGN123553,1734343,19031,144.954
Meta Ads,2022-05-18,CAMPAIGN123553,1070246,10166,82.356
Meta Ads,2022-05-19,CAMPAIGN123553,546428,5740,52.612
Meta Ads,2022-05-20,CAMPAIGN123553,368560,3237,31.066
Meta Ads,2022-05-21,CAMPAIGN123500,1980376,35944,243.7679994
Meta Ads,2022-05-22,CAMPAIGN123500,1295847,24880,162.794
Meta Ads,2022-05-23,CAMPAIGN123500,799010,13285,85.932
Meta Ads,2022-05-24,CAMPAIGN123500,426217,6852,44.238
Meta Ads,2022-05-25,CAMPAIGN123500,383263,9546,97.8620002
Meta Ads,2022-05-26,CAMPAIGN123500,249462,5777,67.348
Meta Ads,2022-05-27,CAMPAIGN123500,185970,4255,40.6299998
Meta Ads,2022-05-28,CAMPAIGN123500,161275,4057,48.762
Meta Ads,2022-05-29,CAMPAIGN123500,158377,2768,17.254
Meta Ads,2022-05-30,CAMPAIGN123500,131365,2333,13.756
Meta Ads,2022-05-31,CAMPAIGN123500,111972,2758,31.7020002
Meta Ads,2022-06-01,CAMPAIGN123500,104315,1814,12.754
Meta Ads,2022-06-02,CAMPAIGN123500,84157,2042,26.364
Meta Ads,2022-06-03,CAMPAIGN123500,56358,1291,13.722
Meta Ads,2022-06-04,CAMPAIGN123500,46551,1071,14.254
Meta Ads,2022-06-05,CAMPAIGN123500,37621,780,9.16
Meta Ads,2022-06-06,CAMPAIGN123500,32806,401,3.856
Meta Ads,2022-06-07,CAMPAIGN123500,31328,628,9.46
Meta Ads,2022-06-08,CAMPAIGN123500,23974,564,7.004
Meta Ads,2022-06-09,CAMPAIGN123500,18359,439,5.724
Meta Ads,2022-06-10,CAMPAIGN123500,9941,223,2.694
Meta Ads,2022-06-11,CAMPAIGN123500,8761,164,2.388
Meta Ads,2022-06-12,CAMPAIGN123500,7370,122,0.742
Meta Ads,2022-06-13,CAMPAIGN123500,7338,107,0.758
Meta Ads,2022-06-14,CAMPAIGN123500,7196,131,0.804
Meta Ads,2022-06-15,CAMPAIGN123500,6498,145,1.898
Meta Ads,2022-06-16,CAMPAIGN123500,2227,74,0.236
Meta Ads,2022-06-17,CAMPAIGN123331,3631028,72495,219.022
Meta Ads,2022-06-18,CAMPAIGN123331,2023463,41413,86.75
Meta Ads,2022-06-19,CAMPAIGN123331,1410093,28208,54.776
Meta Ads,2022-06-20,CAMPAIGN123331,1114746,20964,49.96
Meta Ads,2022-06-21,CAMPAIGN123331,1055971,19226,70.728
Meta Ads,2022-06-22,CAMPAIGN123331,976015,21171,39.688
Meta Ads,2022-06-23,CAMPAIGN123331,779196,16372,46.624
Meta Ads,2022-06-24,CAMPAIGN123331,535067,11355,19.112
Meta Ads,2022-06-25,CAMPAIGN123331,378334,7830,15.418
Meta Ads,2022-06-26,CAMPAIGN123331,293700,5584,21.606
Meta Ads,2022-06-27,CAMPAIGN123331,267467,5894,9.872
Meta Ads,2022-06-28,CAMPAIGN123331,261664,5501,11.722
Meta Ads,2022-06-29,CAMPAIGN123331,230366,4846,15.292
Meta Ads,2022-06-30,CAMPAIGN123331,223582,4764,9.19
Meta Ads,2022-07-01,CAMPAIGN123331,167699,3053,7.286
Meta Ads,2022-07-02,CAMPAIGN123331,104497,1949,5.152
Meta Ads,2022-07-03,CAMPAIGN123331,99519,1951,4.094
Meta Ads,2022-07-04,CAMPAIGN123331,57749,1106,2.48
Meta Ads,2022-07-05,CAMPAIGN123331,52721,1116,2.116
Meta Ads,2022-07-06,CAMPAIGN123331,43852,866,1.776
Meta Ads,2022-07-07,CAMPAIGN123331,41863,845,1.658
Meta Ads,2022-07-08,CAMPAIGN123331,33402,659,1.304
Meta Ads,2022-07-09,CAMPAIGN123331,18202,418,0.696
Meta Ads,2022-07-10,CAMPAIGN123975,567763,10907,31.692
Meta Ads,2022-07-11,CAMPAIGN123975,512085,9618,28.4
Meta Ads,2022-07-12,CAMPAIGN123975,281155,5350,13.308
Meta Ads,2022-07-13,CAMPAIGN124485,56451,683,88.964
Meta Ads,2022-07-14,CAMPAIGN123938,616382,15269,23.266
Meta Ads,2022-07-15,CAMPAIGN123938,252653,5911,8.43
Meta Ads,2022-07-16,CAMPAIGN123938,194263,4670,8.304
Meta Ads,2022-07-17,CAMPAIGN123693,1183194,26033,71.716
Meta Ads,2022-07-18,CAMPAIGN123693,747131,16114,43.448
Meta Ads,2022-07-19,CAMPAIGN123693,388616,8599,24.836
Meta Ads,2022-07-20,CAMPAIGN123791,874187,18072,50.6000002
Meta Ads,2022-07-21,CAMPAIGN123791,521466,10574,30.6
Meta Ads,2022-07-22,CAMPAIGN123321,3947430,59900,4698.152
Meta Ads,2022-07-23,CAMPAIGN123572,1646056,20156,172.97
Meta Ads,2022-07-24,CAMPAIGN123572,991081,10832,93.742
Meta Ads,2022-07-25,CAMPAIGN123572,595796,7083,66.89
Meta Ads,2022-07-26,CAMPAIGN123572,503533,5335,55.082
Meta Ads,2022-07-27,CAMPAIGN123572,164148,1692,17.378
Meta Ads,2022-07-28,CAMPAIGN123572,86874,979,9.564
Meta Ads,2022-07-29,CAMPAIGN123572,74889,697,6.97
Meta Ads,2022-07-30,CAMPAIGN123572,33180,352,4.542
Meta Ads,2022-07-31,CAMPAIGN123790,876365,12150,72.194
Meta Ads,2022-08-01,CAMPAIGN123790,649163,9602,49.73
Meta Ads,2022-08-02,CAMPAIGN123790,363553,4920,41.434
Meta Ads,2022-08-03,CAMPAIGN123790,137411,2008,13.45
Meta Ads,2022-08-04,CAMPAIGN123790,42159,543,4.162
Meta Ads,2022-08-05,CAMPAIGN123790,41498,680,6.386
Meta Ads,2022-08-06,CAMPAIGN123790,36362,423,3.616
Meta Ads,2022-08-07,CAMPAIGN123790,14629,221,1.994
Meta Ads,2022-08-08,CAMPAIGN123818,814847,6510,80.994
Meta Ads,2022-08-09,CAMPAIGN123818,440093,4584,50.816
Meta Ads,2022-08-10,CAMPAIGN123818,396136,3399,47.5
Meta Ads,2022-08-11,CAMPAIGN123818,299118,2560,30.17
Meta Ads,2022-08-12,CAMPAIGN123818,89243,636,8.716
Meta Ads,2022-08-13,CAMPAIGN123818,44373,355,5.352
Meta Ads,2022-08-14,CAMPAIGN123818,42153,437,5.292
Meta Ads,2022-08-15,CAMPAIGN123818,20342,139,1.886
Meta Ads,2022-08-16,CAMPAIGN123401,2793635,63027,238.904
Meta Ads,2022-08-17,CAMPAIGN123401,1880120,45062,121.412
Meta Ads,2022-08-18,CAMPAIGN123261,5229621,114914,445.704
Meta Ads,2022-08-19,CAMPAIGN123261,4156140,80013,357.972
Meta Ads,2022-08-20,CAMPAIGN123409,2675278,48827,456.3719998
Meta Ads,2022-08-21,CAMPAIGN123409,2577831,32199,278.924
Meta Ads,2022-08-22,CAMPAIGN123409,1143781,34867,152.288
Meta Ads,2022-08-23,CAMPAIGN123409,643364,12184,114.176
Meta Ads,2022-08-24,CAMPAIGN123409,553908,6203,53.298
Meta Ads,2022-08-25,CAMPAIGN123409,537627,8172,76.302
Meta Ads,2022-08-26,CAMPAIGN123409,214276,11245,27.522
Meta Ads,2022-08-27,CAMPAIGN123409,193546,5131,27.046
Meta Ads,2022-08-28,CAMPAIGN123409,181847,2666,24.978
Meta Ads,2022-08-29,CAMPAIGN123409,133339,3844,36.516
Meta Ads,2022-08-30,CAMPAIGN123409,106663,1661,10.028
Meta Ads,2022-08-31,CAMPAIGN123409,95109,1728,15.472
Meta Ads,2022-09-01,CAMPAIGN123409,28846,758,7.3
Meta Ads,2022-09-02,CAMPAIGN123409,9740,155,0.746
Meta Ads,2022-09-03,CAMPAIGN123409,8322,83,0.574
Meta Ads,2022-09-04,CAMPAIGN123409,7928,93,0.71
Meta Ads,2022-09-05,CAMPAIGN123409,4504,43,0.348
Meta Ads,2022-09-06,CAMPAIGN123425,2530756,71490,583.452
Meta Ads,2022-09-07,CAMPAIGN123425,1023602,19088,149.5419998
Meta Ads,2022-09-08,CAMPAIGN123425,688295,30063,137.056
Meta Ads,2022-09-09,CAMPAIGN123425,576349,16907,144.828
Meta Ads,2022-09-10,CAMPAIGN123425,448562,9962,77.828
Meta Ads,2022-09-11,CAMPAIGN123425,197511,2893,21.58
Meta Ads,2022-09-12,CAMPAIGN123425,116995,4213,35.252
Meta Ads,2022-09-13,CAMPAIGN123425,104881,2501,20.23
Meta Ads,2022-09-14,CAMPAIGN123425,104663,4114,21.188
Meta Ads,2022-09-15,CAMPAIGN123425,95342,2488,13.36
Meta Ads,2022-09-16,CAMPAIGN123425,80680,5019,12.11
Meta Ads,2022-09-17,CAMPAIGN123425,39034,977,7.55
Meta Ads,2022-09-18,CAMPAIGN123425,20724,836,6.97
Meta Ads,2022-09-19,CAMPAIGN123425,2663,42,0.204
Meta Ads,2022-09-20,CAMPAIGN123425,310,6,0.034
Meta Ads,2022-09-21,CAMPAIGN123425,268,4,0.012
Meta Ads,2022-09-22,CAMPAIGN123425,58,2,0.004
Meta Ads,2022-09-23,CAMPAIGN123238,5971320,135140,810.8139998
Meta Ads,2022-09-24,CAMPAIGN123238,1784233,32975,191.9339998
Meta Ads,2022-09-25,CAMPAIGN123238,1081013,46239,169.77
Meta Ads,2022-09-26,CAMPAIGN123238,653400,14283,84.192
Meta Ads,2022-09-27,CAMPAIGN123238,547287,14650,92.79
Meta Ads,2022-09-28,CAMPAIGN123238,380959,6299,36.702
Meta Ads,2022-09-29,CAMPAIGN123238,177319,4277,19.5
Meta Ads,2022-09-30,CAMPAIGN123238,141590,10456,21.278
Meta Ads,2022-10-01,CAMPAIGN123238,140020,5682,25.224
Meta Ads,2022-10-02,CAMPAIGN123238,112337,2822,18.018
Meta Ads,2022-10-03,CAMPAIGN123238,69451,2227,15.464
Meta Ads,2022-10-04,CAMPAIGN123238,62919,1519,10.78
Meta Ads,2022-10-05,CAMPAIGN123238,39326,1281,8.766
Meta Ads,2022-10-06,CAMPAIGN123238,5346,120,0.42
Meta Ads,2022-10-07,CAMPAIGN123238,3990,50,0.348
Meta Ads,2022-10-08,CAMPAIGN123238,3089,50,0.312
Meta Ads,2022-10-09,CAMPAIGN123238,3029,50,0.288
Meta Ads,2022-10-10,CAMPAIGN124258,252547,11326,62.668
Meta Ads,2022-10-11,CAMPAIGN124258,532,8,0.052
Meta Ads,2022-10-12,CAMPAIGN124258,507,8,0.014
Meta Ads,2022-10-13,CAMPAIGN124258,217,7,0.064
Meta Ads,2022-10-14,CAMPAIGN123836,773167,31467,189.344
Meta Ads,2022-10-15,CAMPAIGN123836,6543,237,0.738
Meta Ads,2022-10-16,CAMPAIGN123836,3183,132,0.606
Meta Ads,2022-10-17,CAMPAIGN123836,2068,60,0.392
Meta Ads,2022-10-18,CAMPAIGN123836,764,11,0.064
Meta Ads,2022-10-19,CAMPAIGN123836,489,10,0.054
Meta Ads,2022-10-20,CAMPAIGN124178,334032,5528,133.352
Meta Ads,2022-10-21,CAMPAIGN124178,28749,245,4.352
Meta Ads,2022-10-22,CAMPAIGN124178,24186,298,5.008
Meta Ads,2022-10-23,CAMPAIGN124178,14223,116,3.256
Meta Ads,2022-10-24,CAMPAIGN124096,426599,6975,172.934
Meta Ads,2022-10-25,CAMPAIGN124096,220933,2791,27.734
Meta Ads,2022-10-26,CAMPAIGN124096,117832,930,21.294
Meta Ads,2022-10-27,CAMPAIGN124096,115191,1200,28.69
Meta Ads,2022-10-28,CAMPAIGN124096,76883,1033,17.924
Meta Ads,2022-10-29,CAMPAIGN124096,23515,190,4.37
Meta Ads,2022-10-30,CAMPAIGN124295,214621,7361,47.492
Meta Ads,2022-10-31,CAMPAIGN124295,76169,1263,10.106
Meta Ads,2022-11-01,CAMPAIGN124295,40097,534,3.02
Meta Ads,2022-11-02,CAMPAIGN124295,21677,265,2.154
Meta Ads,2022-11-03,CAMPAIGN124295,1626,69,0.404
Meta Ads,2022-11-04,CAMPAIGN124295,1192,16,0.112
Meta Ads,2022-11-05,CAMPAIGN124295,620,11,0.098
Meta Ads,2022-11-06,CAMPAIGN124295,293,5,0.014
Meta Ads,2022-11-07,CAMPAIGN123302,4334172,123113,2474.273999
Meta Ads,2022-11-08,CAMPAIGN123302,2445327,28185,832.8700006
Meta Ads,2022-11-09,CAMPAIGN123302,1211933,14730,552.01
Meta Ads,2022-11-10,CAMPAIGN123302,880115,8667,199.556
Meta Ads,2022-11-11,CAMPAIGN123302,742797,11037,294.594
Meta Ads,2022-11-12,CAMPAIGN123302,579823,2601,130.718
Meta Ads,2022-11-13,CAMPAIGN123302,560568,3640,143.67
Meta Ads,2022-11-14,CAMPAIGN123302,466323,11309,244.272
Meta Ads,2022-11-15,CAMPAIGN123302,196920,4117,79.6380002
Meta Ads,2022-11-16,CAMPAIGN123302,149117,3493,74.548
Meta Ads,2022-11-17,CAMPAIGN123302,120818,900,22.2
Meta Ads,2022-11-18,CAMPAIGN123302,118820,1424,35.086
Meta Ads,2022-11-19,CAMPAIGN123302,102764,1006,26.996
Meta Ads,2022-11-20,CAMPAIGN123302,80952,182,10.306
Meta Ads,2022-11-21,CAMPAIGN123302,60030,197,10.258
Meta Ads,2022-11-22,CAMPAIGN123302,42136,392,13.274
Meta Ads,2022-11-23,CAMPAIGN123302,35804,139,8.1
Meta Ads,2022-11-24,CAMPAIGN123302,19320,210,4.852
Meta Ads,2022-11-25,CAMPAIGN123302,12859,342,8.86
Meta Ads,2022-11-26,CAMPAIGN123302,12199,267,5.038
Meta Ads,2022-11-27,CAMPAIGN123302,2150,48,1.2
Meta Ads,2022-11-28,CAMPAIGN123302,167,2,0.012
Meta Ads,2022-11-29,CAMPAIGN123302,128,1,0.006
Meta Ads,2022-11-30,CAMPAIGN123302,22,0,0.0
Meta Ads,2022-12-01,CAMPAIGN124361,151671,9337,38.898
Meta Ads,2022-12-02,CAMPAIGN124361,613,18,0.034
Meta Ads,2022-12-03,CAMPAIGN124361,301,9,0.048
Meta Ads,2022-12-04,CAMPAIGN124361,95,7,0.014
Meta Ads,2022-12-05,CAMPAIGN124361,47,2,0.004
Meta Ads,2022-12-06,CAMPAIGN124361,6,0,0.0
Meta Ads,2022-12-07,CAMPAIGN124176,335709,13632,88.758
Meta Ads,2022-12-08,CAMPAIGN124176,732,16,0.112
Meta Ads,2022-12-09,CAMPAIGN124176,660,10,0.084
Meta Ads,2022-12-10,CAMPAIGN124176,322,9,0.042
Meta Ads,2022-12-11,CAMPAIGN123926,633342,26146,167.764
Meta Ads,2022-12-12,CAMPAIGN123926,21866,803,4.784
Meta Ads,2022-12-13,CAMPAIGN123926,4359,156,0.302
Meta Ads,2022-12-14,CAMPAIGN123926,2527,103,0.328
Meta Ads,2022-12-15,CAMPAIGN123926,2215,83,0.586
Meta Ads,2022-12-16,CAMPAIGN123926,210,8,0.032
Meta Ads,2022-12-17,CAMPAIGN123935,618648,30646,142.506
Meta Ads,2022-12-18,CAMPAIGN123935,1452,12,0.04
Meta Ads,2022-12-19,CAMPAIGN123935,1204,19,0.146
Meta Ads,2022-12-20,CAMPAIGN123935,943,17,0.096
Meta Ads,2022-12-21,CAMPAIGN123630,1366118,69994,318.3340002
Meta Ads,2022-12-22,CAMPAIGN123630,5224,147,0.7
Meta Ads,2022-12-23,CAMPAIGN123630,1966,45,0.16
Meta Ads,2022-12-24,CAMPAIGN123630,1865,56,0.248
Meta Ads,2022-12-25,CAMPAIGN123630,1838,45,0.258
Meta Ads,2022-12-26,CAMPAIGN123630,1539,12,0.296
Meta Ads,2022-12-27,CAMPAIGN123993,547931,15524,158.832
Meta Ads,2022-12-28,CAMPAIGN123993,2733,42,0.626
Meta Ads,2022-12-29,CAMPAIGN123993,2255,49,0.292
Meta Ads,2022-12-30,CAMPAIGN123993,1361,8,0.408
Meta Ads,2022-12-31,CAMPAIGN123675,1224216,23141,277.348
Meta Ads,2022-01-01,CAMPAIGN123675,185373,3186,34.542
Meta Ads,2022-01-02,CAMPAIGN123675,13142,230,3.22
Meta Ads,2022-01-03,CAMPAIGN123675,5306,117,1.152
Meta Ads,2022-01-04,CAMPAIGN123675,5306,89,0.576
Meta Ads,2022-01-05,CAMPAIGN123675,2139,41,0.508
Meta Ads,2022-01-06,CAMPAIGN123530,1845330,37180,597.684
Meta Ads,2022-01-07,CAMPAIGN123530,261683,154,28.7299998
Meta Ads,2022-01-08,CAMPAIGN124086,437264,1969,223.7139998
Meta Ads,2022-01-09,CAMPAIGN124086,65067,199,31.7399998
Meta Ads,2022-01-10,CAMPAIGN124086,33604,114,15.268
Meta Ads,2022-01-11,CAMPAIGN124086,15755,48,6.548
Meta Ads,2022-01-12,CAMPAIGN124086,7191,22,3.12
Meta Ads,2022-01-13,CAMPAIGN124086,369,5,0.278
Meta Ads,2022-01-14,CAMPAIGN124516,25958,230,12.842
Meta Ads,2022-01-15,CAMPAIGN124516,20458,194,10.12
Meta Ads,2022-01-16,CAMPAIGN124516,14096,114,6.968
Meta Ads,2022-01-17,CAMPAIGN124516,3135,35,1.658
Meta Ads,2022-01-18,CAMPAIGN124469,67839,268,11.85
Meta Ads,2022-01-19,CAMPAIGN124469,14599,88,4.07
Meta Ads,2022-01-20,CAMPAIGN124469,9123,79,2.228
Meta Ads,2022-01-21,CAMPAIGN123967,573021,5409,253.382
Meta Ads,2022-01-22,CAMPAIGN123967,558418,4321,287.077999
Meta Ads,2022-01-23,CAMPAIGN123967,421134,4116,167.8799994
Meta Ads,2022-01-24,CAMPAIGN123967,87501,622,43.554
Meta Ads,2022-01-25,CAMPAIGN123967,29424,268,13.18
Meta Ads,2022-01-26,CAMPAIGN123967,25785,197,10.8860006
Meta Ads,2022-01-27,CAMPAIGN123967,12697,136,9.118
Meta Ads,2022-01-28,CAMPAIGN124464,73697,1121,28.548
Meta Ads,2022-01-29,CAMPAIGN124464,41546,476,13.3
Meta Ads,2022-01-30,CAMPAIGN124464,38899,511,15.362
Meta Ads,2022-01-31,CAMPAIGN124464,36958,402,12.09
Meta Ads,2022-02-01,CAMPAIGN124390,127408,1415,21.256
Meta Ads,2022-02-02,CAMPAIGN124390,124085,1372,20.418
Meta Ads,2022-02-03,CAMPAIGN123695,1177382,17180,432.5839994
Meta Ads,2022-02-04,CAMPAIGN123695,283565,4998,114.0039996
Meta Ads,2022-02-05,CAMPAIGN123695,37980,651,13.776
Meta Ads,2022-02-06,CAMPAIGN123695,3605,76,1.848
Meta Ads,2022-02-07,CAMPAIGN124396,123262,2537,35.424
Meta Ads,2022-02-08,CAMPAIGN124396,34435,612,9.236
Meta Ads,2022-02-09,CAMPAIGN124058,470141,25026,44.1
Meta Ads,2022-02-10,CAMPAIGN124058,397952,14758,78.516
Meta Ads,2022-02-11,CAMPAIGN124058,100489,2526,12.048
Meta Ads,2022-02-12,CAMPAIGN124058,3807,63,0.334
Meta Ads,2022-02-13,CAMPAIGN123678,1211817,41313,229.342
Meta Ads,2022-02-14,CAMPAIGN123678,472139,19981,58.694
Meta Ads,2022-02-15,CAMPAIGN123678,42762,938,5.962
Meta Ads,2022-02-16,CAMPAIGN123678,9258,284,1.468
Meta Ads,2022-02-17,CAMPAIGN123678,4645,73,0.528
Meta Ads,2022-02-18,CAMPAIGN124097,425145,16172,97.356
Meta Ads,2022-02-19,CAMPAIGN124097,317915,9494,60.676
Meta Ads,2022-02-20,CAMPAIGN124097,254121,8053,49.726
Meta Ads,2022-02-21,CAMPAIGN124097,53315,2005,13.842
Meta Ads,2022-02-22,CAMPAIGN124166,341973,4944,124.156
Meta Ads,2022-02-23,CAMPAIGN124166,313993,3744,93.108
Meta Ads,2022-02-24,CAMPAIGN124166,198607,2673,68.3839998
Meta Ads,2022-02-25,CAMPAIGN124166,57246,493,11.878
Meta Ads,2022-02-26,CAMPAIGN123448,2313330,47982,450.6320002
Meta Ads,2022-02-27,CAMPAIGN123448,606056,13452,135.906
Meta Ads,2022-02-28,CAMPAIGN123448,531982,9678,90.462
Meta Ads,2022-03-01,CAMPAIGN123448,442942,9728,100.214
Meta Ads,2022-03-01,CAMPAIGN123448,379462,7487,69.946
Meta Ads,2022-03-02,CAMPAIGN123448,198221,3999,38.64
Meta Ads,2022-03-03,CAMPAIGN123448,182033,3168,29.878
Meta Ads,2022-03-04,CAMPAIGN123448,35723,625,5.122
Meta Ads,2022-03-05,CAMPAIGN124051,474232,9154,109.524
Meta Ads,2022-03-06,CAMPAIGN124051,347504,8487,86.084
Meta Ads,2022-03-07,CAMPAIGN124051,248618,5320,60.302
Meta Ads,2022-03-08,CAMPAIGN124051,154955,3756,46.52
Meta Ads,2022-03-09,CAMPAIGN124051,73926,1655,23.334
Meta Ads,2022-03-10,CAMPAIGN124051,72220,1363,19.82
Meta Ads,2022-03-11,CAMPAIGN124051,40130,783,8.55
Meta Ads,2022-03-12,CAMPAIGN124051,8053,155,2.026
Meta Ads,2022-03-13,CAMPAIGN123801,856459,27232,234.708
Meta Ads,2022-03-14,CAMPAIGN123801,558061,14664,135.292
Meta Ads,2022-03-15,CAMPAIGN123801,306577,9090,82.792
Meta Ads,2022-03-16,CAMPAIGN123801,284547,6355,64.158
Meta Ads,2022-03-17,CAMPAIGN123801,125206,3684,38.124
Meta Ads,2022-03-18,CAMPAIGN123801,89131,2749,26.436
Meta Ads,2022-03-19,CAMPAIGN123801,85760,2065,21.624
Meta Ads,2022-03-20,CAMPAIGN123801,10551,247,2.466
Meta Ads,2022-03-21,CAMPAIGN123590,1568147,49653,354.3299998
Meta Ads,2022-03-22,CAMPAIGN123590,1186975,35334,239.07
Meta Ads,2022-03-23,CAMPAIGN124440,89539,1367,128.936
Meta Ads,2022-03-24,CAMPAIGN124440,10089,206,14.378
Meta Ads,2022-03-25,CAMPAIGN124440,8570,150,10.584
Meta Ads,2022-03-26,CAMPAIGN124440,6558,97,9.072
Meta Ads,2022-03-27,CAMPAIGN123797,864784,18610,582.596
Meta Ads,2022-03-28,CAMPAIGN123578,1623419,33695,540.8720006
Meta Ads,2022-03-29,CAMPAIGN123578,773209,7984,239.216
Meta Ads,2022-03-30,CAMPAIGN123578,594401,4379,100.172
Meta Ads,2022-03-31,CAMPAIGN123578,35463,937,13.572
Meta Ads,2022-04-01,CAMPAIGN123897,681994,9996,109.016
Meta Ads,2022-04-02,CAMPAIGN123897,614830,10050,82.46
Meta Ads,2022-04-03,CAMPAIGN123512,1936909,40710,225.002
Meta Ads,2022-04-04,CAMPAIGN123512,1213413,26418,97.25
Meta Ads,2022-04-05,CAMPAIGN123946,601148,11711,250.0900002
Meta Ads,2022-04-06,CAMPAIGN123946,487541,9627,138.168
Meta Ads,2022-04-07,CAMPAIGN123627,1384622,42173,95.774
Meta Ads,2022-04-08,CAMPAIGN123627,1208523,32329,62.246
Meta Ads,2022-04-09,CAMPAIGN123265,5113591,122292,745.532
Meta Ads,2022-04-10,CAMPAIGN123265,4732098,119636,552.2939996
Meta Ads,2022-04-11,CAMPAIGN123559,1705404,30789,356.934
Meta Ads,2022-04-12,CAMPAIGN123559,1474401,29927,255.1319996
Meta Ads,2022-04-13,CAMPAIGN124370,139512,2304,215.5879998
Meta Ads,2022-04-14,CAMPAIGN124370,609,15,0.93
Meta Ads,2022-04-15,CAMPAIGN124370,166,3,0.278
Meta Ads,2022-04-16,CAMPAIGN124389,127988,1905,196.25
Meta Ads,2022-04-17,CAMPAIGN124389,510,13,0.72
Meta Ads,2022-04-18,CAMPAIGN124389,78,4,0.078
Meta Ads,2022-04-19,CAMPAIGN123861,733817,24721,127.53
Meta Ads,2022-04-20,CAMPAIGN123861,368025,18984,138.358
Meta Ads,2022-04-21,CAMPAIGN123861,344752,18689,135.388
Meta Ads,2022-04-22,CAMPAIGN123861,204081,11669,83.342
Meta Ads,2022-04-23,CAMPAIGN123861,169327,9902,70.958
Meta Ads,2022-04-24,CAMPAIGN123861,109987,3774,26.914
Meta Ads,2022-04-25,CAMPAIGN123861,34161,2114,11.9
Meta Ads,2022-04-26,CAMPAIGN123861,26440,694,5.52
Meta Ads,2022-04-27,CAMPAIGN123861,11923,291,2.26
Meta Ads,2022-04-28,CAMPAIGN123861,7195,176,1.432
Meta Ads,2022-04-29,CAMPAIGN123861,5401,237,1.644
Meta Ads,2022-04-30,CAMPAIGN123861,5040,203,1.316
Meta Ads,2022-05-01,CAMPAIGN123861,4078,158,0.92
Meta Ads,2022-05-02,CAMPAIGN123861,1243,78,0.582
Meta Ads,2022-05-03,CAMPAIGN123861,853,42,0.336
Meta Ads,2022-05-04,CAMPAIGN123886,694565,19798,134.516
Meta Ads,2022-05-05,CAMPAIGN123886,502316,13387,164.904
Meta Ads,2022-05-06,CAMPAIGN123886,324003,9770,117.432
Meta Ads,2022-05-07,CAMPAIGN123886,199616,5459,66.844
Meta Ads,2022-05-08,CAMPAIGN123886,172339,4695,58.35
Meta Ads,2022-05-09,CAMPAIGN123886,137715,2695,31.664
Meta Ads,2022-05-10,CAMPAIGN123886,42593,800,9.684
Meta Ads,2022-05-11,CAMPAIGN123886,19329,277,3.678
Meta Ads,2022-05-12,CAMPAIGN123886,15213,252,3.466
Meta Ads,2022-05-13,CAMPAIGN123886,13284,238,2.64
Meta Ads,2022-05-14,CAMPAIGN123886,9580,204,2.086
Meta Ads,2022-05-15,CAMPAIGN123886,3957,75,0.886
Meta Ads,2022-05-16,CAMPAIGN123886,1548,76,0.752
Meta Ads,2022-05-17,CAMPAIGN123886,902,43,0.38
Meta Ads,2022-05-18,CAMPAIGN123886,571,21,0.318
Meta Ads,2022-05-19,CAMPAIGN123805,846334,30983,137.072
Meta Ads,2022-05-20,CAMPAIGN123805,612682,27567,177.2120002
Meta Ads,2022-05-21,CAMPAIGN123805,530537,27057,170.268
Meta Ads,2022-05-22,CAMPAIGN123805,148195,7106,45.42
Meta Ads,2022-05-23,CAMPAIGN123805,139313,8395,52.83
Meta Ads,2022-05-24,CAMPAIGN123805,66746,1813,12.724
Meta Ads,2022-05-25,CAMPAIGN123805,15537,438,2.688
Meta Ads,2022-05-26,CAMPAIGN123805,9192,242,1.636
Meta Ads,2022-05-27,CAMPAIGN123805,8862,232,1.492
Meta Ads,2022-05-28,CAMPAIGN123805,6921,235,1.012
Meta Ads,2022-05-29,CAMPAIGN123805,5561,199,1.314
Meta Ads,2022-05-30,CAMPAIGN123805,4159,181,1.044
Meta Ads,2022-05-31,CAMPAIGN123805,2092,65,0.684
Meta Ads,2022-06-01,CAMPAIGN123805,1493,50,0.284
Meta Ads,2022-06-02,CAMPAIGN123805,691,26,0.12
Meta Ads,2022-06-03,CAMPAIGN123990,550743,36427,165.264
Meta Ads,2022-06-04,CAMPAIGN123990,351066,18048,160.1939998
Meta Ads,2022-06-05,CAMPAIGN123990,342423,13894,118.128
Meta Ads,2022-06-06,CAMPAIGN123990,135704,7288,65.662
Meta Ads,2022-06-07,CAMPAIGN123990,103129,3894,32.02
Meta Ads,2022-06-08,CAMPAIGN123990,71095,4102,34.686
Meta Ads,2022-06-09,CAMPAIGN123990,45828,1095,10.468
Meta Ads,2022-06-10,CAMPAIGN123990,27402,633,6.132
Meta Ads,2022-06-11,CAMPAIGN123990,19492,406,4.51
Meta Ads,2022-06-12,CAMPAIGN123990,12639,525,4.528
Meta Ads,2022-06-13,CAMPAIGN123990,7240,218,1.876
Meta Ads,2022-06-14,CAMPAIGN123990,1977,78,0.744
Meta Ads,2022-06-15,CAMPAIGN123990,928,38,0.294
Meta Ads,2022-06-16,CAMPAIGN123990,919,38,0.396
Meta Ads,2022-06-17,CAMPAIGN123990,690,43,0.298
Meta Ads,2022-06-18,CAMPAIGN124307,203140,7894,43.976
Meta Ads,2022-06-19,CAMPAIGN124307,95158,2392,11.976
Meta Ads,2022-06-20,CAMPAIGN124307,80144,2351,12.648
Meta Ads,2022-06-21,CAMPAIGN124319,190592,3147,69.252
Meta Ads,2022-06-22,CAMPAIGN124319,129451,1153,22.592
Meta Ads,2022-06-23,CAMPAIGN124319,83807,832,15.526
Meta Ads,2022-06-24,CAMPAIGN124210,297581,4414,41.696
Meta Ads,2022-06-25,CAMPAIGN124210,61250,1291,11.342
Meta Ads,2022-06-26,CAMPAIGN124210,60847,849,8.87
Meta Ads,2022-06-27,CAMPAIGN124210,37477,635,6.072
Meta Ads,2022-06-28,CAMPAIGN124112,406336,13214,281.9980002
Meta Ads,2022-06-29,CAMPAIGN124112,25374,1903,6.97
Meta Ads,2022-06-30,CAMPAIGN124112,19898,972,34.976
Meta Ads,2022-07-01,CAMPAIGN124112,1804,140,1.204
Meta Ads,2022-07-02,CAMPAIGN124112,860,103,0.21
Meta Ads,2022-07-03,CAMPAIGN124112,435,27,0.274
Meta Ads,2022-07-04,CAMPAIGN123422,2581809,81225,536.0360002
Meta Ads,2022-07-05,CAMPAIGN123422,1419795,41973,331.956
Meta Ads,2022-07-06,CAMPAIGN123422,278806,21263,36.312
Meta Ads,2022-07-07,CAMPAIGN123422,151011,10592,18.096
Meta Ads,2022-07-08,CAMPAIGN123246,5691405,149867,865.644
Meta Ads,2022-07-09,CAMPAIGN123246,3646791,74493,569.9680002
Meta Ads,2022-07-10,CAMPAIGN123246,3558948,73906,566.35
Meta Ads,2022-07-11,CAMPAIGN123246,2154635,56254,319.182
Meta Ads,2022-07-12,CAMPAIGN123246,986990,67457,98.0580002
Meta Ads,2022-07-13,CAMPAIGN123246,849158,57176,66.0
Meta Ads,2022-07-14,CAMPAIGN123253,5503185,161927,947.674
Meta Ads,2022-07-15,CAMPAIGN123253,3806775,85170,883.028
Meta Ads,2022-07-16,CAMPAIGN123253,2819405,59755,397.972
Meta Ads,2022-07-17,CAMPAIGN123253,2214098,50162,471.52
Meta Ads,2022-07-18,CAMPAIGN123253,456505,26278,41.224
Meta Ads,2022-07-19,CAMPAIGN123253,275976,14278,38.266
Meta Ads,2022-07-20,CAMPAIGN123253,88921,3108,11.65
Meta Ads,2022-07-21,CAMPAIGN123253,58853,1634,9.472
Meta Ads,2022-07-22,CAMPAIGN123253,40623,612,3.178
Meta Ads,2022-07-23,CAMPAIGN123253,17655,1262,1.952
Meta Ads,2022-07-24,CAMPAIGN123253,10868,161,1.018
Meta Ads,2022-07-25,CAMPAIGN123686,1195596,30105,271.6139996
Meta Ads,2022-07-26,CAMPAIGN123686,756674,13552,159.354
Meta Ads,2022-07-27,CAMPAIGN123686,575348,13347,131.508
Meta Ads,2022-07-28,CAMPAIGN123686,64216,6036,9.864
Meta Ads,2022-07-29,CAMPAIGN123686,42237,2839,4.454
Meta Ads,2022-07-30,CAMPAIGN123686,37058,2287,5.2
Meta Ads,2022-07-31,CAMPAIGN123686,6058,299,0.606
Meta Ads,2022-08-01,CAMPAIGN123354,3266837,51395,368.094
Meta Ads,2022-08-02,CAMPAIGN123354,2667879,68391,474.9220002
Meta Ads,2022-08-03,CAMPAIGN123354,209020,6858,60.584
Meta Ads,2022-08-04,CAMPAIGN123394,2853518,109437,664.528
Meta Ads,2022-08-05,CAMPAIGN123394,982659,21659,114.564
Meta Ads,2022-08-06,CAMPAIGN123394,211239,6592,43.702
Meta Ads,2022-08-07,CAMPAIGN123257,5346916,101925,793.5920002
Meta Ads,2022-08-08,CAMPAIGN123649,1331331,21680,148.574
Meta Ads,2022-08-09,CAMPAIGN123649,991917,16803,106.584
Meta Ads,2022-08-10,CAMPAIGN123649,917040,14625,108.336
Meta Ads,2022-08-11,CAMPAIGN123649,816735,13396,93.8899996
Meta Ads,2022-08-12,CAMPAIGN123649,545756,8080,60.17
Meta Ads,2022-08-13,CAMPAIGN123649,300305,4590,32.792
Meta Ads,2022-08-14,CAMPAIGN123649,197174,3020,24.59
Meta Ads,2022-08-15,CAMPAIGN123649,87343,1354,9.716
Meta Ads,2022-08-16,CAMPAIGN123649,84925,1265,10.524
Meta Ads,2022-08-17,CAMPAIGN123649,38879,665,3.934
Meta Ads,2022-08-18,CAMPAIGN123649,15511,218,1.894
Meta Ads,2022-08-19,CAMPAIGN123649,15111,249,1.52
Meta Ads,2022-08-20,CAMPAIGN123649,8480,126,0.93
Meta Ads,2022-08-21,CAMPAIGN123649,1593,47,0.178
Meta Ads,2022-08-22,CAMPAIGN123287,4689827,96225,306.9300002
Meta Ads,2022-08-23,CAMPAIGN123287,4245161,82042,283.598
Meta Ads,2022-08-24,CAMPAIGN123287,3003551,58058,196.236
Meta Ads,2022-08-25,CAMPAIGN123287,2535836,50693,169.822
Meta Ads,2022-08-26,CAMPAIGN123287,1680146,34617,137.096
Meta Ads,2022-08-27,CAMPAIGN123287,1629131,27920,124.75
Meta Ads,2022-08-28,CAMPAIGN123287,1541153,27423,122.3
Meta Ads,2022-08-29,CAMPAIGN123287,1206855,20699,100.008
Meta Ads,2022-08-30,CAMPAIGN123287,1053435,21150,56.994
Meta Ads,2022-08-31,CAMPAIGN123287,674048,13581,37.438
Meta Ads,2022-09-01,CAMPAIGN123287,559879,11108,33.18
Meta Ads,2022-09-02,CAMPAIGN123287,537670,10363,56.478
Meta Ads,2022-09-03,CAMPAIGN123287,483512,8834,51.938
Meta Ads,2022-09-04,CAMPAIGN123287,435308,8108,43.696
Meta Ads,2022-09-05,CAMPAIGN123287,391455,7544,26.764
Meta Ads,2022-09-06,CAMPAIGN123287,359722,6568,22.46
Meta Ads,2022-09-07,CAMPAIGN123287,227860,5067,13.974
Meta Ads,2022-09-08,CAMPAIGN123287,165846,3285,11.39
Meta Ads,2022-09-09,CAMPAIGN123287,150311,2628,10.964
Meta Ads,2022-09-10,CAMPAIGN123287,139139,2873,18.462
Meta Ads,2022-09-11,CAMPAIGN123287,136697,2388,13.47
Meta Ads,2022-09-12,CAMPAIGN123287,132973,2407,17.288
Meta Ads,2022-09-13,CAMPAIGN123287,132273,2453,13.3620002
Meta Ads,2022-09-14,CAMPAIGN123287,128828,2260,14.512
Meta Ads,2022-09-15,CAMPAIGN123287,118019,2123,15.642
Meta Ads,2022-09-16,CAMPAIGN123287,110515,2223,13.38
Meta Ads,2022-09-17,CAMPAIGN123287,80201,1527,9.226
Meta Ads,2022-09-18,CAMPAIGN123287,30115,607,1.65
Meta Ads,2022-09-19,CAMPAIGN123568,1661037,72520,374.0339998
Meta Ads,2022-09-20,CAMPAIGN123534,1833392,81297,374.21
Meta Ads,2022-09-21,CAMPAIGN123548,1763627,24813,309.6940002
Meta Ads,2022-09-22,CAMPAIGN123548,270189,4653,60.306
Meta Ads,2022-09-23,CAMPAIGN123548,95591,1565,19.192
Meta Ads,2022-09-24,CAMPAIGN123358,3189430,58451,389.2
Meta Ads,2022-09-25,CAMPAIGN123158,11881045,255904,2212.762
Meta Ads,2022-09-26,CAMPAIGN123463,2169576,34823,2562.394
Meta Ads,2022-09-27,CAMPAIGN123513,1935272,31794,772.1540002
Meta Ads,2022-09-28,CAMPAIGN123380,2944296,91985,702.5139998
Meta Ads,2022-09-29,CAMPAIGN123733,1031803,20024,430.9259994
Meta Ads,2022-09-30,CAMPAIGN123228,6424103,131030,1259.662
Meta Ads,2022-10-01,CAMPAIGN123440,2376343,27871,1591.526
Meta Ads,2022-10-02,CAMPAIGN123440,708003,13170,240.6719998
Meta Ads,2022-10-03,CAMPAIGN123495,2013498,42178,1748.354
Meta Ads,2022-10-04,CAMPAIGN123634,1359190,27335,1200.606
Meta Ads,2022-10-05,CAMPAIGN123276,4890762,100397,1557.584
Meta Ads,2022-10-06,CAMPAIGN123286,4695315,76971,1324.74
Meta Ads,2022-10-07,CAMPAIGN123816,819368,16334,120.0500002
Meta Ads,2022-10-08,CAMPAIGN123816,227330,4874,57.156
Meta Ads,2022-10-09,CAMPAIGN123816,14771,287,4.518
Meta Ads,2022-10-10,CAMPAIGN123816,2951,59,1.044
Meta Ads,2022-10-11,CAMPAIGN124223,288425,4832,164.0839998
Meta Ads,2022-10-12,CAMPAIGN124223,131089,2039,31.172
Meta Ads,2022-10-13,CAMPAIGN124223,123125,2271,102.922
Meta Ads,2022-10-14,CAMPAIGN124223,15989,249,9.568
Meta Ads,2022-10-15,CAMPAIGN124223,10296,165,8.322
Meta Ads,2022-10-16,CAMPAIGN124223,6167,95,4.752
Meta Ads,2022-10-17,CAMPAIGN124223,4200,66,1.026
Meta Ads,2022-10-18,CAMPAIGN124223,2415,35,1.006
Meta Ads,2022-10-19,CAMPAIGN124223,289,2,0.298
Meta Ads,2022-10-20,CAMPAIGN123916,646321,15,967.2560008
Meta Ads,2022-10-21,CAMPAIGN123916,491425,17,719.062
Meta Ads,2022-10-22,CAMPAIGN123916,144945,7,213.4179998
Meta Ads,2022-10-23,CAMPAIGN123916,100168,7,147.212
Meta Ads,2022-10-24,CAMPAIGN123916,57174,1,87.7020002
Meta Ads,2022-10-25,CAMPAIGN123916,37212,0,58.842
Meta Ads,2022-10-26,CAMPAIGN123916,33484,0,51.02
Meta Ads,2022-10-27,CAMPAIGN123916,24310,1,35.9879998
Meta Ads,2022-10-28,CAMPAIGN123491,2034702,25059,1236.926
Meta Ads,2022-10-29,CAMPAIGN123491,833375,13821,478.464
Meta Ads,2022-10-30,CAMPAIGN123491,216401,4198,51.626
Meta Ads,2022-10-31,CAMPAIGN123491,25769,504,8.12
Meta Ads,2022-11-01,CAMPAIGN123218,6685453,135511,1292.818
Meta Ads,2022-11-02,CAMPAIGN123479,2065626,42709,1708.557999
Meta Ads,2022-11-03,CAMPAIGN123615,1432588,28491,929.3999998
Meta Ads,2022-11-04,CAMPAIGN123217,6691306,131331,1575.546
Meta Ads,2022-11-05,CAMPAIGN123267,5100859,83820,1364.386
Meta Ads,2022-11-06,CAMPAIGN123937,617047,25,943.482
Meta Ads,2022-11-07,CAMPAIGN123937,427703,14,650.6279998
Meta Ads,2022-11-08,CAMPAIGN123937,163442,4,248.8439994
Meta Ads,2022-11-09,CAMPAIGN123937,42396,2,64.436
Meta Ads,2022-11-10,CAMPAIGN123937,28002,2,43.8459998
Meta Ads,2022-11-11,CAMPAIGN123937,18872,0,28.778
Meta Ads,2022-11-12,CAMPAIGN123937,9771,1,16.9079998
Meta Ads,2022-11-13,CAMPAIGN123937,9727,1,13.902
Meta Ads,2022-11-14,CAMPAIGN123772,923222,18339,206.172
Meta Ads,2022-11-15,CAMPAIGN123772,83536,764,24.018
Meta Ads,2022-11-16,CAMPAIGN124250,259531,4712,197.41
Meta Ads,2022-11-17,CAMPAIGN124250,216977,3263,77.8160002
Meta Ads,2022-11-18,CAMPAIGN124250,143117,2207,43.988
Meta Ads,2022-11-19,CAMPAIGN124250,9361,151,2.004
Meta Ads,2022-11-20,CAMPAIGN124250,4683,66,1.924
Meta Ads,2022-11-21,CAMPAIGN124250,2280,26,0.69
Meta Ads,2022-11-22,CAMPAIGN124250,1979,29,0.536
Meta Ads,2022-11-23,CAMPAIGN124250,1671,32,0.422
Meta Ads,2022-11-24,CAMPAIGN123327,3722028,8823,193.8219994
Meta Ads,2022-11-25,CAMPAIGN123623,1414167,566,117.632
Meta Ads,2022-11-26,CAMPAIGN123623,523138,361,34.9179998
Meta Ads,2022-11-27,CAMPAIGN123623,211956,186,19.05
Meta Ads,2022-11-28,CAMPAIGN123379,2974464,5097,115.0000004
Meta Ads,2022-11-29,CAMPAIGN124444,88069,1525,121.77
Meta Ads,2022-11-30,CAMPAIGN124444,73748,1318,109.38
Meta Ads,2022-12-01,CAMPAIGN124444,1416,55,1.978
Meta Ads,2022-12-02,CAMPAIGN124444,1287,39,1.884
Meta Ads,2022-12-03,CAMPAIGN124423,104225,1817,174.014
Meta Ads,2022-12-04,CAMPAIGN124423,33300,526,55.03
Meta Ads,2022-12-05,CAMPAIGN124423,14330,318,23.396
Meta Ads,2022-12-06,CAMPAIGN124423,14270,244,24.814
Meta Ads,2022-12-07,CAMPAIGN124423,5578,124,9.0
Meta Ads,2022-12-08,CAMPAIGN124271,236735,4528,375.5300002
Meta Ads,2022-12-09,CAMPAIGN124271,154380,3162,236.074
Meta Ads,2022-12-10,CAMPAIGN124271,133470,3112,203.3240004
Meta Ads,2022-12-11,CAMPAIGN124404,116541,2298,190.6080002
Meta Ads,2022-12-12,CAMPAIGN124404,68074,1509,106.728
Meta Ads,2022-12-13,CAMPAIGN124404,41317,999,63.2040002
Meta Ads,2022-12-14,CAMPAIGN124404,34420,680,55.112
Meta Ads,2022-12-15,CAMPAIGN124354,152881,2690,234.536
Meta Ads,2022-12-16,CAMPAIGN124354,81935,1566,131.208
Meta Ads,2022-12-17,CAMPAIGN124354,60616,1090,89.2139998
Meta Ads,2022-12-18,CAMPAIGN124354,42242,843,65.4860002
Meta Ads,2022-12-19,CAMPAIGN124354,22197,448,33.71
Meta Ads,2022-12-20,CAMPAIGN124511,31696,553,43.5940004
Meta Ads,2022-12-21,CAMPAIGN124545,7750,151,12.058
Meta Ads,2022-12-22,CAMPAIGN124545,2722,46,4.38
Meta Ads,2022-12-23,CAMPAIGN124545,676,5,1.088
Meta Ads,2022-12-24,CAMPAIGN124545,195,3,0.308
Meta Ads,2022-12-25,CAMPAIGN124195,309380,10777,750.664
Meta Ads,2022-12-26,CAMPAIGN124195,286456,9143,673.1359998
Meta Ads,2022-12-27,CAMPAIGN124195,143098,2073,222.5440002
Meta Ads,2022-12-28,CAMPAIGN124195,97670,2174,191.692
Meta Ads,2022-12-29,CAMPAIGN124195,91159,1117,143.0020002
Meta Ads,2022-12-30,CAMPAIGN124195,88811,2174,176.2220002
Meta Ads,2022-12-31,CAMPAIGN124195,79614,2159,153.94
Meta Ads,2022-01-01,CAMPAIGN124195,75428,951,118.286
Meta Ads,2022-01-02,CAMPAIGN124195,71825,1799,136.726
Meta Ads,2022-01-03,CAMPAIGN124195,71302,937,135.4479998
Meta Ads,2022-01-04,CAMPAIGN124195,64004,1366,133.2840002
Meta Ads,2022-01-05,CAMPAIGN124195,62798,841,101.65
Meta Ads,2022-01-06,CAMPAIGN124195,45366,1210,87.1020002
Meta Ads,2022-01-07,CAMPAIGN124195,44644,625,70.61
Meta Ads,2022-01-08,CAMPAIGN124195,41193,1151,76.1560002
Meta Ads,2022-01-09,CAMPAIGN124195,28673,721,52.214
Meta Ads,2022-01-10,CAMPAIGN124195,25108,747,46.424
Meta Ads,2022-01-11,CAMPAIGN124195,3986,114,8.694
Meta Ads,2022-01-12,CAMPAIGN124195,2939,107,6.34
Meta Ads,2022-01-13,CAMPAIGN124195,1476,49,2.662
Meta Ads,2022-01-14,CAMPAIGN124195,1195,52,2.172
Meta Ads,2022-01-15,CAMPAIGN123489,2037083,58924,327.5140002
Meta Ads,2022-01-16,CAMPAIGN123489,960871,24914,147.702
Meta Ads,2022-01-17,CAMPAIGN123787,885492,22816,592.722
Meta Ads,2022-01-18,CAMPAIGN123787,233814,6423,170.078
Meta Ads,2022-01-19,CAMPAIGN124506,36494,530,46.736
Meta Ads,2022-01-20,CAMPAIGN124506,892,25,0.672
Meta Ads,2022-01-21,CAMPAIGN124541,9510,116,14.194
Meta Ads,2022-01-22,CAMPAIGN124541,2071,39,3.18
Meta Ads,2022-01-23,CAMPAIGN124541,273,5,0.404
Meta Ads,2022-01-24,CAMPAIGN124541,15,1,0.026
Meta Ads,2022-01-25,CAMPAIGN123268,5059818,120849,623.606
Meta Ads,2022-01-26,CAMPAIGN123550,1749082,21007,364.2000004
Meta Ads,2022-01-27,CAMPAIGN123384,2920641,45527,364.2
Meta Ads,2022-01-28,CAMPAIGN123620,1421632,18976,186.102
Meta Ads,2022-01-29,CAMPAIGN123620,653499,11818,108.0
Meta Ads,2022-01-30,CAMPAIGN123620,470050,6522,62.454
Meta Ads,2022-01-31,CAMPAIGN123620,392620,5260,55.414
Meta Ads,2022-02-01,CAMPAIGN123620,304594,4319,43.228
Meta Ads,2022-02-02,CAMPAIGN123620,300942,4057,37.486
Meta Ads,2022-02-03,CAMPAIGN123620,108476,1628,12.678
Meta Ads,2022-02-04,CAMPAIGN123620,94303,1310,12.172
Meta Ads,2022-02-05,CAMPAIGN123620,74485,936,9.936
Meta Ads,2022-02-06,CAMPAIGN123338,3488199,80148,658.1459996
Meta Ads,2022-02-07,CAMPAIGN123196,7267557,145074,824.198
Meta Ads,2022-02-08,CAMPAIGN123196,3915938,78344,334.7699998
Meta Ads,2022-02-09,CAMPAIGN123196,2780821,68299,350.0540004
Meta Ads,2022-02-10,CAMPAIGN123196,2671457,55574,263.976
Meta Ads,2022-02-11,CAMPAIGN123375,3016050,76181,883.1999994
Meta Ads,2022-02-12,CAMPAIGN123603,1514191,23781,137.284
Meta Ads,2022-02-13,CAMPAIGN123603,620501,9562,52.876
Meta Ads,2022-02-14,CAMPAIGN123603,582059,9965,73.328
Meta Ads,2022-02-15,CAMPAIGN123603,283499,4107,30.428
Meta Ads,2022-02-16,CAMPAIGN123603,42170,1066,5.766
Meta Ads,2022-02-17,CAMPAIGN123603,39605,905,5.668
Meta Ads,2022-02-18,CAMPAIGN123603,8536,115,0.46
Meta Ads,2022-02-19,CAMPAIGN123603,3126,46,0.162
Meta Ads,2022-02-20,CAMPAIGN123252,5512658,71596,908.0419998
Meta Ads,2022-02-21,CAMPAIGN123252,105282,950,66.934
Meta Ads,2022-02-22,CAMPAIGN123347,3374086,73388,785.1699998
Meta Ads,2022-02-23,CAMPAIGN123347,481539,7590,65.16
Meta Ads,2022-02-24,CAMPAIGN123347,280901,4605,78.766
Meta Ads,2022-02-25,CAMPAIGN123347,6385,68,3.46
Meta Ads,2022-02-26,CAMPAIGN123408,2699549,44132,529.092
Meta Ads,2022-02-27,CAMPAIGN123408,2291705,25268,321.096
Meta Ads,2022-02-28,CAMPAIGN123408,248219,4190,74.244
Meta Ads,2022-03-01,CAMPAIGN123408,18191,125,8.27
Meta Ads,2022-03-02,CAMPAIGN123408,15923,135,7.606
Meta Ads,2022-03-03,CAMPAIGN123408,14883,152,9.896
Meta Ads,2022-03-04,CAMPAIGN123162,10771273,298046,1843.52
Meta Ads,2022-03-05,CAMPAIGN123162,850777,36503,249.124
Meta Ads,2022-03-06,CAMPAIGN123162,89830,2114,35.352
Meta Ads,2022-03-07,CAMPAIGN123162,61050,1845,24.352
Meta Ads,2022-03-08,CAMPAIGN123162,47599,1010,21.96
Meta Ads,2022-03-09,CAMPAIGN123162,41650,880,21.424
Meta Ads,2022-03-10,CAMPAIGN123263,5190167,309536,1321.962
Meta Ads,2022-03-11,CAMPAIGN123263,3728075,175493,741.734
Meta Ads,2022-03-12,CAMPAIGN123263,88046,4244,29.14
Meta Ads,2022-03-13,CAMPAIGN123263,47106,2111,17.698
Meta Ads,2022-03-14,CAMPAIGN123263,31268,1491,16.948
Meta Ads,2022-03-15,CAMPAIGN123263,22299,556,9.428
Meta Ads,2022-03-16,CAMPAIGN123263,17225,369,6.818
Meta Ads,2022-03-17,CAMPAIGN123263,16262,359,7.644
Meta Ads,2022-03-18,CAMPAIGN123263,15634,245,8.282
Meta Ads,2022-03-19,CAMPAIGN123263,15463,227,9.012
Meta Ads,2022-03-20,CAMPAIGN123263,15445,274,7.084
Meta Ads,2022-03-21,CAMPAIGN123263,14264,216,6.436
Meta Ads,2022-03-22,CAMPAIGN123263,12961,198,7.188
Meta Ads,2022-03-23,CAMPAIGN123263,12819,170,6.374
Meta Ads,2022-03-24,CAMPAIGN123240,5881885,215600,1257.04
Meta Ads,2022-03-25,CAMPAIGN123240,1628904,108394,672.8600002
Meta Ads,2022-03-26,CAMPAIGN123240,739219,26427,167.594
Meta Ads,2022-03-27,CAMPAIGN123240,106569,4040,38.564
Meta Ads,2022-03-28,CAMPAIGN123240,98680,3487,35.774
Meta Ads,2022-03-29,CAMPAIGN123240,43395,800,15.48
Meta Ads,2022-03-30,CAMPAIGN123239,5915105,241304,1655.71
Meta Ads,2022-03-31,CAMPAIGN123239,1542416,30436,264.2359998
Meta Ads,2022-04-01,CAMPAIGN123239,654662,23084,186.384
Meta Ads,2022-04-02,CAMPAIGN123239,71319,1819,30.744
Meta Ads,2022-04-03,CAMPAIGN123239,70862,1605,25.486
Meta Ads,2022-04-04,CAMPAIGN123239,66838,1509,26.616
Meta Ads,2022-04-05,CAMPAIGN123220,6636065,186105,939.6619996
Meta Ads,2022-04-06,CAMPAIGN123220,1574568,69197,363.6739998
Meta Ads,2022-04-07,CAMPAIGN123220,1380018,73460,437.034
Meta Ads,2022-04-08,CAMPAIGN123220,794566,42315,243.42
Meta Ads,2022-04-09,CAMPAIGN123220,453707,18053,111.702
Meta Ads,2022-04-10,CAMPAIGN123220,266278,11835,78.07
Meta Ads,2022-04-11,CAMPAIGN123220,26471,514,10.912
Meta Ads,2022-04-12,CAMPAIGN123220,25069,550,10.65
Meta Ads,2022-04-13,CAMPAIGN123180,8528777,408764,2098.946
Meta Ads,2022-04-14,CAMPAIGN123180,65175,1925,28.586
Meta Ads,2022-04-15,CAMPAIGN123180,53785,702,26.406
Meta Ads,2022-04-16,CAMPAIGN123180,32172,375,14.988
Meta Ads,2022-04-17,CAMPAIGN123180,29133,259,14.918
Meta Ads,2022-04-18,CAMPAIGN123180,25852,199,10.796
Meta Ads,2022-04-19,CAMPAIGN124005,537627,28615,130.002
Meta Ads,2022-04-20,CAMPAIGN124005,41118,457,19.794
Meta Ads,2022-04-21,CAMPAIGN124084,441659,7810,152.862
Meta Ads,2022-04-22,CAMPAIGN124084,35370,58,6.67
Meta Ads,2022-04-23,CAMPAIGN124272,236503,13017,49.794
Meta Ads,2022-04-24,CAMPAIGN123703,1146849,61050,281.39
Meta Ads,2022-04-25,CAMPAIGN123703,99722,1115,37.806
Meta Ads,2022-04-26,CAMPAIGN124218,291408,9906,69.248
Meta Ads,2022-04-27,CAMPAIGN124218,3026,75,0.55
Meta Ads,2022-04-28,CAMPAIGN124085,440859,24729,124.476
Meta Ads,2022-04-29,CAMPAIGN124085,72359,2734,23.306
Meta Ads,2022-04-30,CAMPAIGN124177,334519,8149,168.176
Meta Ads,2022-05-01,CAMPAIGN124177,84135,2823,29.316
Meta Ads,2022-05-02,CAMPAIGN124177,42168,312,11.834
Meta Ads,2022-05-03,CAMPAIGN124368,143221,10045,37.5
Meta Ads,2022-05-04,CAMPAIGN124368,20792,1414,4.5
Meta Ads,2022-05-05,CAMPAIGN123876,711651,39258,166.8580002
Meta Ads,2022-05-06,CAMPAIGN123876,219327,5337,69.246
Meta Ads,2022-05-07,CAMPAIGN124491,49007,5308,15.8
Meta Ads,2022-05-08,CAMPAIGN124465,71143,3495,18.642
Meta Ads,2022-05-09,CAMPAIGN124465,26055,1555,5.156
Meta Ads,2022-05-10,CAMPAIGN123181,8498567,439006,1987.588
Meta Ads,2022-05-11,CAMPAIGN123181,363604,21338,122.532
Meta Ads,2022-05-12,CAMPAIGN123181,71517,1368,32.904
Meta Ads,2022-05-13,CAMPAIGN123181,61354,1269,31.542
Meta Ads,2022-05-14,CAMPAIGN123181,49139,560,20.434
Meta Ads,2022-05-15,CAMPAIGN123194,7414859,468982,1956.206
Meta Ads,2022-05-16,CAMPAIGN123194,421386,19898,96.016
Meta Ads,2022-05-17,CAMPAIGN123194,134181,4516,48.332
Meta Ads,2022-05-18,CAMPAIGN123194,87058,2780,33.956
Meta Ads,2022-05-19,CAMPAIGN123194,85694,2798,29.306
Meta Ads,2022-05-20,CAMPAIGN123194,82755,2029,31.184
Meta Ads,2022-05-21,CAMPAIGN123480,2063070,101988,1406.528
Meta Ads,2022-05-22,CAMPAIGN123480,961917,68695,393.4939998
Meta Ads,2022-05-23,CAMPAIGN123480,294416,16320,287.724
Meta Ads,2022-05-24,CAMPAIGN123480,121324,5527,55.152
Meta Ads,2022-05-25,CAMPAIGN123480,51014,1564,29.266
Meta Ads,2022-05-26,CAMPAIGN123480,35154,499,21.744
Meta Ads,2022-05-27,CAMPAIGN123333,3588563,67206,793.3080002
Meta Ads,2022-05-28,CAMPAIGN123333,3378423,97874,1069.374
Meta Ads,2022-05-29,CAMPAIGN123333,799313,17250,223.978
Meta Ads,2022-05-30,CAMPAIGN123333,155640,2773,44.646
Meta Ads,2022-05-31,CAMPAIGN123333,72051,1182,25.17
Meta Ads,2022-06-01,CAMPAIGN123185,8337903,292642,1694.196
Meta Ads,2022-06-02,CAMPAIGN123185,1071678,52366,377.942
Meta Ads,2022-06-03,CAMPAIGN123185,39567,614,20.074
Meta Ads,2022-06-04,CAMPAIGN123185,32569,577,8.752
Meta Ads,2022-06-05,CAMPAIGN123185,30301,1011,15.454
Meta Ads,2022-06-06,CAMPAIGN123185,20080,203,7.586
Meta Ads,2022-06-07,CAMPAIGN123185,20030,245,8.788
Meta Ads,2022-06-08,CAMPAIGN123185,18533,398,8.024
Meta Ads,2022-06-09,CAMPAIGN123185,17314,177,7.778
Meta Ads,2022-06-10,CAMPAIGN123185,16625,209,7.986
Meta Ads,2022-06-11,CAMPAIGN123355,3231773,108313,1257.204
Meta Ads,2022-06-12,CAMPAIGN123355,1686944,51090,650.88
Meta Ads,2022-06-13,CAMPAIGN123355,485564,8447,137.06
Meta Ads,2022-06-14,CAMPAIGN123355,259717,5262,87.758
Meta Ads,2022-06-15,CAMPAIGN123355,71773,1417,23.474
Meta Ads,2022-06-16,CAMPAIGN124171,337549,4956,516.97
Meta Ads,2022-06-17,CAMPAIGN124171,41268,1336,61.214
Meta Ads,2022-06-18,CAMPAIGN124078,444963,5309,701.9739996
Meta Ads,2022-06-19,CAMPAIGN124078,6534,135,9.686
Meta Ads,2022-06-20,CAMPAIGN124273,234337,3179,344.9920002
Meta Ads,2022-06-21,CAMPAIGN124273,16773,312,27.416
Meta Ads,2022-06-22,CAMPAIGN124273,12932,350,16.844
Meta Ads,2022-06-23,CAMPAIGN124273,6309,229,9.528
Meta Ads,2022-06-24,CAMPAIGN123851,748655,13693,1181.424
Meta Ads,2022-06-25,CAMPAIGN123851,110274,4594,166.702
Meta Ads,2022-06-26,CAMPAIGN123912,651920,8232,1019.952
Meta Ads,2022-06-27,CAMPAIGN123912,12237,155,19.308
Meta Ads,2022-06-28,CAMPAIGN124317,197059,2888,294.3339996
Meta Ads,2022-06-29,CAMPAIGN124317,1090,18,1.464
Meta Ads,2022-06-30,CAMPAIGN124015,523933,6023,793.2980006
Meta Ads,2022-07-01,CAMPAIGN124015,11989,192,16.044
Meta Ads,2022-07-02,CAMPAIGN124513,29079,530,45.836
Meta Ads,2022-07-03,CAMPAIGN124513,16979,312,27.142
Meta Ads,2022-07-04,CAMPAIGN124513,291,8,0.382
Meta Ads,2022-07-05,CAMPAIGN124513,291,5,0.452
Meta Ads,2022-07-06,CAMPAIGN124513,240,4,0.358
Meta Ads,2022-07-07,CAMPAIGN124513,152,3,0.21
Meta Ads,2022-07-08,CAMPAIGN124528,17192,269,26.284
Meta Ads,2022-07-09,CAMPAIGN124528,9541,134,14.618
Meta Ads,2022-07-10,CAMPAIGN124528,2441,41,3.824
Meta Ads,2022-07-11,CAMPAIGN124528,2420,49,3.874
Meta Ads,2022-07-12,CAMPAIGN124528,93,1,0.148
Meta Ads,2022-07-13,CAMPAIGN124528,30,1,0.042
Meta Ads,2022-07-14,CAMPAIGN124528,24,1,0.036
Meta Ads,2022-07-15,CAMPAIGN124528,23,1,0.034
Meta Ads,2022-07-16,CAMPAIGN124528,22,0,0.02
Meta Ads,2022-07-17,CAMPAIGN124528,19,1,0.028
Meta Ads,2022-07-18,CAMPAIGN124528,16,0,0.016
Meta Ads,2022-07-19,CAMPAIGN124528,14,0,0.028
Meta Ads,2022-07-20,CAMPAIGN124528,12,1,0.014
Meta Ads,2022-07-21,CAMPAIGN124528,7,0,0.01
Meta Ads,2022-07-22,CAMPAIGN124528,7,0,0.006
Meta Ads,2022-07-23,CAMPAIGN124537,12007,182,19.632
Meta Ads,2022-07-24,CAMPAIGN124537,10794,157,17.856
Meta Ads,2022-07-25,CAMPAIGN124537,165,5,0.246
Meta Ads,2022-07-26,CAMPAIGN124537,164,2,0.222
Meta Ads,2022-07-27,CAMPAIGN124537,101,1,0.132
Meta Ads,2022-07-28,CAMPAIGN124537,53,4,0.072
Meta Ads,2022-07-29,CAMPAIGN124526,17748,266,28.562
Meta Ads,2022-07-30,CAMPAIGN124526,5566,76,9.072
Meta Ads,2022-07-31,CAMPAIGN124526,3391,49,5.354
Meta Ads,2022-08-01,CAMPAIGN124526,206,2,0.278
Meta Ads,2022-08-02,CAMPAIGN124526,122,1,0.18
Meta Ads,2022-08-03,CAMPAIGN124526,83,1,0.098
Meta Ads,2022-08-04,CAMPAIGN124526,80,2,0.1
Meta Ads,2022-08-05,CAMPAIGN124526,36,3,0.032
Meta Ads,2022-08-06,CAMPAIGN124422,105345,1413,148.958
Meta Ads,2022-08-07,CAMPAIGN124422,11419,161,14.472
Meta Ads,2022-08-08,CAMPAIGN124422,10249,80,15.676
Meta Ads,2022-08-09,CAMPAIGN124422,339,7,0.53
Meta Ads,2022-08-10,CAMPAIGN124324,187207,3463,278.83
Meta Ads,2022-08-11,CAMPAIGN124324,156901,2449,232.3439998
Meta Ads,2022-08-12,CAMPAIGN124324,19173,468,29.938
Meta Ads,2022-08-13,CAMPAIGN124324,13162,432,22.134
Meta Ads,2022-08-14,CAMPAIGN124324,5955,65,9.548
Meta Ads,2022-08-15,CAMPAIGN124324,3648,35,5.76
Meta Ads,2022-08-16,CAMPAIGN124324,640,12,1.098
Meta Ads,2022-08-17,CAMPAIGN124324,345,7,0.54
Meta Ads,2022-08-18,CAMPAIGN124167,341853,8526,65.442
Meta Ads,2022-08-19,CAMPAIGN124167,3773,149,1.196
Meta Ads,2022-08-20,CAMPAIGN124167,1519,54,0.37
Meta Ads,2022-08-21,CAMPAIGN124167,932,24,0.186
Meta Ads,2022-08-22,CAMPAIGN124167,122,2,0.006
Meta Ads,2022-08-23,CAMPAIGN123664,1292933,11430,246.944
Meta Ads,2022-08-24,CAMPAIGN123642,1345318,19562,153.962
Meta Ads,2022-08-25,CAMPAIGN123642,336831,4685,33.992
Meta Ads,2022-08-26,CAMPAIGN123754,987603,7400,207.7600002
Meta Ads,2022-08-27,CAMPAIGN123754,54822,723,25.954
Meta Ads,2022-08-28,CAMPAIGN123754,37285,223,5.482
Meta Ads,2022-08-29,CAMPAIGN123973,568630,14958,130.624
Meta Ads,2022-08-30,CAMPAIGN123973,171676,2175,31.8279998
Meta Ads,2022-08-31,CAMPAIGN123973,81198,996,16.79
Meta Ads,2022-09-01,CAMPAIGN123973,74735,821,8.668
Meta Ads,2022-09-02,CAMPAIGN124432,95195,5073,31.596
Meta Ads,2022-09-03,CAMPAIGN124471,67096,1392,108.0740002
Meta Ads,2022-09-04,CAMPAIGN124471,43826,704,75.05
Meta Ads,2022-09-05,CAMPAIGN124471,39906,623,69.728
Meta Ads,2022-09-06,CAMPAIGN124471,36836,688,59.768
Meta Ads,2022-09-07,CAMPAIGN124471,36416,597,67.726
Meta Ads,2022-09-08,CAMPAIGN124471,32511,538,52.7179998
Meta Ads,2022-09-09,CAMPAIGN124471,19859,332,39.95
Meta Ads,2022-09-10,CAMPAIGN124471,7815,112,23.94
Meta Ads,2022-09-11,CAMPAIGN124416,109482,2573,175.594
Meta Ads,2022-09-12,CAMPAIGN124416,107798,2083,176.0340002
Meta Ads,2022-09-13,CAMPAIGN124416,106787,2162,178.2219998
Meta Ads,2022-09-14,CAMPAIGN124416,76929,1678,130.3679998
Meta Ads,2022-09-15,CAMPAIGN124416,69800,1625,115.528
Meta Ads,2022-09-16,CAMPAIGN124416,65715,1362,107.082
Meta Ads,2022-09-17,CAMPAIGN124376,136377,2283,214.652
Meta Ads,2022-09-18,CAMPAIGN124376,32065,560,50.476
Meta Ads,2022-09-19,CAMPAIGN124376,20744,304,29.446
Meta Ads,2022-09-20,CAMPAIGN124376,351,9,0.538
Meta Ads,2022-09-21,CAMPAIGN124376,279,13,0.448
Meta Ads,2022-09-22,CAMPAIGN124376,99,7,0.15
Meta Ads,2022-09-23,CAMPAIGN123170,9710411,270469,1552.082
Meta Ads,2022-09-24,CAMPAIGN123170,278697,8712,43.918
Meta Ads,2022-09-25,CAMPAIGN123332,3605135,50711,653.9060002
Meta Ads,2022-09-26,CAMPAIGN123332,603155,10265,147.058
Meta Ads,2022-09-27,CAMPAIGN123332,174338,3916,41.042
Meta Ads,2022-09-28,CAMPAIGN123658,1306488,18065,513.4340002
Meta Ads,2022-09-29,CAMPAIGN123658,708019,9215,173.7440002
Meta Ads,2022-09-30,CAMPAIGN123658,439966,5488,173.3560002
Meta Ads,2022-10-01,CAMPAIGN123658,161182,2138,85.914
Meta Ads,2022-10-02,CAMPAIGN123826,792543,15328,1352.722
Meta Ads,2022-10-03,CAMPAIGN123826,121598,2162,200.1019998
Meta Ads,2022-10-04,CAMPAIGN123826,33038,553,57.014
Meta Ads,2022-10-05,CAMPAIGN124318,195198,3500,305.9419998
Meta Ads,2022-10-06,CAMPAIGN124318,168684,3216,254.802
Meta Ads,2022-10-07,CAMPAIGN124318,147562,2563,221.64
Meta Ads,2022-10-08,CAMPAIGN124318,77686,1393,119.356
Meta Ads,2022-10-09,CAMPAIGN123842,759378,12161,1162.276
Meta Ads,2022-10-10,CAMPAIGN123681,1201495,65442,244.146
Meta Ads,2022-10-11,CAMPAIGN123681,37078,1434,2.898
Meta Ads,2022-10-12,CAMPAIGN123657,1307558,75227,246.9220002
Meta Ads,2022-10-13,CAMPAIGN123558,1710223,36236,315.2800004
Meta Ads,2022-10-14,CAMPAIGN123558,131677,2691,30.792
Meta Ads,2022-10-15,CAMPAIGN123346,3384388,56653,710.4959998
Meta Ads,2022-10-16,CAMPAIGN123346,497403,8726,134.584
Meta Ads,2022-10-17,CAMPAIGN123346,18378,834,12.208
Meta Ads,2022-10-18,CAMPAIGN123346,13403,588,8.276
Meta Ads,2022-10-19,CAMPAIGN123346,7594,353,4.928
Meta Ads,2022-10-20,CAMPAIGN123346,7484,313,5.074
Meta Ads,2022-10-21,CAMPAIGN123346,4367,191,3.068
Meta Ads,2022-10-22,CAMPAIGN123346,3627,190,2.812
Meta Ads,2022-10-23,CAMPAIGN123539,1806665,24850,367.3759998
Meta Ads,2022-10-24,CAMPAIGN124331,175547,3729,281.5820004
Meta Ads,2022-10-25,CAMPAIGN124449,85094,1620,161.1599998
YouTube,2022-01-01,CAMPAIGN54947,2551067,12783,603.521285
YouTube,2022-01-02,CAMPAIGN54947,2551067,12780,603.521285
YouTube,2022-01-03,CAMPAIGN55006,1393926,3657,304.5057396
YouTube,2022-01-04,CAMPAIGN55006,1393926,3657,304.5057396
YouTube,2022-01-05,CAMPAIGN54797,6787327,17794,1607.222785
YouTube,2022-01-06,CAMPAIGN54797,973705,2306,230.5150146
YouTube,2022-01-07,CAMPAIGN54888,3881395,11056,747.5626352
YouTube,2022-01-08,CAMPAIGN54888,708821,1677,139.3494232
YouTube,2022-01-09,CAMPAIGN55059,536382,1117,103.7306844
YouTube,2022-01-10,CAMPAIGN55059,159642,524,27.3181552
YouTube,2022-01-11,CAMPAIGN55059,68875,127,13.504893
YouTube,2022-01-12,CAMPAIGN55059,19054,51,3.3255034
YouTube,2022-01-13,CAMPAIGN55057,557503,1086,100.7825654
YouTube,2022-01-14,CAMPAIGN55057,235033,682,41.8778422
YouTube,2022-01-15,CAMPAIGN55057,75138,118,13.736994
YouTube,2022-01-16,CAMPAIGN55057,25789,57,4.6984584
YouTube,2022-01-17,CAMPAIGN55032,895621,2744,182.2152046
YouTube,2022-01-18,CAMPAIGN55032,243195,577,45.6606038
YouTube,2022-01-19,CAMPAIGN55032,108425,271,21.0899706
YouTube,2022-01-20,CAMPAIGN55032,45639,105,9.4456752
YouTube,2022-01-21,CAMPAIGN55032,36253,158,8.4463832
YouTube,2022-01-22,CAMPAIGN55040,753254,1781,155.4048238
YouTube,2022-01-23,CAMPAIGN55040,187210,389,35.7645564
YouTube,2022-01-24,CAMPAIGN55040,88585,197,17.4413842
YouTube,2022-01-25,CAMPAIGN55040,71160,174,13.052174
YouTube,2022-01-26,CAMPAIGN55040,17936,52,3.5158248
YouTube,2022-01-27,CAMPAIGN55058,552731,3063,53.7526122
YouTube,2022-01-28,CAMPAIGN55058,180548,425,30.1694364
YouTube,2022-01-29,CAMPAIGN55087,320688,13,47.9785912
YouTube,2022-01-30,CAMPAIGN55064,504589,312,65.9333228
YouTube,2022-01-31,CAMPAIGN55064,171033,182,28.3458486
YouTube,2022-02-01,CAMPAIGN55064,116744,48,12.6224148
YouTube,2022-02-02,CAMPAIGN55064,35255,13,4.899346
YouTube,2022-02-03,CAMPAIGN55083,342733,51,37.157148
YouTube,2022-02-04,CAMPAIGN55083,139593,72,24.2321812
YouTube,2022-02-05,CAMPAIGN55042,718123,2756,147.7787828
YouTube,2022-02-06,CAMPAIGN55097,263522,644,59.95466
YouTube,2022-02-07,CAMPAIGN55115,134833,303,25.1025628
YouTube,2022-02-08,CAMPAIGN55115,81890,291,15.6838502
YouTube,2022-02-09,CAMPAIGN55115,19324,53,3.3148426
YouTube,2022-02-10,CAMPAIGN55115,17175,88,3.0379666
YouTube,2022-02-11,CAMPAIGN55115,10175,18,1.5529192
YouTube,2022-02-12,CAMPAIGN55115,8952,37,1.7121502
YouTube,2022-02-13,CAMPAIGN55115,8802,39,1.7772186
YouTube,2022-02-14,CAMPAIGN55115,5356,20,1.0244902
YouTube,2022-02-15,CAMPAIGN55115,5188,11,0.9348254
YouTube,2022-02-16,CAMPAIGN55115,4278,3,0.8681756
YouTube,2022-02-17,CAMPAIGN55115,3506,17,0.6806186
YouTube,2022-02-18,CAMPAIGN55115,2337,9,0.5079884
YouTube,2022-02-19,CAMPAIGN55090,298595,414,61.245565
YouTube,2022-02-20,CAMPAIGN55090,89060,143,18.6618118
YouTube,2022-02-21,CAMPAIGN55090,22973,42,3.8018578
YouTube,2022-02-22,CAMPAIGN55090,20430,13,4.2797768
YouTube,2022-02-23,CAMPAIGN55090,8745,1,1.1475336
YouTube,2022-02-24,CAMPAIGN55090,7973,13,1.3839764
YouTube,2022-02-25,CAMPAIGN55090,3594,1,0.7434704
YouTube,2022-02-26,CAMPAIGN55090,2125,0,0.3734018
YouTube,2022-02-27,CAMPAIGN55090,1921,1,0.492067
YouTube,2022-02-28,CAMPAIGN55090,1795,1,0.4180128
YouTube,2022-03-01,CAMPAIGN55090,1025,0,0.241859
YouTube,2022-03-02,CAMPAIGN55090,804,2,0.2036412
YouTube,2022-03-03,CAMPAIGN55090,313,0,0.0665364
YouTube,2022-03-04,CAMPAIGN55090,243,0,0.0633738
YouTube,2022-03-05,CAMPAIGN55090,207,0,0.0489692
YouTube,2022-03-06,CAMPAIGN55090,112,0,0.0337578
YouTube,2022-03-07,CAMPAIGN55093,282831,357,57.862003
YouTube,2022-03-08,CAMPAIGN55027,1003573,3478,161.2149316
YouTube,2022-03-09,CAMPAIGN55027,336557,776,57.7112896
YouTube,2022-03-10,CAMPAIGN55027,256799,1269,42.7652676
YouTube,2022-03-11,CAMPAIGN55027,178117,265,33.6420968
YouTube,2022-03-12,CAMPAIGN55027,148566,283,21.5506774
YouTube,2022-03-13,CAMPAIGN55027,50179,80,9.2797996
YouTube,2022-03-14,CAMPAIGN55027,35010,45,4.8074288
YouTube,2022-03-15,CAMPAIGN55027,33020,68,4.421405
YouTube,2022-03-16,CAMPAIGN55027,8329,20,1.5358028
YouTube,2022-03-17,CAMPAIGN55027,8220,11,1.5823508
YouTube,2022-03-18,CAMPAIGN55027,7591,8,1.5471478
YouTube,2022-03-19,CAMPAIGN55027,7154,13,1.3179246
YouTube,2022-03-20,CAMPAIGN55027,582,1,0.0866624
YouTube,2022-03-21,CAMPAIGN55027,490,1,0.076544
YouTube,2022-03-22,CAMPAIGN55027,459,0,0.0764202
YouTube,2022-03-23,CAMPAIGN55027,324,0,0.0571714
YouTube,2022-03-24,CAMPAIGN55105,215240,244,35.822596
YouTube,2022-03-25,CAMPAIGN55105,131160,293,24.6686548
YouTube,2022-03-26,CAMPAIGN55105,60363,137,7.4103682
YouTube,2022-03-27,CAMPAIGN55105,41509,96,6.295435
YouTube,2022-03-28,CAMPAIGN55105,21227,26,3.8160806
YouTube,2022-03-29,CAMPAIGN55105,21005,68,2.6867888
YouTube,2022-03-30,CAMPAIGN55105,6787,12,1.1583676
YouTube,2022-03-31,CAMPAIGN55105,5904,5,1.0123402
YouTube,2022-04-01,CAMPAIGN55105,4192,15,0.6884708
YouTube,2022-04-02,CAMPAIGN55105,3923,5,0.5193752
YouTube,2022-04-03,CAMPAIGN55105,3133,3,0.5758266
YouTube,2022-04-04,CAMPAIGN55105,2841,3,0.5452386
YouTube,2022-04-05,CAMPAIGN55105,2483,3,0.3545902
YouTube,2022-04-06,CAMPAIGN55105,1615,2,0.2597324
YouTube,2022-04-07,CAMPAIGN55105,1376,1,0.2392036
YouTube,2022-04-08,CAMPAIGN55105,644,0,0.1266012
YouTube,2022-04-09,CAMPAIGN55094,277757,420,47.5379356
YouTube,2022-04-10,CAMPAIGN55094,197362,543,38.622556
YouTube,2022-04-11,CAMPAIGN55094,62086,114,10.1233522
YouTube,2022-04-12,CAMPAIGN55094,45503,44,9.3111146
YouTube,2022-04-13,CAMPAIGN55094,41358,23,8.4545176
YouTube,2022-04-14,CAMPAIGN55094,28563,102,5.068969
YouTube,2022-04-15,CAMPAIGN55094,26115,44,6.525196
YouTube,2022-04-16,CAMPAIGN55094,15027,21,2.7491066
YouTube,2022-04-17,CAMPAIGN55094,13615,59,2.8763036
YouTube,2022-04-18,CAMPAIGN55094,11267,8,1.525314
YouTube,2022-04-19,CAMPAIGN55094,7395,18,1.5697964
YouTube,2022-04-20,CAMPAIGN55094,4856,10,1.174727
YouTube,2022-04-21,CAMPAIGN55095,270161,28,39.6107478
YouTube,2022-04-22,CAMPAIGN55095,168646,51,28.3204552
YouTube,2022-04-23,CAMPAIGN55095,33703,4,3.4501024
YouTube,2022-04-24,CAMPAIGN55095,25523,8,2.4687248
YouTube,2022-04-25,CAMPAIGN55095,24062,6,3.5370538
YouTube,2022-04-26,CAMPAIGN55095,18164,5,3.1882346
YouTube,2022-04-27,CAMPAIGN55095,6735,1,0.6526452
YouTube,2022-04-28,CAMPAIGN55095,5879,0,0.4941288
YouTube,2022-04-29,CAMPAIGN55095,2079,2,0.2809858
YouTube,2022-04-30,CAMPAIGN55095,1623,0,0.2577394
YouTube,2022-05-01,CAMPAIGN55095,1536,2,0.1977298
YouTube,2022-05-02,CAMPAIGN55095,1500,0,0.2413984
YouTube,2022-05-03,CAMPAIGN55095,1228,0,0.1904618
YouTube,2022-05-04,CAMPAIGN55095,1162,0,0.168681
YouTube,2022-05-05,CAMPAIGN55095,969,2,0.1568592
YouTube,2022-05-06,CAMPAIGN55095,537,0,0.0972628
YouTube,2022-05-07,CAMPAIGN55024,1042202,206,147.238049
YouTube,2022-05-08,CAMPAIGN55024,111634,26,16.0873736
YouTube,2022-05-09,CAMPAIGN55086,330814,368,58.3604604
YouTube,2022-05-10,CAMPAIGN55086,253727,304,40.5256664
YouTube,2022-05-11,CAMPAIGN55086,221124,237,35.8228138
YouTube,2022-05-12,CAMPAIGN55086,82021,84,11.0848254
YouTube,2022-05-13,CAMPAIGN55043,684894,788,97.1558208
YouTube,2022-05-14,CAMPAIGN55043,351851,739,63.3676402
YouTube,2022-05-15,CAMPAIGN55114,138211,172,27.7698598
YouTube,2022-05-16,CAMPAIGN55114,124388,101,21.0622206
YouTube,2022-05-17,CAMPAIGN55114,105330,76,18.2487268
YouTube,2022-05-18,CAMPAIGN55114,21570,23,3.3774526
YouTube,2022-05-19,CAMPAIGN55101,235324,158,35.4281474
YouTube,2022-05-20,CAMPAIGN55101,131482,219,24.5032752
YouTube,2022-05-21,CAMPAIGN55028,993082,3890,122.5253142
YouTube,2022-05-22,CAMPAIGN55028,563920,1918,92.4142938
YouTube,2022-05-23,CAMPAIGN55047,664631,228,92.6462202
YouTube,2022-05-24,CAMPAIGN55047,643974,265,109.8270884
YouTube,2022-05-25,CAMPAIGN55047,439438,124,63.7773268
YouTube,2022-05-26,CAMPAIGN55047,238384,24,24.5478926
YouTube,2022-05-27,CAMPAIGN55067,492075,396,70.9342182
YouTube,2022-05-28,CAMPAIGN55067,463511,479,80.2427816
YouTube,2022-05-29,CAMPAIGN55067,293348,269,45.4295612
YouTube,2022-05-30,CAMPAIGN55067,54713,64,5.9243014
YouTube,2022-05-31,CAMPAIGN55111,167180,154,32.0390896
YouTube,2022-06-01,CAMPAIGN55111,111970,436,22.9044216
YouTube,2022-06-02,CAMPAIGN55111,25769,65,3.8653036
YouTube,2022-06-03,CAMPAIGN55111,19184,22,3.4920288
YouTube,2022-06-04,CAMPAIGN55111,16551,34,2.2005496
YouTube,2022-06-05,CAMPAIGN55111,11595,13,2.624334
YouTube,2022-06-06,CAMPAIGN55111,7310,8,1.200522
YouTube,2022-06-07,CAMPAIGN55111,5181,6,0.785732
YouTube,2022-06-08,CAMPAIGN55111,2781,4,0.3902592
YouTube,2022-06-09,CAMPAIGN55111,1271,0,0.2244338
YouTube,2022-06-10,CAMPAIGN55111,1034,3,0.2179658
YouTube,2022-06-11,CAMPAIGN55111,898,0,0.1889608
YouTube,2022-06-12,CAMPAIGN55111,858,1,0.1616686
YouTube,2022-06-13,CAMPAIGN55111,843,0,0.1548094
YouTube,2022-06-14,CAMPAIGN55111,532,1,0.1053122
YouTube,2022-06-15,CAMPAIGN55111,394,0,0.0861608
YouTube,2022-06-16,CAMPAIGN55084,336863,312,60.8850582
YouTube,2022-06-17,CAMPAIGN55084,241213,880,46.0785932
YouTube,2022-06-18,CAMPAIGN55084,87393,166,15.1392202
YouTube,2022-06-19,CAMPAIGN55084,60361,95,10.587612
YouTube,2022-06-20,CAMPAIGN55084,36781,49,5.110134
YouTube,2022-06-21,CAMPAIGN55084,19512,21,2.3564164
YouTube,2022-06-22,CAMPAIGN55084,11535,6,1.5019644
YouTube,2022-06-23,CAMPAIGN55084,7541,15,1.3984684
YouTube,2022-06-24,CAMPAIGN55084,7428,3,0.859096
YouTube,2022-06-25,CAMPAIGN55084,6795,8,1.2374826
YouTube,2022-06-26,CAMPAIGN55084,6089,6,1.3157914
YouTube,2022-06-27,CAMPAIGN55084,4901,4,0.9516092
YouTube,2022-06-28,CAMPAIGN55084,3569,5,0.6866432
YouTube,2022-06-29,CAMPAIGN55084,2626,2,0.4773882
YouTube,2022-06-30,CAMPAIGN55084,2023,2,0.3323568
YouTube,2022-07-01,CAMPAIGN55084,1118,0,0.2376232
YouTube,2022-07-02,CAMPAIGN55074,448303,453,62.6439602
YouTube,2022-07-03,CAMPAIGN55074,327420,531,48.5796758
YouTube,2022-07-04,CAMPAIGN55074,68866,78,9.0778564
YouTube,2022-07-05,CAMPAIGN55074,38273,12,3.676776
YouTube,2022-07-06,CAMPAIGN55100,239688,114,29.3150232
YouTube,2022-07-07,CAMPAIGN55100,128484,149,21.2661826
YouTube,2022-07-08,CAMPAIGN55103,227843,330,47.2896254
YouTube,2022-07-09,CAMPAIGN55103,155997,109,27.5131316
YouTube,2022-07-10,CAMPAIGN55103,154039,113,27.9267114
YouTube,2022-07-11,CAMPAIGN55103,25279,15,3.440059
YouTube,2022-07-12,CAMPAIGN55034,876942,1054,126.4775044
YouTube,2022-07-13,CAMPAIGN55034,572381,926,99.0563764
YouTube,2022-07-14,CAMPAIGN55075,446229,451,85.8616148
YouTube,2022-07-15,CAMPAIGN55075,356406,276,59.7222556
YouTube,2022-07-16,CAMPAIGN55075,305860,260,51.3819466
YouTube,2022-07-17,CAMPAIGN55075,79065,86,10.9723994
YouTube,2022-07-18,CAMPAIGN55051,615157,127,63.9539262
YouTube,2022-07-19,CAMPAIGN55051,245732,115,38.545676
YouTube,2022-07-20,CAMPAIGN55016,1180476,849,287.2165484
YouTube,2022-07-21,CAMPAIGN55021,1067940,1059,621.8550162
YouTube,2022-07-22,CAMPAIGN55021,470582,682,325.5996336
YouTube,2022-07-23,CAMPAIGN55021,84933,77,50.78792
YouTube,2022-07-24,CAMPAIGN55021,80038,61,46.7568112
YouTube,2022-07-25,CAMPAIGN55076,428335,2959,67.5965514
YouTube,2022-07-26,CAMPAIGN55076,33741,200,5.483797
YouTube,2022-07-27,CAMPAIGN55071,463063,3725,86.5188932
YouTube,2022-07-28,CAMPAIGN55108,188163,732,28.755812
YouTube,2022-07-29,CAMPAIGN55068,490814,339,84.5147682
YouTube,2022-07-30,CAMPAIGN55068,99557,493,17.6407408
YouTube,2022-07-31,CAMPAIGN55081,381729,687,155.1001578
YouTube,2022-08-01,CAMPAIGN55081,341798,545,136.0371894
YouTube,2022-08-02,CAMPAIGN55081,129479,473,58.4483938
YouTube,2022-08-03,CAMPAIGN55081,108689,398,48.158991
YouTube,2022-08-04,CAMPAIGN55081,93135,119,41.7845424
YouTube,2022-08-05,CAMPAIGN55081,84776,356,29.2735964
YouTube,2022-08-06,CAMPAIGN55081,84739,331,29.2884172
YouTube,2022-08-07,CAMPAIGN55081,84393,329,29.2040006
YouTube,2022-08-08,CAMPAIGN55081,84325,372,29.1941588
YouTube,2022-08-09,CAMPAIGN55081,83778,348,28.776143
YouTube,2022-08-10,CAMPAIGN55081,81755,86,38.8180962
YouTube,2022-08-11,CAMPAIGN55081,80088,300,33.508397
YouTube,2022-08-12,CAMPAIGN55081,79186,288,32.9362956
YouTube,2022-08-13,CAMPAIGN55081,78432,262,32.8268996
YouTube,2022-08-14,CAMPAIGN55081,76677,248,31.6401586
YouTube,2022-08-15,CAMPAIGN55081,60916,76,28.2516998
YouTube,2022-08-16,CAMPAIGN55081,23002,16,8.5856446
YouTube,2022-08-17,CAMPAIGN55081,22883,27,8.5769814
YouTube,2022-08-18,CAMPAIGN55118,108407,166,42.717561
YouTube,2022-08-19,CAMPAIGN55118,107956,174,42.4216474
YouTube,2022-08-20,CAMPAIGN55118,34362,144,15.2384362
YouTube,2022-08-21,CAMPAIGN55118,33574,161,15.0648738
YouTube,2022-08-22,CAMPAIGN55118,29424,126,10.385749
YouTube,2022-08-23,CAMPAIGN55118,29418,131,10.4149118
YouTube,2022-08-24,CAMPAIGN55118,29343,40,13.3610008
YouTube,2022-08-25,CAMPAIGN55118,29341,142,10.3348734
YouTube,2022-08-26,CAMPAIGN55118,29231,138,10.270655
YouTube,2022-08-27,CAMPAIGN55118,29004,127,10.2306692
YouTube,2022-08-28,CAMPAIGN55118,25584,34,12.0990052
YouTube,2022-08-29,CAMPAIGN55118,25076,45,11.8377044
YouTube,2022-08-30,CAMPAIGN55118,19268,82,7.4481626
YouTube,2022-08-31,CAMPAIGN55118,19203,80,7.4356766
YouTube,2022-09-01,CAMPAIGN55118,19076,85,7.4118622
YouTube,2022-09-02,CAMPAIGN55118,18880,93,7.2762042
YouTube,2022-09-03,CAMPAIGN55118,10576,13,4.1452746
YouTube,2022-09-04,CAMPAIGN55118,10540,12,4.138452
YouTube,2022-09-05,CAMPAIGN55038,787550,2442,142.5704564
YouTube,2022-09-06,CAMPAIGN55038,228884,680,42.5718144
YouTube,2022-09-07,CAMPAIGN55023,1054605,4554,177.790185
YouTube,2022-09-08,CAMPAIGN55023,326721,1071,57.0391112
YouTube,2022-09-09,CAMPAIGN55044,683434,3720,117.1115936
YouTube,2022-09-10,CAMPAIGN55044,214997,1095,37.1975426
YouTube,2022-09-11,CAMPAIGN55046,665152,2932,127.0742622
YouTube,2022-09-12,CAMPAIGN55046,218861,779,43.7075682
YouTube,2022-09-13,CAMPAIGN54914,3308418,7726,558.0610604
YouTube,2022-09-14,CAMPAIGN54914,743164,927,133.2605918
YouTube,2022-09-15,CAMPAIGN54949,2533223,12582,387.7837542
YouTube,2022-09-16,CAMPAIGN54949,756635,3055,115.0970594
YouTube,2022-09-17,CAMPAIGN55069,479861,2181,91.823795
YouTube,2022-09-18,CAMPAIGN55069,138863,490,28.2818776
YouTube,2022-09-19,CAMPAIGN54933,2794185,5682,485.0627964
YouTube,2022-09-20,CAMPAIGN54933,682606,1760,121.19408
YouTube,2022-09-21,CAMPAIGN54933,273973,594,50.3252008
YouTube,2022-09-22,CAMPAIGN54933,70356,190,12.7363928
YouTube,2022-09-23,CAMPAIGN54963,2164061,3283,377.2857904
YouTube,2022-09-24,CAMPAIGN54963,1567036,2982,293.2299918
YouTube,2022-09-25,CAMPAIGN55041,737279,52,200.077852
YouTube,2022-09-26,CAMPAIGN55041,494,0,0.0557008
YouTube,2022-09-27,CAMPAIGN54997,1507959,7195,269.6105604
YouTube,2022-09-28,CAMPAIGN54997,765179,5165,112.3948986
YouTube,2022-09-29,CAMPAIGN54997,1443,1,0.1804038
YouTube,2022-09-30,CAMPAIGN54856,4451741,7154,717.55309
YouTube,2022-10-01,CAMPAIGN54856,2579015,5403,407.6081152
YouTube,2022-10-02,CAMPAIGN55025,1039315,5360,146.691292
YouTube,2022-10-03,CAMPAIGN55055,585842,5049,88.6733854
YouTube,2022-10-04,CAMPAIGN54822,5744393,36849,970.8294698
YouTube,2022-10-05,CAMPAIGN54822,145116,419,28.571257
YouTube,2022-10-06,CAMPAIGN54815,6036873,26260,972.069182
YouTube,2022-10-07,CAMPAIGN54815,177611,424,26.7490838
YouTube,2022-10-08,CAMPAIGN54706,14973168,39613,2742.534328
YouTube,2022-10-09,CAMPAIGN54706,7625575,16041,1538.953931
YouTube,2022-10-10,CAMPAIGN54706,577940,808,103.5941766
YouTube,2022-10-11,CAMPAIGN54706,77550,134,13.68847
YouTube,2022-10-12,CAMPAIGN54873,4111826,33734,757.033539
YouTube,2022-10-13,CAMPAIGN54873,409818,2549,81.1369804
YouTube,2022-10-14,CAMPAIGN54873,173825,886,34.7034604
YouTube,2022-10-15,CAMPAIGN54873,41378,289,8.8867078
YouTube,2022-10-16,CAMPAIGN54873,26574,93,4.6980772
YouTube,2022-10-17,CAMPAIGN54873,2332,10,0.5232798
YouTube,2022-10-18,CAMPAIGN54892,3822436,13885,719.623464
YouTube,2022-10-19,CAMPAIGN54892,560140,1648,103.8820242
YouTube,2022-10-20,CAMPAIGN54892,333190,976,68.0201824
YouTube,2022-10-21,CAMPAIGN54892,97388,105,20.0203754
YouTube,2022-10-22,CAMPAIGN54892,94919,213,17.0122142
YouTube,2022-10-23,CAMPAIGN54892,10484,12,2.2564144
YouTube,2022-10-24,CAMPAIGN54973,1968921,13242,405.3693216
YouTube,2022-10-25,CAMPAIGN55009,1335484,4354,266.5073208
YouTube,2022-10-26,CAMPAIGN54965,2084690,21027,345.9162128
YouTube,2022-10-27,CAMPAIGN55012,1259987,5086,216.3084702
YouTube,2022-10-28,CAMPAIGN55012,565558,2555,72.1743304
YouTube,2022-10-29,CAMPAIGN55012,71612,249,12.1788474
YouTube,2022-10-30,CAMPAIGN55012,62762,220,7.9181518
YouTube,2022-10-31,CAMPAIGN55012,16015,65,2.2658876
YouTube,2022-11-01,CAMPAIGN55012,2190,25,0.5075832
YouTube,2022-11-02,CAMPAIGN55012,1464,11,0.2779008
YouTube,2022-11-03,CAMPAIGN55012,1381,6,0.185754
YouTube,2022-11-04,CAMPAIGN55012,799,7,0.123275
YouTube,2022-11-05,CAMPAIGN55012,575,0,0.0749794
YouTube,2022-11-06,CAMPAIGN55012,262,3,0.051684
YouTube,2022-11-07,CAMPAIGN55012,104,0,0.0164602
YouTube,2022-11-08,CAMPAIGN55012,96,0,0.011762
YouTube,2022-11-09,CAMPAIGN55012,90,0,0.0113696
YouTube,2022-11-10,CAMPAIGN55012,89,0,0.0111722
YouTube,2022-11-11,CAMPAIGN55012,28,0,0.0050924
YouTube,2022-11-12,CAMPAIGN55116,130280,624,23.9256118
YouTube,2022-11-13,CAMPAIGN55116,35844,135,7.2974472
YouTube,2022-11-14,CAMPAIGN55116,8694,18,2.0491556
YouTube,2022-11-15,CAMPAIGN55116,7883,10,1.570424
YouTube,2022-11-16,CAMPAIGN55116,2439,3,0.4113958
YouTube,2022-11-17,CAMPAIGN55116,731,1,0.1653624
YouTube,2022-11-18,CAMPAIGN54950,2505737,5525,447.0964408
YouTube,2022-11-19,CAMPAIGN54950,1084134,2426,201.4265568
YouTube,2022-11-20,CAMPAIGN54950,894660,2355,161.603456
YouTube,2022-11-21,CAMPAIGN54950,759930,1894,145.6529094
YouTube,2022-11-22,CAMPAIGN54753,9456392,18847,1689.007331
YouTube,2022-11-23,CAMPAIGN54753,550981,1744,96.1798814
YouTube,2022-11-24,CAMPAIGN54684,20053279,15692,3041.281453
YouTube,2022-11-25,CAMPAIGN54953,2445869,3457,419.590476
YouTube,2022-11-26,CAMPAIGN54953,720839,1223,126.4628446
YouTube,2022-11-27,CAMPAIGN54777,7775924,17987,1401.961331
YouTube,2022-11-28,CAMPAIGN54777,3313434,9139,597.8039042
YouTube,2022-11-29,CAMPAIGN54777,3186118,8383,576.6146832
YouTube,2022-11-30,CAMPAIGN54777,2532150,6346,480.3170264
YouTube,2022-12-01,CAMPAIGN54718,13155323,8354,1950.546965
YouTube,2022-12-02,CAMPAIGN54718,7268929,3844,1134.099254
YouTube,2022-12-03,CAMPAIGN54718,471058,406,79.0194978
YouTube,2022-12-04,CAMPAIGN54718,61032,47,10.2609472
YouTube,2022-12-05,CAMPAIGN54698,15998160,12871,2231.286967
YouTube,2022-12-06,CAMPAIGN54874,4074106,5493,760.735069
YouTube,2022-12-07,CAMPAIGN54874,2221208,3332,433.4259928
YouTube,2022-12-08,CAMPAIGN54874,133498,201,25.545468
YouTube,2022-12-09,CAMPAIGN54874,16594,19,3.1502206
YouTube,2022-12-10,CAMPAIGN54862,4296036,5611,803.0119042
YouTube,2022-12-11,CAMPAIGN54862,49680,226,8.0147146
YouTube,2022-12-12,CAMPAIGN54913,3334122,7322,607.1604428
YouTube,2022-12-13,CAMPAIGN54960,2268792,4239,394.750684
YouTube,2022-12-14,CAMPAIGN54960,831331,1917,144.6127374
YouTube,2022-12-15,CAMPAIGN54756,9124174,17575,1648.427395
YouTube,2022-12-16,CAMPAIGN54767,8455652,50883,1388.116618
YouTube,2022-12-17,CAMPAIGN54767,636194,3056,110.89665
YouTube,2022-12-18,CAMPAIGN54767,165373,206,34.7326624
YouTube,2022-12-19,CAMPAIGN54767,114355,457,19.8905064
YouTube,2022-12-20,CAMPAIGN54767,39956,162,7.4164166
YouTube,2022-12-21,CAMPAIGN54767,9974,10,2.2531274
YouTube,2022-12-22,CAMPAIGN54767,9319,6,2.1081158
YouTube,2022-12-23,CAMPAIGN54767,2325,11,0.5447318
YouTube,2022-12-24,CAMPAIGN54820,5863596,19963,1138.813567
YouTube,2022-12-25,CAMPAIGN54820,1849037,7698,322.781717
YouTube,2022-12-26,CAMPAIGN54820,1237856,2575,184.1095782
YouTube,2022-12-27,CAMPAIGN54820,405261,387,60.0713012
YouTube,2022-12-28,CAMPAIGN54929,2867693,12348,527.7224316
YouTube,2022-12-29,CAMPAIGN54929,848427,3574,162.9922426
YouTube,2022-12-30,CAMPAIGN54929,523523,1136,79.7375978
YouTube,2022-12-31,CAMPAIGN54929,205138,231,34.4480668
YouTube,2022-01-01,CAMPAIGN55013,1234826,4249,251.9053818
YouTube,2022-01-02,CAMPAIGN55013,497318,2198,119.3357374
YouTube,2022-01-03,CAMPAIGN55013,76382,217,17.4600166
YouTube,2022-01-04,CAMPAIGN54852,4803409,4995,1057.889421
YouTube,2022-01-05,CAMPAIGN54882,3947067,24932,767.0918878
YouTube,2022-01-06,CAMPAIGN54882,1486723,8098,355.8782994
YouTube,2022-01-07,CAMPAIGN54882,160267,716,40.128493
YouTube,2022-01-08,CAMPAIGN54986,1688164,4814,396.0317744
YouTube,2022-01-09,CAMPAIGN54986,644784,2516,147.0028998
YouTube,2022-01-10,CAMPAIGN54986,211052,777,50.6674762
YouTube,2022-01-11,CAMPAIGN55070,471140,475,131.4898796
YouTube,2022-01-12,CAMPAIGN55070,448,1,0.1087658
YouTube,2022-01-13,CAMPAIGN55132,70,0,0.014882
YouTube,2022-01-14,CAMPAIGN54716,13921550,41852,2664.648045
YouTube,2022-01-15,CAMPAIGN54974,1912618,1932,326.724181
YouTube,2022-01-16,CAMPAIGN54974,563155,179,93.0611992
YouTube,2022-01-17,CAMPAIGN54946,2556640,3935,474.4850502
YouTube,2022-01-18,CAMPAIGN54946,100800,112,16.5694198
YouTube,2022-01-19,CAMPAIGN55007,1375537,1606,278.7903424
YouTube,2022-01-20,CAMPAIGN55007,523446,964,94.4780866
YouTube,2022-01-21,CAMPAIGN55007,159589,223,37.9785804
YouTube,2022-01-22,CAMPAIGN55007,84861,152,22.168902
YouTube,2022-01-23,CAMPAIGN55007,77190,67,16.9237954
YouTube,2022-01-24,CAMPAIGN55007,61673,69,13.2392006
YouTube,2022-01-25,CAMPAIGN55007,20402,24,4.922967
YouTube,2022-01-26,CAMPAIGN55007,7697,15,2.0127268
YouTube,2022-01-27,CAMPAIGN55008,1363136,2170,261.2559492
YouTube,2022-01-28,CAMPAIGN55008,759707,1128,149.6468834
YouTube,2022-01-29,CAMPAIGN55008,84039,397,12.061948
YouTube,2022-01-30,CAMPAIGN55008,46134,92,8.4103596
YouTube,2022-01-31,CAMPAIGN55008,4750,8,0.8806952
YouTube,2022-02-01,CAMPAIGN55008,3267,22,0.5774628
YouTube,2022-02-02,CAMPAIGN54975,1900619,6226,272.3177856
YouTube,2022-02-03,CAMPAIGN55063,505071,1473,70.932628
YouTube,2022-02-04,CAMPAIGN55124,68226,206,10.4024876
YouTube,2022-02-05,CAMPAIGN54860,4354459,23461,765.8198334
YouTube,2022-02-06,CAMPAIGN54860,3944093,21952,680.888381
YouTube,2022-02-07,CAMPAIGN54860,3608617,21616,738.3669688
YouTube,2022-02-08,CAMPAIGN54860,376909,2493,76.7045054
YouTube,2022-02-09,CAMPAIGN55078,410038,1503,70.651136
YouTube,2022-02-10,CAMPAIGN55054,587329,3400,79.055525
YouTube,2022-02-11,CAMPAIGN55054,113303,702,12.525188
YouTube,2022-02-12,CAMPAIGN55054,58706,354,8.0991758
YouTube,2022-02-13,CAMPAIGN55054,6339,54,0.7853178
YouTube,2022-02-14,CAMPAIGN54894,3777409,14662,543.8786734
YouTube,2022-02-15,CAMPAIGN54894,2580000,7803,421.5042426
YouTube,2022-02-16,CAMPAIGN54894,987075,3351,134.4234386
YouTube,2022-02-17,CAMPAIGN54894,337894,711,36.8003622
YouTube,2022-02-18,CAMPAIGN54894,106691,267,17.920246
YouTube,2022-02-19,CAMPAIGN54894,64626,116,7.7081274
YouTube,2022-02-20,CAMPAIGN54894,47393,155,7.036252
YouTube,2022-02-21,CAMPAIGN54894,7061,20,1.1416984
YouTube,2022-02-22,CAMPAIGN54894,6013,21,0.7888028
YouTube,2022-02-23,CAMPAIGN54894,1649,12,0.3428482
YouTube,2022-02-24,CAMPAIGN54894,989,7,0.1613456
YouTube,2022-02-25,CAMPAIGN54894,937,3,0.1392926
YouTube,2022-02-26,CAMPAIGN54894,837,0,0.1201414
YouTube,2022-02-27,CAMPAIGN54894,817,2,0.1213394
YouTube,2022-02-28,CAMPAIGN54894,550,0,0.0671552
YouTube,2022-03-01,CAMPAIGN54894,547,0,0.064711
YouTube,2022-03-02,CAMPAIGN54894,385,1,0.0432256
YouTube,2022-03-03,CAMPAIGN54894,250,1,0.0295908
YouTube,2022-03-04,CAMPAIGN54894,64,0,0.007292
YouTube,2022-03-05,CAMPAIGN54894,39,0,0.0044126
YouTube,2022-03-06,CAMPAIGN54719,13040699,65967,2391.103313
YouTube,2022-03-07,CAMPAIGN54719,266300,281,34.7353752
YouTube,2022-03-08,CAMPAIGN54719,265057,504,38.4064276
YouTube,2022-03-09,CAMPAIGN54719,29936,88,3.4116092
YouTube,2022-03-10,CAMPAIGN54806,6458479,31347,913.0304342
YouTube,2022-03-11,CAMPAIGN55082,357510,7,108.824059
YouTube,2022-03-12,CAMPAIGN55050,616713,1606,253.0987058
YouTube,2022-03-13,CAMPAIGN54745,9928765,37143,1767.938585
YouTube,2022-03-14,CAMPAIGN54745,3105038,6913,557.443383
YouTube,2022-03-15,CAMPAIGN54745,1489153,6014,271.933797
YouTube,2022-03-16,CAMPAIGN54745,404786,1077,74.2252136
YouTube,2022-03-17,CAMPAIGN54887,3881714,8866,870.217661
YouTube,2022-03-18,CAMPAIGN54887,165479,523,51.9983606
YouTube,2022-03-19,CAMPAIGN54887,11642,30,3.7170556
YouTube,2022-03-20,CAMPAIGN54708,14910680,42598,3453.762373
YouTube,2022-03-21,CAMPAIGN54708,601912,2429,208.93637
YouTube,2022-03-22,CAMPAIGN54708,27935,73,9.3364212
YouTube,2022-03-23,CAMPAIGN54695,16715700,48075,4346.327996
YouTube,2022-03-24,CAMPAIGN54695,1584387,5319,406.3355918
YouTube,2022-03-25,CAMPAIGN54695,9276,21,2.9680562
YouTube,2022-03-26,CAMPAIGN54863,4291196,8473,1114.5387
YouTube,2022-03-27,CAMPAIGN54863,449579,1287,160.2295834
YouTube,2022-03-28,CAMPAIGN54863,4289,11,1.707587
YouTube,2022-03-29,CAMPAIGN54972,1982906,12415,942.82735
YouTube,2022-03-30,CAMPAIGN54972,239018,461,101.8952458
YouTube,2022-03-31,CAMPAIGN54972,135944,1191,58.983421
YouTube,2022-04-01,CAMPAIGN54972,49814,193,22.2163384
YouTube,2022-04-02,CAMPAIGN54972,40969,170,18.9439176
YouTube,2022-04-03,CAMPAIGN54972,29859,99,6.2434768
YouTube,2022-04-04,CAMPAIGN54972,19750,111,4.0503076
YouTube,2022-04-05,CAMPAIGN54972,1949,4,0.3395278
YouTube,2022-04-06,CAMPAIGN54972,1728,5,0.353142
YouTube,2022-04-07,CAMPAIGN54972,1595,7,0.280401
YouTube,2022-04-08,CAMPAIGN54891,3833223,17489,772.403875
YouTube,2022-04-09,CAMPAIGN54891,3658559,3832,802.0018544
YouTube,2022-04-10,CAMPAIGN54891,337100,1583,66.4067852
YouTube,2022-04-11,CAMPAIGN54891,202353,771,39.8363246
YouTube,2022-04-12,CAMPAIGN54891,180766,673,36.651452
YouTube,2022-04-13,CAMPAIGN54891,81448,280,16.2193496
YouTube,2022-04-14,CAMPAIGN54891,48114,32,10.878262
YouTube,2022-04-15,CAMPAIGN54891,5693,12,1.1556894
YouTube,2022-04-16,CAMPAIGN54891,3990,23,0.799191
YouTube,2022-04-17,CAMPAIGN54891,3431,16,0.69642
YouTube,2022-04-18,CAMPAIGN54865,4272427,43202,1820.561759
YouTube,2022-04-19,CAMPAIGN54865,1192738,1149,526.6823388
YouTube,2022-04-20,CAMPAIGN54865,307878,3698,110.8037794
YouTube,2022-04-21,CAMPAIGN54865,87764,464,33.3747806
YouTube,2022-04-22,CAMPAIGN54865,73694,480,27.3821698
YouTube,2022-04-23,CAMPAIGN54865,42295,180,22.5272576
YouTube,2022-04-24,CAMPAIGN54865,15685,38,3.7213742
YouTube,2022-04-25,CAMPAIGN54865,3317,18,0.6010292
YouTube,2022-04-26,CAMPAIGN54865,2716,6,0.2534614
YouTube,2022-04-27,CAMPAIGN54711,14686885,79810,2703.79592
YouTube,2022-04-28,CAMPAIGN54711,8596127,5406,1730.612525
YouTube,2022-04-29,CAMPAIGN54711,1361771,7482,244.9399462
YouTube,2022-04-30,CAMPAIGN54711,506001,2025,104.8562182
YouTube,2022-05-01,CAMPAIGN54711,504767,2108,102.6720418
YouTube,2022-05-02,CAMPAIGN54711,229450,1278,43.1475462
YouTube,2022-05-03,CAMPAIGN54711,118458,80,27.7930226
YouTube,2022-05-04,CAMPAIGN54711,14060,76,2.6374446
YouTube,2022-05-05,CAMPAIGN54711,6106,17,1.1708392
YouTube,2022-05-06,CAMPAIGN55088,318147,3074,166.9544016
YouTube,2022-05-07,CAMPAIGN55088,73514,714,26.4274076
YouTube,2022-05-08,CAMPAIGN55088,5660,49,1.4667588
YouTube,2022-05-09,CAMPAIGN55088,4464,1,2.511313
YouTube,2022-05-10,CAMPAIGN55088,1610,14,0.37096
YouTube,2022-05-11,CAMPAIGN55088,778,1,0.2817632
YouTube,2022-05-12,CAMPAIGN55088,744,0,0.2781024
YouTube,2022-05-13,CAMPAIGN55088,212,2,0.0876794
YouTube,2022-05-14,CAMPAIGN54943,2664918,24474,1676.065513
YouTube,2022-05-15,CAMPAIGN54943,321301,3307,170.34737
YouTube,2022-05-16,CAMPAIGN54941,2703842,21876,1733.176189
YouTube,2022-05-17,CAMPAIGN54941,1020251,8213,457.0213142
YouTube,2022-05-18,CAMPAIGN54941,35640,154,7.96599
YouTube,2022-05-19,CAMPAIGN54941,2361,10,0.3883578
YouTube,2022-05-20,CAMPAIGN55019,1129154,55,621.316087
YouTube,2022-05-21,CAMPAIGN55011,1310163,3597,582.6950566
YouTube,2022-05-22,CAMPAIGN55011,598337,1388,270.407564
YouTube,2022-05-23,CAMPAIGN55011,95350,536,51.179206
YouTube,2022-05-24,CAMPAIGN54871,4189760,6508,2109.749132
YouTube,2022-05-25,CAMPAIGN54871,1071136,2058,513.4358266
YouTube,2022-05-26,CAMPAIGN54871,168634,559,35.7949204
YouTube,2022-05-27,CAMPAIGN54871,36745,124,10.7588112
YouTube,2022-05-28,CAMPAIGN54871,4354,17,3.0009466
YouTube,2022-05-29,CAMPAIGN54871,140,2,0.0959078
YouTube,2022-05-30,CAMPAIGN54985,1739542,152,906.29701
YouTube,2022-05-31,CAMPAIGN54985,1490002,125,796.3845446
YouTube,2022-06-01,CAMPAIGN54858,4434545,39084,870.2893654
YouTube,2022-06-02,CAMPAIGN54858,1144661,4363,219.3132216
YouTube,2022-06-03,CAMPAIGN54858,896853,8640,203.0965984
YouTube,2022-06-04,CAMPAIGN54858,494985,1483,70.8444394
YouTube,2022-06-05,CAMPAIGN54858,163259,1786,52.3842714
YouTube,2022-06-06,CAMPAIGN54858,151236,822,34.1264898
YouTube,2022-06-07,CAMPAIGN54858,103902,321,20.756743
YouTube,2022-06-08,CAMPAIGN54858,63267,317,14.5057052
YouTube,2022-06-09,CAMPAIGN54858,21925,140,5.3581168
YouTube,2022-06-10,CAMPAIGN54858,21598,94,4.8543184
YouTube,2022-06-11,CAMPAIGN54858,4171,18,1.5214502
YouTube,2022-06-12,CAMPAIGN54858,2315,13,0.5182358
YouTube,2022-06-13,CAMPAIGN54858,2122,6,0.5170622
YouTube,2022-06-14,CAMPAIGN54858,1517,4,0.3725666
YouTube,2022-06-15,CAMPAIGN54858,218,0,0.0478564
YouTube,2022-06-16,CAMPAIGN54858,120,0,0.0328788
YouTube,2022-06-17,CAMPAIGN54858,79,1,0.0164628
YouTube,2022-06-18,CAMPAIGN54858,43,0,0.0123812
YouTube,2022-06-19,CAMPAIGN54858,30,0,0.010996
YouTube,2022-06-20,CAMPAIGN54781,7594576,26519,1334.181857
YouTube,2022-06-21,CAMPAIGN54781,1171737,2827,176.510971
YouTube,2022-06-22,CAMPAIGN54781,895902,2943,179.7736106
YouTube,2022-06-23,CAMPAIGN54869,4244964,19984,839.7682356
YouTube,2022-06-24,CAMPAIGN54918,3195815,13289,706.8838858
YouTube,2022-06-25,CAMPAIGN54899,3632563,14375,645.4566828
YouTube,2022-06-26,CAMPAIGN54899,3232418,9973,585.8791584
YouTube,2022-06-27,CAMPAIGN54899,410577,1301,69.1606952
YouTube,2022-06-28,CAMPAIGN54794,7152194,60288,1540.579225
YouTube,2022-06-29,CAMPAIGN54794,4748816,21980,1105.044196
YouTube,2022-06-30,CAMPAIGN54794,1010691,4747,252.9736366
YouTube,2022-07-01,CAMPAIGN54738,10747253,53718,2374.408534
YouTube,2022-07-02,CAMPAIGN54738,72,0,0.0225696
YouTube,2022-07-03,CAMPAIGN54738,47,0,0.0133516
YouTube,2022-07-04,CAMPAIGN54738,4,0,0.0033194
YouTube,2022-07-05,CAMPAIGN54770,8259056,22407,1454.143467
YouTube,2022-07-06,CAMPAIGN54712,14386237,55862,2449.799125
YouTube,2022-07-07,CAMPAIGN54712,13997974,64831,2365.888435
YouTube,2022-07-08,CAMPAIGN54712,2790874,14142,1005.522325
YouTube,2022-07-09,CAMPAIGN54961,2222083,17450,361.3324076
YouTube,2022-07-10,CAMPAIGN54961,1626260,10964,460.8304522
YouTube,2022-07-11,CAMPAIGN54961,1567252,3895,472.9472118
YouTube,2022-07-12,CAMPAIGN54961,546597,3617,146.532239
YouTube,2022-07-13,CAMPAIGN54961,396264,3360,85.4864092
YouTube,2022-07-14,CAMPAIGN54961,312678,2286,66.1853116
YouTube,2022-07-15,CAMPAIGN54961,86014,708,16.6950354
YouTube,2022-07-16,CAMPAIGN54961,83948,618,20.0727698
YouTube,2022-07-17,CAMPAIGN54961,81048,563,15.7495902
YouTube,2022-07-18,CAMPAIGN54961,33074,261,6.7429464
YouTube,2022-07-19,CAMPAIGN54961,11622,57,2.0275936
YouTube,2022-07-20,CAMPAIGN54961,3357,24,0.6301984
YouTube,2022-07-21,CAMPAIGN54961,3012,20,0.5955554
YouTube,2022-07-22,CAMPAIGN54961,1769,6,0.3102504
YouTube,2022-07-23,CAMPAIGN54961,1449,5,0.2641922
YouTube,2022-07-24,CAMPAIGN54897,3697600,12618,747.811386
YouTube,2022-07-25,CAMPAIGN54897,1514086,9976,286.126361
YouTube,2022-07-26,CAMPAIGN54897,335735,2549,53.2760126
YouTube,2022-07-27,CAMPAIGN54897,83107,480,15.1500468
YouTube,2022-07-28,CAMPAIGN54897,44808,150,5.7649964
YouTube,2022-07-29,CAMPAIGN54897,15556,93,4.0885814
YouTube,2022-07-30,CAMPAIGN54897,6276,82,1.8646484
YouTube,2022-07-31,CAMPAIGN54897,3215,20,0.5860408
YouTube,2022-08-01,CAMPAIGN54897,1752,12,0.370669
YouTube,2022-08-02,CAMPAIGN54897,1204,6,0.2590504
YouTube,2022-08-03,CAMPAIGN54897,896,3,0.1527544
YouTube,2022-08-04,CAMPAIGN54897,717,4,0.168536
YouTube,2022-08-05,CAMPAIGN54897,621,7,0.1609284
YouTube,2022-08-06,CAMPAIGN54897,257,1,0.0365292
YouTube,2022-08-07,CAMPAIGN54897,114,0,0.0173558
YouTube,2022-08-08,CAMPAIGN54897,88,1,0.0140646
YouTube,2022-08-09,CAMPAIGN54897,60,0,0.0083594
YouTube,2022-08-10,CAMPAIGN54897,27,0,0.0034432
YouTube,2022-08-11,CAMPAIGN54954,2389863,13886,449.7387966
YouTube,2022-08-12,CAMPAIGN54954,859032,6017,199.428931
YouTube,2022-08-13,CAMPAIGN54954,294219,1127,46.69969
YouTube,2022-08-14,CAMPAIGN54954,217472,1066,43.0200066
YouTube,2022-08-15,CAMPAIGN54954,61240,405,14.4456688
YouTube,2022-08-16,CAMPAIGN54954,58163,391,10.594183
YouTube,2022-08-17,CAMPAIGN54954,39385,459,7.7120218
YouTube,2022-08-18,CAMPAIGN54954,15010,136,2.6649458
YouTube,2022-08-19,CAMPAIGN54954,6294,38,0.994596
YouTube,2022-08-20,CAMPAIGN54954,5345,25,0.9873466
YouTube,2022-08-21,CAMPAIGN54954,5191,27,0.9857996
YouTube,2022-08-22,CAMPAIGN54954,4357,13,0.660386
YouTube,2022-08-23,CAMPAIGN54954,3352,34,0.6231074
YouTube,2022-08-24,CAMPAIGN54954,767,3,0.1350866
YouTube,2022-08-25,CAMPAIGN54954,649,3,0.1100778
YouTube,2022-08-26,CAMPAIGN54727,11920723,51817,2573.625627
YouTube,2022-08-27,CAMPAIGN54727,2775060,24950,480.2894134
YouTube,2022-08-28,CAMPAIGN54727,1151939,4437,271.5257734
YouTube,2022-08-29,CAMPAIGN54727,827624,6126,121.074821
YouTube,2022-08-30,CAMPAIGN54727,814557,1884,168.2706278
YouTube,2022-08-31,CAMPAIGN54727,131887,660,23.3983416
YouTube,2022-09-01,CAMPAIGN54727,130842,288,17.7812844
YouTube,2022-09-02,CAMPAIGN54727,52775,213,10.2028936
YouTube,2022-09-03,CAMPAIGN54727,7678,78,2.3872788
YouTube,2022-09-04,CAMPAIGN54727,4908,12,0.8281712
YouTube,2022-09-05,CAMPAIGN54727,1882,11,0.4191916
YouTube,2022-09-06,CAMPAIGN54727,1524,4,0.285169
YouTube,2022-09-07,CAMPAIGN54727,1277,8,0.3539922
YouTube,2022-09-08,CAMPAIGN54727,1124,2,0.1878122
YouTube,2022-09-09,CAMPAIGN54727,1035,1,0.1651596
YouTube,2022-09-10,CAMPAIGN54727,628,6,0.2005148
YouTube,2022-09-11,CAMPAIGN54727,620,2,0.0972034
YouTube,2022-09-12,CAMPAIGN54727,599,1,0.0824578
YouTube,2022-09-13,CAMPAIGN54727,87,1,0.0148032
YouTube,2022-09-14,CAMPAIGN54764,8642642,28610,1427.255437
YouTube,2022-09-15,CAMPAIGN54764,862969,2566,146.6438844
YouTube,2022-09-16,CAMPAIGN54764,424605,278,46.078938
YouTube,2022-09-17,CAMPAIGN54934,2771745,8299,600.5955566
YouTube,2022-09-18,CAMPAIGN54934,1299619,4641,257.2450588
YouTube,2022-09-19,CAMPAIGN54934,1078676,2432,195.4024982
YouTube,2022-09-20,CAMPAIGN54934,277321,685,42.732547
YouTube,2022-09-21,CAMPAIGN54934,273826,687,61.9979378
YouTube,2022-09-22,CAMPAIGN54934,110336,325,21.1804066
YouTube,2022-09-23,CAMPAIGN54934,63605,183,14.4947082
YouTube,2022-09-24,CAMPAIGN54934,51144,169,12.1767916
YouTube,2022-09-25,CAMPAIGN54934,28335,49,4.4392886
YouTube,2022-09-26,CAMPAIGN54934,12837,39,2.7630492
YouTube,2022-09-27,CAMPAIGN54934,8467,43,2.0044528
YouTube,2022-09-28,CAMPAIGN54934,6033,16,1.1982388
YouTube,2022-09-29,CAMPAIGN54934,5521,16,1.4151446
YouTube,2022-09-30,CAMPAIGN54934,5494,14,1.1625992
YouTube,2022-10-01,CAMPAIGN54934,1418,3,0.279185
YouTube,2022-10-02,CAMPAIGN54934,765,4,0.1710094
YouTube,2022-10-03,CAMPAIGN54934,609,0,0.1827666
YouTube,2022-10-04,CAMPAIGN54934,218,0,0.0403302
YouTube,2022-10-05,CAMPAIGN54934,168,0,0.0282078
YouTube,2022-10-06,CAMPAIGN54934,99,0,0.017772
YouTube,2022-10-07,CAMPAIGN54934,49,0,0.0090066
YouTube,2022-10-08,CAMPAIGN54934,14,0,0.0024018
YouTube,2022-10-09,CAMPAIGN54919,3183803,11592,600.9556472
YouTube,2022-10-10,CAMPAIGN54919,1547181,8639,301.0415966
YouTube,2022-10-11,CAMPAIGN54919,654996,1589,93.6532014
YouTube,2022-10-12,CAMPAIGN54919,492431,3179,78.9376254
YouTube,2022-10-13,CAMPAIGN54919,274993,813,54.7211308
YouTube,2022-10-14,CAMPAIGN54919,128575,573,23.8741254
YouTube,2022-10-15,CAMPAIGN54919,91765,318,12.8356002
YouTube,2022-10-16,CAMPAIGN54919,22265,86,4.9677464
YouTube,2022-10-17,CAMPAIGN54919,10932,92,1.6646702
YouTube,2022-10-18,CAMPAIGN54919,4957,51,1.1145802
YouTube,2022-10-19,CAMPAIGN54919,4225,28,0.781642
YouTube,2022-10-20,CAMPAIGN54919,1954,6,0.325006
YouTube,2022-10-21,CAMPAIGN54919,1610,18,0.287118
YouTube,2022-10-22,CAMPAIGN54919,1063,11,0.2043486
YouTube,2022-10-23,CAMPAIGN54919,733,1,0.128853
YouTube,2022-10-24,CAMPAIGN54919,595,1,0.0892574
YouTube,2022-10-25,CAMPAIGN54919,399,2,0.0661308
YouTube,2022-10-26,CAMPAIGN54919,91,0,0.0137296
YouTube,2022-10-27,CAMPAIGN54919,84,0,0.0148252
YouTube,2022-10-28,CAMPAIGN54811,6189313,33112,1271.489022
YouTube,2022-10-29,CAMPAIGN54811,2064370,13567,535.3218614
YouTube,2022-10-30,CAMPAIGN54811,832789,3123,180.3696492
YouTube,2022-10-31,CAMPAIGN54811,631721,3102,135.1785154
YouTube,2022-11-01,CAMPAIGN54811,156918,1285,31.4974492
YouTube,2022-11-02,CAMPAIGN54811,151003,998,38.4201724
YouTube,2022-11-03,CAMPAIGN54811,129222,828,24.5229254
YouTube,2022-11-04,CAMPAIGN54811,45181,603,8.2776638
YouTube,2022-11-05,CAMPAIGN54811,20952,111,4.1273054
YouTube,2022-11-06,CAMPAIGN54811,18361,138,2.9288542
YouTube,2022-11-07,CAMPAIGN54811,15767,120,3.4093826
YouTube,2022-11-08,CAMPAIGN54811,8347,82,1.6231034
YouTube,2022-11-09,CAMPAIGN54811,6373,28,1.2799966
YouTube,2022-11-10,CAMPAIGN54811,4353,21,0.7562418
YouTube,2022-11-11,CAMPAIGN54811,1173,5,0.239024
YouTube,2022-11-12,CAMPAIGN54786,7502194,53383,1281.715092
YouTube,2022-11-13,CAMPAIGN54699,15920225,63049,3144.020996
YouTube,2022-11-14,CAMPAIGN54742,10263936,61361,1772.347229
YouTube,2022-11-15,CAMPAIGN54742,1949152,6618,370.6295606
YouTube,2022-11-16,CAMPAIGN54742,1259772,10143,251.9097112
YouTube,2022-11-17,CAMPAIGN54742,402825,1757,81.625762
YouTube,2022-11-18,CAMPAIGN54742,327777,1340,66.8744214
YouTube,2022-11-19,CAMPAIGN54816,6027133,29720,1116.022755
YouTube,2022-11-20,CAMPAIGN54816,1,0,0.0003714
YouTube,2022-11-21,CAMPAIGN54816,1,0,0.0001816
YouTube,2022-11-22,CAMPAIGN54898,3638672,23032,733.5275162
YouTube,2022-11-23,CAMPAIGN54709,14766857,99904,2785.211887
YouTube,2022-11-24,CAMPAIGN54881,3961249,18116,809.360792
YouTube,2022-11-25,CAMPAIGN54740,10453640,57988,1968.503453
YouTube,2022-11-26,CAMPAIGN54740,7834416,42023,1557.495398
YouTube,2022-11-27,CAMPAIGN54740,1446468,9207,291.668378
YouTube,2022-11-28,CAMPAIGN54783,7560691,28749,1481.421114
YouTube,2022-11-29,CAMPAIGN54783,7165231,31134,1369.055964
YouTube,2022-11-30,CAMPAIGN54783,593841,2195,111.0062386
YouTube,2022-12-01,CAMPAIGN54783,22979,124,2.9222078
YouTube,2022-12-02,CAMPAIGN54783,31,0,0.0082842
YouTube,2022-12-03,CAMPAIGN54783,26,0,0.0053552
YouTube,2022-12-04,CAMPAIGN54783,1,0,8.48e-05
YouTube,2022-12-05,CAMPAIGN54893,3816012,26260,932.5934924
YouTube,2022-12-06,CAMPAIGN54893,2673527,13669,740.6396992
YouTube,2022-12-07,CAMPAIGN54893,243904,1593,70.5647704
YouTube,2022-12-08,CAMPAIGN54967,2076636,3703,401.4868406
YouTube,2022-12-09,CAMPAIGN54967,813960,1681,126.366301
YouTube,2022-12-10,CAMPAIGN54731,11301477,53717,2340.708384
YouTube,2022-12-11,CAMPAIGN54731,10228525,45213,1893.94676
YouTube,2022-12-12,CAMPAIGN54731,1032158,5076,191.0078358
YouTube,2022-12-13,CAMPAIGN54793,7159021,24516,1509.842944
YouTube,2022-12-14,CAMPAIGN54793,5921286,17184,1277.642788
YouTube,2022-12-15,CAMPAIGN54793,999740,2795,214.9888608
YouTube,2022-12-16,CAMPAIGN54720,13036612,75597,2717.569309
YouTube,2022-12-17,CAMPAIGN54720,11352595,55223,2515.996402
YouTube,2022-12-18,CAMPAIGN54720,1692604,7858,355.4154006
YouTube,2022-12-19,CAMPAIGN54868,4253146,12362,928.1120194
YouTube,2022-12-20,CAMPAIGN54828,5606439,6623,1319.458619
YouTube,2022-12-21,CAMPAIGN54828,2348382,3112,424.675153
YouTube,2022-12-22,CAMPAIGN54828,2000598,9751,392.879993
YouTube,2022-12-23,CAMPAIGN54828,1394347,3848,318.7425128
YouTube,2022-12-24,CAMPAIGN54828,539673,1245,113.995216
YouTube,2022-12-25,CAMPAIGN54828,317126,944,59.8700606
YouTube,2022-12-26,CAMPAIGN54828,273536,740,64.7769648
YouTube,2022-12-27,CAMPAIGN54828,90814,172,18.1925208
YouTube,2022-12-28,CAMPAIGN54828,46677,132,9.2602706
YouTube,2022-12-29,CAMPAIGN54828,37854,122,7.125698
YouTube,2022-12-30,CAMPAIGN54987,1686786,58,319.1238694
YouTube,2022-12-31,CAMPAIGN54981,1814527,3528,288.518714
YouTube,2022-01-01,CAMPAIGN54981,1015858,2505,165.917452
YouTube,2022-01-02,CAMPAIGN54981,186648,1108,27.6251382
YouTube,2022-01-03,CAMPAIGN54700,15631214,78270,2997.355481
YouTube,2022-01-04,CAMPAIGN54700,3969589,22923,647.0202662
YouTube,2022-01-05,CAMPAIGN54692,17143225,90937,3563.143956
YouTube,2022-01-06,CAMPAIGN54692,4605254,25090,827.9944582
YouTube,2022-01-07,CAMPAIGN54715,13974965,58492,2950.67283
YouTube,2022-01-08,CAMPAIGN54715,3254619,12164,613.6231282
YouTube,2022-01-09,CAMPAIGN54905,3479281,4364,664.087048
YouTube,2022-01-10,CAMPAIGN54905,542383,402,123.1511806
YouTube,2022-01-11,CAMPAIGN54842,5154525,26622,900.9629238
YouTube,2022-01-12,CAMPAIGN54842,594585,2844,104.5143504
YouTube,2022-01-13,CAMPAIGN54842,119307,525,22.5839458
YouTube,2022-01-14,CAMPAIGN54721,12988341,56041,2480.825641
YouTube,2022-01-15,CAMPAIGN54721,1387836,5468,269.903302
YouTube,2022-01-16,CAMPAIGN54721,238334,966,44.2636836
YouTube,2022-01-17,CAMPAIGN54732,11297110,37374,2071.966747
YouTube,2022-01-18,CAMPAIGN54732,1307537,4034,242.542875
YouTube,2022-01-19,CAMPAIGN54732,58677,185,9.1934498
YouTube,2022-01-20,CAMPAIGN55120,88343,243,9.2615992
YouTube,2022-01-21,CAMPAIGN55120,62775,1117,10.3929978
YouTube,2022-01-22,CAMPAIGN55120,21450,335,7.448719
YouTube,2022-01-23,CAMPAIGN55120,15850,405,4.189408
YouTube,2022-01-24,CAMPAIGN55120,6051,190,2.1338288
YouTube,2022-01-25,CAMPAIGN55120,3660,9,0.534949
YouTube,2022-01-26,CAMPAIGN55120,1807,38,0.3754054
YouTube,2022-01-27,CAMPAIGN55120,634,5,0.1933682
YouTube,2022-01-28,CAMPAIGN55125,65093,1271,16.7063032
YouTube,2022-01-29,CAMPAIGN55125,54895,907,12.273679
YouTube,2022-01-30,CAMPAIGN55125,46231,164,5.2942488
YouTube,2022-01-31,CAMPAIGN55125,36027,874,10.007404
YouTube,2022-02-01,CAMPAIGN55125,26880,265,3.4208406
YouTube,2022-02-02,CAMPAIGN55125,8483,168,2.1907014
YouTube,2022-02-03,CAMPAIGN55125,8362,81,1.7871978
YouTube,2022-02-04,CAMPAIGN55125,4899,57,0.9975704
YouTube,2022-02-05,CAMPAIGN55119,106392,2009,26.7718094
YouTube,2022-02-06,CAMPAIGN55119,93763,1044,18.9603226
YouTube,2022-02-07,CAMPAIGN55119,93651,990,15.2642394
YouTube,2022-02-08,CAMPAIGN55119,59331,500,7.6650588
YouTube,2022-02-09,CAMPAIGN55119,36345,660,9.9927184
YouTube,2022-02-10,CAMPAIGN55119,24552,186,3.1853718
YouTube,2022-02-11,CAMPAIGN55119,14986,212,3.3093206
YouTube,2022-02-12,CAMPAIGN55119,7621,104,1.4445596
YouTube,2022-02-13,CAMPAIGN55129,29507,374,9.5001424
YouTube,2022-02-14,CAMPAIGN55129,18396,167,4.390211
YouTube,2022-02-15,CAMPAIGN55129,9931,28,0.8722808
YouTube,2022-02-16,CAMPAIGN55129,6534,10,1.3099964
YouTube,2022-02-17,CAMPAIGN55129,5673,38,2.1965206
YouTube,2022-02-18,CAMPAIGN55129,4743,30,0.978045
YouTube,2022-02-19,CAMPAIGN55129,2342,26,0.7363322
YouTube,2022-02-20,CAMPAIGN55129,1625,18,0.477163
YouTube,2022-02-21,CAMPAIGN55112,140019,3380,55.3583138
YouTube,2022-02-22,CAMPAIGN55112,137300,2851,47.8311112
YouTube,2022-02-23,CAMPAIGN55112,50759,440,11.9356662
YouTube,2022-02-24,CAMPAIGN55123,72189,1715,24.8785614
YouTube,2022-02-25,CAMPAIGN55123,41751,123,5.358627
YouTube,2022-02-26,CAMPAIGN55123,26165,452,8.8923272
YouTube,2022-02-27,CAMPAIGN55117,115552,3813,35.6863312
YouTube,2022-02-28,CAMPAIGN55117,83835,1813,26.1275732
YouTube,2022-03-01,CAMPAIGN55117,25172,204,5.6163414
YouTube,2022-03-01,CAMPAIGN55128,35590,629,16.4247732
YouTube,2022-03-02,CAMPAIGN55128,28123,130,4.8869646
YouTube,2022-03-03,CAMPAIGN55128,19474,365,9.6475984
YouTube,2022-03-04,CAMPAIGN54908,3382447,13507,838.1048926
YouTube,2022-03-05,CAMPAIGN54908,578267,2560,108.1332444
YouTube,2022-03-06,CAMPAIGN54908,26637,88,5.5298974
YouTube,2022-03-07,CAMPAIGN54690,17933525,85019,3204.8345
YouTube,2022-03-08,CAMPAIGN54690,2186231,9238,422.1748026
YouTube,2022-03-09,CAMPAIGN54690,57507,126,10.893209
YouTube,2022-03-10,CAMPAIGN54688,18310302,28846,5255.647152
YouTube,2022-03-11,CAMPAIGN54688,196590,293,47.4351082
YouTube,2022-03-12,CAMPAIGN54726,12357067,55789,2514.281999
YouTube,2022-03-13,CAMPAIGN54726,2514422,8336,422.5930082
YouTube,2022-03-14,CAMPAIGN54831,5486757,7288,1296.808998
YouTube,2022-03-15,CAMPAIGN54831,4363720,6158,1082.725479
YouTube,2022-03-16,CAMPAIGN54831,59641,61,12.1931438
YouTube,2022-03-17,CAMPAIGN54931,2808589,8563,544.2558042
YouTube,2022-03-18,CAMPAIGN54931,1623248,6896,299.9209548
YouTube,2022-03-19,CAMPAIGN54931,813886,2374,136.9754322
YouTube,2022-03-20,CAMPAIGN54931,734680,4057,112.6667854
YouTube,2022-03-21,CAMPAIGN54805,6470908,4787,1264.766171
YouTube,2022-03-22,CAMPAIGN54805,5156168,4579,966.3419426
YouTube,2022-03-23,CAMPAIGN54805,232526,175,40.9978154
YouTube,2022-03-24,CAMPAIGN54805,232314,132,40.7883168
YouTube,2022-03-25,CAMPAIGN54970,2034442,3053,430.7314772
YouTube,2022-03-26,CAMPAIGN54970,220550,237,52.037153
YouTube,2022-03-27,CAMPAIGN54895,3761734,10760,648.996638
YouTube,2022-03-28,CAMPAIGN54895,455548,1132,80.0506184
YouTube,2022-03-29,CAMPAIGN54895,99828,167,18.0261648
YouTube,2022-03-30,CAMPAIGN54895,48496,198,7.9643308
YouTube,2022-03-31,CAMPAIGN54895,11452,23,2.0677352
YouTube,2022-04-01,CAMPAIGN54895,630,2,0.1067256
YouTube,2022-04-02,CAMPAIGN54737,10823899,14453,1887.80472
YouTube,2022-04-03,CAMPAIGN54737,1513628,4314,268.7176722
YouTube,2022-04-04,CAMPAIGN54853,4748910,21112,821.641247
YouTube,2022-04-05,CAMPAIGN54853,513334,2076,89.7493238
YouTube,2022-04-06,CAMPAIGN54853,105082,377,16.6485626
YouTube,2022-04-07,CAMPAIGN55121,86715,1922,32.9564142
YouTube,2022-04-08,CAMPAIGN55121,77398,1334,34.1126626
YouTube,2022-04-09,CAMPAIGN55121,58612,371,6.9773612
YouTube,2022-04-10,CAMPAIGN55121,24330,34,2.5991244
YouTube,2022-04-11,CAMPAIGN55121,23649,167,4.8695996
YouTube,2022-04-12,CAMPAIGN55121,12869,229,4.2898246
YouTube,2022-04-13,CAMPAIGN55121,12341,119,3.015348
YouTube,2022-04-14,CAMPAIGN55121,5276,85,1.5920034
YouTube,2022-04-15,CAMPAIGN54825,5687246,396,1389.623138
YouTube,2022-04-16,CAMPAIGN54825,2895926,73,556.26777
YouTube,2022-04-17,CAMPAIGN54825,434,0,0.0572096
YouTube,2022-04-18,CAMPAIGN54736,10828832,444,2214.172014
YouTube,2022-04-19,CAMPAIGN54736,6679550,74,1277.800834
YouTube,2022-04-20,CAMPAIGN55005,1404245,83,257.2858908
YouTube,2022-04-21,CAMPAIGN55005,15533,1,1.8512512
YouTube,2022-04-22,CAMPAIGN54741,10364459,40877,1986.524702
YouTube,2022-04-23,CAMPAIGN54741,2370500,12296,435.6083784
YouTube,2022-04-24,CAMPAIGN54741,1686555,10557,227.5839408
YouTube,2022-04-25,CAMPAIGN54837,5348933,20260,1032.492966
YouTube,2022-04-26,CAMPAIGN54837,584150,1955,114.5639848
YouTube,2022-04-27,CAMPAIGN54837,107308,378,20.2087238
YouTube,2022-04-28,CAMPAIGN55122,73584,1358,14.1003388
YouTube,2022-04-29,CAMPAIGN55122,54883,202,11.2453266
YouTube,2022-04-30,CAMPAIGN55122,46321,855,14.3196326
YouTube,2022-05-01,CAMPAIGN55122,31328,142,4.1867586
YouTube,2022-05-02,CAMPAIGN55122,23807,271,5.0293296
YouTube,2022-05-03,CAMPAIGN55122,10104,38,1.6345838
YouTube,2022-05-04,CAMPAIGN55122,6847,69,2.262235
YouTube,2022-05-05,CAMPAIGN55122,3155,37,0.8251686
YouTube,2022-05-06,CAMPAIGN55130,27763,616,14.4285912
YouTube,2022-05-07,CAMPAIGN55130,15722,268,8.3045064
YouTube,2022-05-08,CAMPAIGN55130,12177,45,2.9737166
YouTube,2022-05-09,CAMPAIGN55104,227272,4631,68.2145772
YouTube,2022-05-10,CAMPAIGN55104,108832,319,15.4767632
YouTube,2022-05-11,CAMPAIGN55104,74150,1062,27.3634064
YouTube,2022-05-12,CAMPAIGN54703,15150861,97653,3332.30268
YouTube,2022-05-13,CAMPAIGN54703,580238,2209,116.4887494
YouTube,2022-05-14,CAMPAIGN54703,40560,134,9.3299598
YouTube,2022-05-15,CAMPAIGN54675,26741908,146103,3844.931272
YouTube,2022-05-16,CAMPAIGN54675,8036730,32564,1440.512869
YouTube,2022-05-17,CAMPAIGN54675,720666,2033,139.5080658
YouTube,2022-05-18,CAMPAIGN54964,2141918,3143,374.5939682
YouTube,2022-05-19,CAMPAIGN54964,1355588,2663,205.258442
YouTube,2022-05-20,CAMPAIGN54964,844660,4729,146.423287
YouTube,2022-05-21,CAMPAIGN54964,635360,2132,124.844983
YouTube,2022-05-22,CAMPAIGN54964,183657,679,29.275459
YouTube,2022-05-23,CAMPAIGN54964,167878,222,31.4070004
YouTube,2022-05-24,CAMPAIGN54964,110307,423,20.935439
YouTube,2022-05-25,CAMPAIGN54964,45391,216,8.4235576
YouTube,2022-05-26,CAMPAIGN54846,4951012,7872,921.9383716
YouTube,2022-05-27,CAMPAIGN54846,3141779,7226,555.8510718
YouTube,2022-05-28,CAMPAIGN54846,1925841,6399,393.0448582
YouTube,2022-05-29,CAMPAIGN54846,715258,3096,158.1055692
YouTube,2022-05-30,CAMPAIGN54846,713507,3883,158.8044082
YouTube,2022-05-31,CAMPAIGN54846,693042,1793,133.2787442
YouTube,2022-06-01,CAMPAIGN54846,307075,1167,75.5897968
YouTube,2022-06-02,CAMPAIGN54846,57520,172,14.348446
YouTube,2022-06-03,CAMPAIGN54870,4237786,17328,904.1449264
YouTube,2022-06-04,CAMPAIGN54870,535394,2383,80.7275766
YouTube,2022-06-05,CAMPAIGN54870,271069,667,52.447547
YouTube,2022-06-06,CAMPAIGN54870,134913,154,17.2992616
YouTube,2022-06-07,CAMPAIGN55003,1415635,73,280.1593438
YouTube,2022-06-08,CAMPAIGN55003,4030,1,0.3303014
YouTube,2022-06-09,CAMPAIGN55004,1408987,2750,273.1538462
YouTube,2022-06-10,CAMPAIGN55004,773253,5351,96.6189738
YouTube,2022-06-11,CAMPAIGN55004,332113,822,64.7555212
YouTube,2022-06-12,CAMPAIGN54879,3995636,5107,730.6220512
YouTube,2022-06-13,CAMPAIGN54879,1444124,3797,221.0266842
YouTube,2022-06-14,CAMPAIGN54879,1392488,1767,187.7252198
YouTube,2022-06-15,CAMPAIGN54879,818968,1335,106.3550606
YouTube,2022-06-16,CAMPAIGN54879,524764,130,71.3345834
YouTube,2022-06-17,CAMPAIGN54752,9529385,35405,1719.3276
YouTube,2022-06-18,CAMPAIGN54752,2469475,3060,379.5371786
YouTube,2022-06-19,CAMPAIGN54752,1632721,8075,275.0476732
YouTube,2022-06-20,CAMPAIGN54752,380410,355,50.2335834
YouTube,2022-06-21,CAMPAIGN54683,20371268,58042,2821.413454
YouTube,2022-06-22,CAMPAIGN54683,8354136,30791,1254.34288
YouTube,2022-06-23,CAMPAIGN54683,1585009,6951,177.8559876
YouTube,2022-06-24,CAMPAIGN54683,784,2,0.1802522
YouTube,2022-06-25,CAMPAIGN54707,14959288,28033,2745.378721
YouTube,2022-06-26,CAMPAIGN54722,12702218,33034,2846.789003
YouTube,2022-06-27,CAMPAIGN54680,24120778,57904,5039.366708
YouTube,2022-06-28,CAMPAIGN54672,29537908,85968,4549.376091
YouTube,2022-06-29,CAMPAIGN54671,30452096,60448,4956.425416
YouTube,2022-06-30,CAMPAIGN54671,34951,48,6.6413352
YouTube,2022-07-01,CAMPAIGN54748,9670376,23615,1783.973984
YouTube,2022-07-02,CAMPAIGN54966,2077832,1989,419.799069
YouTube,2022-07-03,CAMPAIGN54844,5006237,1703,892.5137182
YouTube,2022-07-04,CAMPAIGN54844,2894215,19762,378.4470394
YouTube,2022-07-05,CAMPAIGN54844,478794,1648,37.8344076
YouTube,2022-07-06,CAMPAIGN54844,159409,98,34.6839182
YouTube,2022-07-07,CAMPAIGN54994,1562606,3540,306.8450378
YouTube,2022-07-08,CAMPAIGN54994,479911,2893,71.1573762
YouTube,2022-07-09,CAMPAIGN54994,414160,1498,80.8652474
YouTube,2022-07-10,CAMPAIGN54938,2744709,20247,493.0177928
YouTube,2022-07-11,CAMPAIGN54938,736684,1777,188.7148712
YouTube,2022-07-12,CAMPAIGN54938,719507,2241,159.5615512
YouTube,2022-07-13,CAMPAIGN54938,227546,775,56.7802746
YouTube,2022-07-14,CAMPAIGN54938,85099,346,11.7410892
YouTube,2022-07-15,CAMPAIGN54938,53686,245,7.4252072
YouTube,2022-07-16,CAMPAIGN54938,15648,60,4.133843
YouTube,2022-07-17,CAMPAIGN54938,13694,21,2.7874308
YouTube,2022-07-18,CAMPAIGN54938,4870,25,1.1095824
YouTube,2022-07-19,CAMPAIGN54938,464,0,0.0920546
YouTube,2022-07-20,CAMPAIGN54938,324,5,0.0964368
YouTube,2022-07-21,CAMPAIGN54938,275,0,0.0550492
YouTube,2022-07-22,CAMPAIGN54938,125,3,0.0242714
YouTube,2022-07-23,CAMPAIGN55022,1065310,6,169.9894054
YouTube,2022-07-24,CAMPAIGN55022,945004,34,403.114784
YouTube,2022-07-25,CAMPAIGN55022,761764,1,139.9747696
YouTube,2022-07-26,CAMPAIGN55022,39751,1,14.4278776
YouTube,2022-07-27,CAMPAIGN55022,2308,0,0.6388056
YouTube,2022-07-28,CAMPAIGN55022,598,0,0.1111662
YouTube,2022-07-29,CAMPAIGN55022,7,0,0.0003732
YouTube,2022-07-30,CAMPAIGN54697,16316110,45312,3178.554601
YouTube,2022-07-31,CAMPAIGN54674,26977918,44039,4189.226826
YouTube,2022-08-01,CAMPAIGN54789,7360901,7400,3747.149832
YouTube,2022-08-02,CAMPAIGN54789,507596,736,299.2064126
YouTube,2022-08-03,CAMPAIGN54668,37370848,98417,6140.963797
YouTube,2022-08-04,CAMPAIGN54668,4855292,12724,793.3992774
YouTube,2022-08-05,CAMPAIGN54668,1195341,2928,237.973297
YouTube,2022-08-06,CAMPAIGN54668,137391,335,28.1453134
YouTube,2022-08-07,CAMPAIGN55066,494343,61,223.5653632
YouTube,2022-08-08,CAMPAIGN55066,238944,15,110.5217092
YouTube,2022-08-09,CAMPAIGN55079,399501,922,221.3189188
YouTube,2022-08-10,CAMPAIGN55079,256454,693,141.2060568
YouTube,2022-08-11,CAMPAIGN55079,26537,136,7.4450584
YouTube,2022-08-12,CAMPAIGN55079,12510,58,4.4985622
YouTube,2022-08-13,CAMPAIGN55030,945809,50,578.9138776
YouTube,2022-08-14,CAMPAIGN55030,694030,49,362.6919792
YouTube,2022-08-15,CAMPAIGN54814,6087396,452,1521.756401
YouTube,2022-08-16,CAMPAIGN54983,1809248,2938,362.2947406
YouTube,2022-08-17,CAMPAIGN54983,973181,4750,186.1320696
YouTube,2022-08-18,CAMPAIGN54983,634058,1599,143.561198
YouTube,2022-08-19,CAMPAIGN54983,452188,2144,107.1562292
YouTube,2022-08-20,CAMPAIGN54983,296404,1524,82.2704196
YouTube,2022-08-21,CAMPAIGN54983,43627,152,7.8208064
YouTube,2022-08-22,CAMPAIGN54878,4023744,4149,685.6911902
YouTube,2022-08-23,CAMPAIGN54878,698676,1004,113.9498892
YouTube,2022-08-24,CAMPAIGN54878,55940,276,6.7555226
YouTube,2022-08-25,CAMPAIGN54878,6282,34,0.8333584
YouTube,2022-08-26,CAMPAIGN54912,3342984,6684,865.107367
YouTube,2022-08-27,CAMPAIGN54912,471753,970,101.5227762
YouTube,2022-08-28,CAMPAIGN54912,47168,181,12.42657
YouTube,2022-08-29,CAMPAIGN54912,4508,22,1.2234114
YouTube,2022-08-30,CAMPAIGN54790,7334749,10771,1121.250226
YouTube,2022-08-31,CAMPAIGN54790,1316112,2716,195.3184678
YouTube,2022-09-01,CAMPAIGN55061,534152,27,379.8176304
YouTube,2022-09-02,CAMPAIGN54851,4841978,24614,2539.036534
YouTube,2022-09-03,CAMPAIGN54851,975830,3819,438.6180804
YouTube,2022-09-04,CAMPAIGN54851,123670,615,26.7784182
YouTube,2022-09-05,CAMPAIGN54851,18853,123,6.5532126
YouTube,2022-09-06,CAMPAIGN54851,15366,110,5.4123456
YouTube,2022-09-07,CAMPAIGN54851,6526,33,1.2174852
YouTube,2022-09-08,CAMPAIGN54784,7550316,14450,981.7457738
YouTube,2022-09-09,CAMPAIGN54760,9053879,16857,1262.128937
YouTube,2022-09-10,CAMPAIGN54676,26525100,46034,4959.106036
YouTube,2022-09-11,CAMPAIGN54977,1836259,2390,367.7652136
YouTube,2022-09-12,CAMPAIGN54977,121686,140,26.0429122
YouTube,2022-09-13,CAMPAIGN54667,44789254,94065,6588.656626
YouTube,2022-09-14,CAMPAIGN54717,13645144,29432,2911.218197
YouTube,2022-09-15,CAMPAIGN54857,4438493,4928,879.6967956
YouTube,2022-09-16,CAMPAIGN54857,4438488,4927,879.6958248
YouTube,2022-09-17,CAMPAIGN54839,5295893,168,1044.118842
YouTube,2022-09-18,CAMPAIGN54839,134135,3,29.1751384
YouTube,2022-09-19,CAMPAIGN54839,26127,17,3.877393
YouTube,2022-09-20,CAMPAIGN54839,10,0,0.0022744
YouTube,2022-09-21,CAMPAIGN54867,4264942,4010,1710.294105
YouTube,2022-09-22,CAMPAIGN54867,206836,288,279.6662678
YouTube,2022-09-23,CAMPAIGN54867,108170,178,51.8271714
YouTube,2022-09-24,CAMPAIGN54867,18208,48,93.5171014
YouTube,2022-09-25,CAMPAIGN54701,15604030,41698,2939.516436
YouTube,2022-09-26,CAMPAIGN54682,22727431,35077,3661.340919
YouTube,2022-09-27,CAMPAIGN54679,24834688,53456,3356.84694
YouTube,2022-09-28,CAMPAIGN54679,3546114,7003,459.7324118
YouTube,2022-09-29,CAMPAIGN54679,479772,347,74.2663214
YouTube,2022-09-30,CAMPAIGN54679,60583,55,9.3986706
YouTube,2022-10-01,CAMPAIGN54971,1995984,70,942.3757554
YouTube,2022-10-02,CAMPAIGN54971,555014,26,379.4111428
YouTube,2022-10-03,CAMPAIGN54971,156825,9,72.235153
YouTube,2022-10-04,CAMPAIGN54971,7247,1,5.5092174
YouTube,2022-10-05,CAMPAIGN54901,3572700,3076,616.6623862
YouTube,2022-10-06,CAMPAIGN54901,339052,431,56.6806564
YouTube,2022-10-07,CAMPAIGN54901,43078,173,5.235114
YouTube,2022-10-08,CAMPAIGN54901,405,2,0.0375068
YouTube,2022-10-09,CAMPAIGN54991,1603398,144,1388.638069
YouTube,2022-10-10,CAMPAIGN54991,12350,7,10.5717654
YouTube,2022-10-11,CAMPAIGN54932,2800484,142,1227.435223
YouTube,2022-10-12,CAMPAIGN54932,2034726,149,961.7144224
YouTube,2022-10-13,CAMPAIGN54932,872372,33,371.5231586
YouTube,2022-10-14,CAMPAIGN54928,2889692,6888,1412.095896
YouTube,2022-10-15,CAMPAIGN54928,2077726,3332,1127.435472
YouTube,2022-10-16,CAMPAIGN54928,1107798,2415,541.4812156
YouTube,2022-10-17,CAMPAIGN54928,172746,770,29.8153282
YouTube,2022-10-18,CAMPAIGN54928,165792,757,44.0587184
YouTube,2022-10-19,CAMPAIGN54928,46993,205,14.0717252
YouTube,2022-10-20,CAMPAIGN55065,503319,11,185.4440124
YouTube,2022-10-21,CAMPAIGN55065,3367,0,1.1522802
YouTube,2022-10-22,CAMPAIGN55065,1,0,0.0002876
YouTube,2022-10-23,CAMPAIGN55106,214341,306,114.0502058
YouTube,2022-10-24,CAMPAIGN55106,199512,1388,81.526365
YouTube,2022-10-25,CAMPAIGN55106,47388,237,7.1331002
YouTube,2022-10-26,CAMPAIGN55106,9767,41,2.7805914
YouTube,2022-10-27,CAMPAIGN54855,4561159,3800,1585.335999
YouTube,2022-10-28,CAMPAIGN54670,30737763,120352,5136.508215
YouTube,2022-10-29,CAMPAIGN54670,1015,2,0.432805
YouTube,2022-10-30,CAMPAIGN54813,6167008,16756,1097.318397
YouTube,2022-10-31,CAMPAIGN54827,5637933,16704,1006.708104
YouTube,2022-11-01,CAMPAIGN54792,7162716,7207,3578.621659
YouTube,2022-11-02,CAMPAIGN54792,1105765,2050,517.8665448
YouTube,2022-11-03,CAMPAIGN54980,1831555,3680,331.501024
YouTube,2022-11-04,CAMPAIGN54980,1364180,7316,244.188459
YouTube,2022-11-05,CAMPAIGN54980,171025,478,27.4703786
YouTube,2022-11-06,CAMPAIGN54980,106813,688,17.2507854
YouTube,2022-11-07,CAMPAIGN54980,53246,219,11.6345514
YouTube,2022-11-08,CAMPAIGN54980,5213,13,1.180314
YouTube,2022-11-09,CAMPAIGN54803,6574603,26453,1253.770966
YouTube,2022-11-10,CAMPAIGN54819,5885457,11865,1128.687015
YouTube,2022-11-11,CAMPAIGN54754,9341169,13586,1698.729481
YouTube,2022-11-12,CAMPAIGN54754,266608,444,41.5943598
YouTube,2022-11-13,CAMPAIGN54754,128863,63,19.4710286
YouTube,2022-11-14,CAMPAIGN55018,1129792,2316,196.508514
YouTube,2022-11-15,CAMPAIGN55018,680153,2565,104.9679506
YouTube,2022-11-16,CAMPAIGN55018,105095,474,18.118412
YouTube,2022-11-17,CAMPAIGN55018,65271,191,11.25595
YouTube,2022-11-18,CAMPAIGN55018,59003,341,9.3448192
YouTube,2022-11-19,CAMPAIGN55018,46707,225,8.6010968
YouTube,2022-11-20,CAMPAIGN55018,5820,29,0.7667324
YouTube,2022-11-21,CAMPAIGN55018,607,2,0.0914056
YouTube,2022-11-22,CAMPAIGN54955,2359728,3264,393.0623488
YouTube,2022-11-23,CAMPAIGN54955,2012842,12068,330.0892398
YouTube,2022-11-24,CAMPAIGN54955,266351,571,43.5921854
YouTube,2022-11-25,CAMPAIGN54955,221443,1759,38.9238306
YouTube,2022-11-26,CAMPAIGN54955,52835,263,9.9121754
YouTube,2022-11-27,CAMPAIGN54955,18564,89,4.0495306
YouTube,2022-11-28,CAMPAIGN54924,3075941,12815,330.2208936
YouTube,2022-11-29,CAMPAIGN54924,1769941,1861,216.2877414
YouTube,2022-11-30,CAMPAIGN54924,143252,244,18.1832444
YouTube,2022-12-01,CAMPAIGN54924,139591,925,18.9601972
YouTube,2022-12-02,CAMPAIGN54924,50909,249,10.2419844
YouTube,2022-12-03,CAMPAIGN54924,8328,35,2.1305994
YouTube,2022-12-04,CAMPAIGN55015,1181753,1965,682.3085264
YouTube,2022-12-05,CAMPAIGN55015,889610,1651,470.6716346
YouTube,2022-12-06,CAMPAIGN55015,85080,245,21.8591756
YouTube,2022-12-07,CAMPAIGN55015,60750,221,14.2393802
YouTube,2022-12-08,CAMPAIGN54744,9992224,15758,2349.744578
YouTube,2022-12-09,CAMPAIGN54744,801559,2669,127.6903542
YouTube,2022-12-10,CAMPAIGN54902,3564696,66,925.4810718
YouTube,2022-12-11,CAMPAIGN54779,7656137,27629,1688.688719
YouTube,2022-12-12,CAMPAIGN54779,390637,1680,59.3125444
YouTube,2022-12-13,CAMPAIGN54910,3367688,5568,697.452842
YouTube,2022-12-14,CAMPAIGN54910,47446,235,9.0533976
YouTube,2022-12-15,CAMPAIGN54910,23715,97,3.860472
YouTube,2022-12-16,CAMPAIGN54910,273,1,0.0685402
YouTube,2022-12-17,CAMPAIGN54988,1674095,3875,353.9941164
YouTube,2022-12-18,CAMPAIGN54988,195263,395,41.3999368
YouTube,2022-12-19,CAMPAIGN54693,17097962,53812,3491.503579
YouTube,2022-12-20,CAMPAIGN54693,2387959,5588,542.8580156
YouTube,2022-12-21,CAMPAIGN54693,695713,4028,162.0300164
YouTube,2022-12-22,CAMPAIGN54693,105246,435,30.4722418
YouTube,2022-12-23,CAMPAIGN54723,12626484,18863,2857.941936
YouTube,2022-12-24,CAMPAIGN54723,4048364,4976,683.4270844
YouTube,2022-12-25,CAMPAIGN54723,3603982,15153,900.96606
YouTube,2022-12-26,CAMPAIGN54723,3317660,13941,759.0064902
YouTube,2022-12-27,CAMPAIGN54723,946091,4254,260.4875574
YouTube,2022-12-28,CAMPAIGN54723,755193,2932,150.102017
YouTube,2022-12-29,CAMPAIGN54723,119323,473,24.5511782
YouTube,2022-12-30,CAMPAIGN54723,99916,389,19.7414326
YouTube,2022-12-31,CAMPAIGN54984,1766552,828,522.0008682
YouTube,2022-01-01,CAMPAIGN55036,842361,738,311.8754766
YouTube,2022-01-02,CAMPAIGN54685,19465872,20594,3525.784659
YouTube,2022-01-03,CAMPAIGN54685,156635,419,26.125572
YouTube,2022-01-04,CAMPAIGN54685,156604,468,25.7472806
YouTube,2022-01-05,CAMPAIGN54890,3850329,8832,1980.414148
YouTube,2022-01-06,CAMPAIGN54890,107115,406,18.512439
YouTube,2022-01-07,CAMPAIGN54691,17276614,73637,8921.637259
YouTube,2022-01-08,CAMPAIGN54691,2087016,5289,1011.28308
YouTube,2022-01-09,CAMPAIGN54691,527224,2858,118.7975948
YouTube,2022-01-10,CAMPAIGN54691,89008,422,23.4407068
YouTube,2022-01-11,CAMPAIGN55031,909688,83,261.4884324
YouTube,2022-01-12,CAMPAIGN55031,230633,36,88.536212
YouTube,2022-01-13,CAMPAIGN55039,759174,93,312.0755902
YouTube,2022-01-14,CAMPAIGN54996,1521874,1397,643.540314
YouTube,2022-01-15,CAMPAIGN54772,8130043,10441,1673.256711
YouTube,2022-01-16,CAMPAIGN54772,7808989,11911,1412.511629
YouTube,2022-01-17,CAMPAIGN54772,7695477,24232,2070.094292
YouTube,2022-01-18,CAMPAIGN55062,506952,1790,529.4374334
YouTube,2022-01-19,CAMPAIGN55062,417750,1466,242.876546
YouTube,2022-01-20,CAMPAIGN55062,395823,1757,231.543856
YouTube,2022-01-21,CAMPAIGN55062,55647,206,37.7129638
YouTube,2022-01-22,CAMPAIGN55062,54624,213,36.9863044
YouTube,2022-01-23,CAMPAIGN55062,22281,79,12.4298856
YouTube,2022-01-24,CAMPAIGN55062,16567,74,11.0659222
YouTube,2022-01-25,CAMPAIGN55062,16507,62,11.3226118
YouTube,2022-01-26,CAMPAIGN55062,3228,2,15.0264266
YouTube,2022-01-27,CAMPAIGN55062,1017,3,5.1203532
YouTube,2022-01-28,CAMPAIGN55062,993,4,5.023149
YouTube,2022-01-29,CAMPAIGN55131,26359,36,27.3542538
YouTube,2022-01-30,CAMPAIGN55131,3132,9,4.9878124
YouTube,2022-01-31,CAMPAIGN54778,7755333,28115,2584.811085
YouTube,2022-02-01,CAMPAIGN54778,146,0,0.0805964
YouTube,2022-02-02,CAMPAIGN54998,1480771,2652,485.5662394
YouTube,2022-02-03,CAMPAIGN54810,6346133,16249,1218.771881
YouTube,2022-02-04,CAMPAIGN54810,3060784,10513,518.1945962
YouTube,2022-02-05,CAMPAIGN55056,577690,8,457.758712
YouTube,2022-02-06,CAMPAIGN55080,386595,11,307.181466
YouTube,2022-02-07,CAMPAIGN55080,1321,0,2.1039312
YouTube,2022-02-08,CAMPAIGN55091,291245,7,370.4262564
YouTube,2022-02-09,CAMPAIGN55010,1322525,28,1026.776941
YouTube,2022-02-10,CAMPAIGN54818,5927728,28,4862.209094
YouTube,2022-02-11,CAMPAIGN54818,90159,0,81.120841
YouTube,2022-02-12,CAMPAIGN54939,2742301,177,2049.878802
YouTube,2022-02-13,CAMPAIGN54982,1812603,74,1091.633691
YouTube,2022-02-14,CAMPAIGN54982,9733,0,5.3521532
YouTube,2022-02-15,CAMPAIGN54904,3486286,9626,1115.084864
YouTube,2022-02-16,CAMPAIGN54812,6182706,17754,4865.594679
YouTube,2022-02-17,CAMPAIGN54812,222969,847,211.2056338
YouTube,2022-02-18,CAMPAIGN55085,334727,15,354.4540138
YouTube,2022-02-19,CAMPAIGN54979,1835168,5385,399.4807454
YouTube,2022-02-20,CAMPAIGN54979,866250,3697,182.2050516
YouTube,2022-02-21,CAMPAIGN54920,3175546,8489,716.7152998
YouTube,2022-02-22,CAMPAIGN54920,939228,3874,212.908225
YouTube,2022-02-23,CAMPAIGN54952,2451060,8304,1635.562701
YouTube,2022-02-24,CAMPAIGN54952,341769,1452,210.28511
YouTube,2022-02-25,CAMPAIGN55014,1185738,4132,824.6022122
YouTube,2022-02-26,CAMPAIGN55014,987228,3637,657.08653
YouTube,2022-02-27,CAMPAIGN54746,9771257,14421,3492.405464
YouTube,2022-02-28,CAMPAIGN55109,182198,199,107.497503
YouTube,2022-03-01,CAMPAIGN54724,12583119,64461,2099.786058
YouTube,2022-03-02,CAMPAIGN54729,11363443,50755,1651.840005
YouTube,2022-03-03,CAMPAIGN54875,4047367,8978,746.907327
YouTube,2022-03-04,CAMPAIGN54927,2891239,10177,513.080636
YouTube,2022-03-05,CAMPAIGN55073,449453,497,369.6036804
YouTube,2022-03-06,CAMPAIGN55073,110159,360,80.848871
YouTube,2022-03-07,CAMPAIGN55073,104789,305,77.0987576
YouTube,2022-03-08,CAMPAIGN55073,8478,12,43.1564104
YouTube,2022-03-09,CAMPAIGN55073,1191,1,6.1781902
YouTube,2022-03-10,CAMPAIGN55073,1161,9,5.986861
YouTube,2022-03-11,CAMPAIGN54935,2768455,3270,575.587723
YouTube,2022-03-12,CAMPAIGN55052,594386,693,125.2201332
YouTube,2022-03-13,CAMPAIGN55048,661728,674,153.9728814
YouTube,2022-03-14,CAMPAIGN55096,267145,3453,100.003817
YouTube,2022-03-15,CAMPAIGN55096,163864,1309,37.3006944
YouTube,2022-03-16,CAMPAIGN55096,162672,1129,47.9361334
YouTube,2022-03-17,CAMPAIGN55096,99918,1988,40.330767
YouTube,2022-03-18,CAMPAIGN55096,83823,421,22.2682922
YouTube,2022-03-19,CAMPAIGN55096,75044,569,25.6643516
YouTube,2022-03-20,CAMPAIGN55096,69047,299,18.4652902
YouTube,2022-03-21,CAMPAIGN55096,64453,724,30.8964732
YouTube,2022-03-22,CAMPAIGN55107,195968,3951,68.9578618
YouTube,2022-03-23,CAMPAIGN55107,145257,1199,24.6472382
YouTube,2022-03-24,CAMPAIGN55107,137772,1049,19.284847
YouTube,2022-03-25,CAMPAIGN55107,56591,711,17.2813804
YouTube,2022-03-26,CAMPAIGN55107,51594,706,18.3218906
YouTube,2022-03-27,CAMPAIGN55107,47593,445,14.3914358
YouTube,2022-03-28,CAMPAIGN55107,45242,669,11.909387
YouTube,2022-03-29,CAMPAIGN55107,41655,508,16.464239
YouTube,2022-03-30,CAMPAIGN55089,315427,2354,50.0040808
YouTube,2022-03-31,CAMPAIGN55089,314594,1020,28.6832096
YouTube,2022-04-01,CAMPAIGN55089,237927,3625,96.9174318
YouTube,2022-04-02,CAMPAIGN55089,216054,2701,44.7839012
YouTube,2022-04-03,CAMPAIGN55089,113235,1463,46.5967396
YouTube,2022-04-04,CAMPAIGN55089,89264,1094,33.6174942
YouTube,2022-04-05,CAMPAIGN55089,29258,329,10.4236794
YouTube,2022-04-06,CAMPAIGN55089,20273,113,5.2481024
YouTube,2022-04-07,CAMPAIGN55102,233831,1246,28.9187028
YouTube,2022-04-08,CAMPAIGN55102,185634,2968,56.6338664
YouTube,2022-04-09,CAMPAIGN55102,131799,1236,25.7342738
YouTube,2022-04-10,CAMPAIGN55102,105054,1743,32.6756816
YouTube,2022-04-11,CAMPAIGN55102,80155,1590,24.3165868
YouTube,2022-04-12,CAMPAIGN55102,43181,343,5.5277218
YouTube,2022-04-13,CAMPAIGN55102,34522,174,7.4732434
YouTube,2022-04-14,CAMPAIGN55102,30574,517,12.0903102
YouTube,2022-04-15,CAMPAIGN55102,16,0,0.0071006
YouTube,2022-04-16,CAMPAIGN55060,534496,9872,154.0587698
YouTube,2022-04-17,CAMPAIGN55060,155164,3428,44.11864
YouTube,2022-04-18,CAMPAIGN55060,98889,703,16.962032
YouTube,2022-04-19,CAMPAIGN55092,290796,4049,52.8225242
YouTube,2022-04-20,CAMPAIGN55092,75017,871,15.6278592
YouTube,2022-04-21,CAMPAIGN55092,57247,560,11.3699466
YouTube,2022-04-22,CAMPAIGN55092,35163,657,11.7594528
YouTube,2022-04-23,CAMPAIGN55092,24661,271,9.5650844
YouTube,2022-04-24,CAMPAIGN55092,22346,317,10.1177952
YouTube,2022-04-25,CAMPAIGN55092,19086,124,6.9728606
YouTube,2022-04-26,CAMPAIGN55092,14813,103,8.6738608
YouTube,2022-04-27,CAMPAIGN55113,140018,2100,32.6016098
YouTube,2022-04-28,CAMPAIGN55113,40011,246,7.3244386
YouTube,2022-04-29,CAMPAIGN55113,30731,346,7.9167124
YouTube,2022-04-30,CAMPAIGN55099,244055,4728,56.2965154
YouTube,2022-05-01,CAMPAIGN55099,82096,1181,12.2340642
YouTube,2022-05-02,CAMPAIGN55099,19693,208,4.0682084
YouTube,2022-05-03,CAMPAIGN55077,426069,11630,96.7243326
YouTube,2022-05-04,CAMPAIGN55077,119792,2303,21.4081814
YouTube,2022-05-05,CAMPAIGN55077,70348,974,11.0849336
YouTube,2022-05-06,CAMPAIGN55126,58296,380,10.5275654
YouTube,2022-05-07,CAMPAIGN55126,39175,353,12.5479496
YouTube,2022-05-08,CAMPAIGN55126,34498,406,10.219046
YouTube,2022-05-09,CAMPAIGN55126,29581,89,7.3735928
YouTube,2022-05-10,CAMPAIGN55126,23854,78,5.5619152
YouTube,2022-05-11,CAMPAIGN55126,22231,266,8.386178
YouTube,2022-05-12,CAMPAIGN55126,20143,272,8.3931094
YouTube,2022-05-13,CAMPAIGN55126,19834,137,10.0159032
YouTube,2022-05-14,CAMPAIGN55053,593370,10000,147.5698946
YouTube,2022-05-15,CAMPAIGN55053,215397,1425,28.984885
YouTube,2022-05-16,CAMPAIGN55053,132090,2125,31.9950844
YouTube,2022-05-17,CAMPAIGN55002,1421041,5298,868.0724088
YouTube,2022-05-18,CAMPAIGN55002,437574,487,382.250894
YouTube,2022-05-19,CAMPAIGN55002,29476,94,17.0466608
YouTube,2022-05-20,CAMPAIGN54854,4735289,6825,743.392591
YouTube,2022-05-21,CAMPAIGN54854,3412908,9682,632.670044
YouTube,2022-05-22,CAMPAIGN55049,642610,4807,252.9438992
YouTube,2022-05-23,CAMPAIGN55049,34462,278,7.5797726
YouTube,2022-05-24,CAMPAIGN55037,809463,4794,379.6168462
YouTube,2022-05-25,CAMPAIGN55037,392000,2175,214.7212026
YouTube,2022-05-26,CAMPAIGN54824,5694489,70174,1465.37366
YouTube,2022-05-27,CAMPAIGN54780,7648251,6680,580.87124
YouTube,2022-05-28,CAMPAIGN54687,18875994,24940,3953.089515
YouTube,2022-05-29,CAMPAIGN54687,9934598,13453,1944.77881
YouTube,2022-05-30,CAMPAIGN54804,6527850,8360,571.2656888
YouTube,2022-05-31,CAMPAIGN54804,4914620,10201,559.673615
YouTube,2022-06-01,CAMPAIGN54804,268850,348,29.1304848
YouTube,2022-06-02,CAMPAIGN54804,95864,415,12.780761
YouTube,2022-06-03,CAMPAIGN55110,178883,2595,42.58198
YouTube,2022-06-04,CAMPAIGN55110,35490,268,8.0816878
YouTube,2022-06-05,CAMPAIGN55110,28647,413,7.6156884
YouTube,2022-06-06,CAMPAIGN54944,2643801,4291,499.9056542
YouTube,2022-06-07,CAMPAIGN54944,1491123,2458,287.7107566
YouTube,2022-06-08,CAMPAIGN54830,5544860,14953,1117.148489
YouTube,2022-06-09,CAMPAIGN54830,17213,72,4.0323424
YouTube,2022-06-10,CAMPAIGN54830,16637,79,3.9267864
YouTube,2022-06-11,CAMPAIGN54757,9111405,25637,2036.824133
YouTube,2022-06-12,CAMPAIGN54757,158168,707,44.5787818
YouTube,2022-06-13,CAMPAIGN54757,73238,258,20.205141
YouTube,2022-06-14,CAMPAIGN54829,5570961,11328,1181.17936
YouTube,2022-06-15,CAMPAIGN54829,109684,369,31.1430292
YouTube,2022-06-16,CAMPAIGN54829,35671,116,9.725705
YouTube,2022-06-17,CAMPAIGN54829,5194,24,1.5996102
YouTube,2022-06-18,CAMPAIGN54993,1588256,1968,290.2159024
YouTube,2022-06-19,CAMPAIGN54993,1180739,2423,228.1455446
YouTube,2022-06-20,CAMPAIGN54993,6174,16,1.497324
YouTube,2022-06-21,CAMPAIGN54993,5569,11,1.3348054
YouTube,2022-06-22,CAMPAIGN54993,1871,7,0.4446806
YouTube,2022-06-23,CAMPAIGN54883,3935123,14997,808.471292
YouTube,2022-06-24,CAMPAIGN54883,689268,2452,137.3100318
YouTube,2022-06-25,CAMPAIGN54883,183564,623,39.3706048
YouTube,2022-06-26,CAMPAIGN54917,3205062,15510,621.257951
YouTube,2022-06-27,CAMPAIGN54917,774658,3581,133.893724
YouTube,2022-06-28,CAMPAIGN54917,147259,565,28.5978674
YouTube,2022-06-29,CAMPAIGN54704,15139617,53113,3009.525894
YouTube,2022-06-30,CAMPAIGN54704,1699259,3618,308.3048562
YouTube,2022-07-01,CAMPAIGN54704,808786,2553,178.3198238
YouTube,2022-07-02,CAMPAIGN54755,9161867,23543,1624.077233
YouTube,2022-07-03,CAMPAIGN54755,1583318,4278,286.294629
YouTube,2022-07-04,CAMPAIGN54755,463553,859,85.5818808
YouTube,2022-07-05,CAMPAIGN54859,4431224,15367,801.9270676
YouTube,2022-07-06,CAMPAIGN54859,1349426,3843,226.6392808
YouTube,2022-07-07,CAMPAIGN54859,228768,699,42.9852278
YouTube,2022-07-08,CAMPAIGN54866,4266036,15374,813.4744002
YouTube,2022-07-09,CAMPAIGN54866,1065523,3150,185.9492192
YouTube,2022-07-10,CAMPAIGN54866,199293,603,39.5284128
YouTube,2022-07-11,CAMPAIGN54787,7440609,23656,1648.14337
YouTube,2022-07-12,CAMPAIGN54787,766654,1958,186.3821234
YouTube,2022-07-13,CAMPAIGN54787,392212,963,92.6063748
YouTube,2022-07-14,CAMPAIGN54689,17995020,54128,3489.481875
YouTube,2022-07-15,CAMPAIGN54689,2130790,8707,362.085912
YouTube,2022-07-16,CAMPAIGN54889,3851525,6814,742.1673008
YouTube,2022-07-17,CAMPAIGN54758,9109869,23356,1771.360466
YouTube,2022-07-18,CAMPAIGN54808,6397291,13121,1368.045059
YouTube,2022-07-19,CAMPAIGN55072,456952,1050,89.471468
YouTube,2022-07-20,CAMPAIGN54838,5321140,11613,1044.296517
YouTube,2022-07-21,CAMPAIGN54730,11324644,24110,2123.713385
YouTube,2022-07-22,CAMPAIGN54823,5738885,16463,1557.335984
YouTube,2022-07-23,CAMPAIGN54823,24,0,0.0079362
YouTube,2022-07-24,CAMPAIGN54796,6842427,16421,1354.99476
YouTube,2022-07-25,CAMPAIGN55029,976470,4258,184.9062394
YouTube,2022-07-26,CAMPAIGN55029,47859,179,9.5568526
YouTube,2022-07-27,CAMPAIGN54906,3457979,12509,780.0051636
YouTube,2022-07-28,CAMPAIGN54847,4945161,15011,1044.532478
YouTube,2022-07-29,CAMPAIGN54847,1181254,3766,258.2829518
YouTube,2022-07-30,CAMPAIGN54990,1610951,2497,340.2996828
YouTube,2022-07-31,CAMPAIGN54990,243915,738,49.5418136
YouTube,2022-08-01,CAMPAIGN54990,97520,145,20.596356
YouTube,2022-08-02,CAMPAIGN54990,95076,162,20.0986854
YouTube,2022-08-03,CAMPAIGN55098,256234,518,50.6056278
YouTube,2022-08-04,CAMPAIGN55098,217660,399,39.2098046
YouTube,2022-08-05,CAMPAIGN55098,14545,19,2.9038644
YouTube,2022-08-06,CAMPAIGN55098,12996,16,2.5974072
YouTube,2022-08-07,CAMPAIGN54849,4889630,13686,1150.779434
YouTube,2022-08-08,CAMPAIGN54849,3400137,15820,671.8674044
YouTube,2022-08-09,CAMPAIGN54849,237444,560,57.8056462
YouTube,2022-08-10,CAMPAIGN54849,141407,747,30.9667616
YouTube,2022-08-11,CAMPAIGN54768,8421096,24506,2001.016366
YouTube,2022-08-12,CAMPAIGN54768,687337,1701,165.9114176
YouTube,2022-08-13,CAMPAIGN54880,3966965,13841,941.1813338
YouTube,2022-08-14,CAMPAIGN54880,129179,577,32.162666
YouTube,2022-08-15,CAMPAIGN54835,5389932,16310,1265.742402
YouTube,2022-08-16,CAMPAIGN54835,173524,590,42.3291932
YouTube,2022-08-17,CAMPAIGN54841,5201843,13302,1349.979816
YouTube,2022-08-18,CAMPAIGN54841,3183560,14471,732.1830392
YouTube,2022-08-19,CAMPAIGN54841,198033,480,52.5474372
YouTube,2022-08-20,CAMPAIGN54841,94816,530,22.657398
YouTube,2022-08-21,CAMPAIGN54958,2279707,8325,572.2661516
YouTube,2022-08-22,CAMPAIGN54958,1621989,9715,346.8902372
YouTube,2022-08-23,CAMPAIGN54958,59532,234,17.7181588
YouTube,2022-08-24,CAMPAIGN54958,45490,314,11.5961078
YouTube,2022-08-25,CAMPAIGN54923,3100449,10225,817.2990968
YouTube,2022-08-26,CAMPAIGN54923,1691231,9274,385.1768466
YouTube,2022-08-27,CAMPAIGN54923,101704,315,29.1088348
YouTube,2022-08-28,CAMPAIGN54923,72274,494,18.3555298
YouTube,2022-08-29,CAMPAIGN54989,1643951,5611,432.0570602
YouTube,2022-08-30,CAMPAIGN54989,1238534,4441,276.13247
YouTube,2022-08-31,CAMPAIGN54989,33225,142,10.4713814
YouTube,2022-09-01,CAMPAIGN54989,19260,74,5.0072602
YouTube,2022-09-02,CAMPAIGN54788,7422849,22363,1686.805076
YouTube,2022-09-03,CAMPAIGN54788,843449,2545,220.2824984
YouTube,2022-09-04,CAMPAIGN54925,3065589,7472,777.4821992
YouTube,2022-09-05,CAMPAIGN54848,4922678,18359,758.4686364
YouTube,2022-09-06,CAMPAIGN54848,3651573,13982,528.3622708
YouTube,2022-09-07,CAMPAIGN54771,8178112,27321,2070.820358
YouTube,2022-09-08,CAMPAIGN54771,1760579,8561,516.733652
YouTube,2022-09-09,CAMPAIGN54771,565767,1002,173.6493222
YouTube,2022-09-10,CAMPAIGN54771,563147,1009,173.2040004
YouTube,2022-09-11,CAMPAIGN54771,562969,1035,172.6805808
YouTube,2022-09-12,CAMPAIGN54771,561568,1054,172.6663018
YouTube,2022-09-13,CAMPAIGN54771,561030,1003,172.4743392
YouTube,2022-09-14,CAMPAIGN54771,169266,790,39.136409
YouTube,2022-09-15,CAMPAIGN54771,168266,791,38.8909864
YouTube,2022-09-16,CAMPAIGN54771,168038,750,38.8772308
YouTube,2022-09-17,CAMPAIGN54771,167668,854,38.7715276
YouTube,2022-09-18,CAMPAIGN54771,167360,792,38.66756
YouTube,2022-09-19,CAMPAIGN54782,7586929,22194,1389.54537
YouTube,2022-09-20,CAMPAIGN54782,2199275,8196,385.7664084
YouTube,2022-09-21,CAMPAIGN54735,10898341,40854,2154.295311
YouTube,2022-09-22,CAMPAIGN54735,2244034,11616,417.0705578
YouTube,2022-09-23,CAMPAIGN54725,12499374,42304,2760.8029
YouTube,2022-09-24,CAMPAIGN54725,1462705,6239,358.564458
YouTube,2022-09-25,CAMPAIGN54678,25178605,87577,5628.6696
YouTube,2022-09-26,CAMPAIGN54678,3640726,16469,897.1047948
YouTube,2022-09-27,CAMPAIGN54750,9581397,14488,2527.252543
YouTube,2022-09-28,CAMPAIGN54750,2017916,5287,663.7298966
YouTube,2022-09-29,CAMPAIGN54750,1838030,11652,594.615116
YouTube,2022-09-30,CAMPAIGN54750,365564,1351,138.6638634
YouTube,2022-10-01,CAMPAIGN54747,9718183,15810,2037.699607
YouTube,2022-10-02,CAMPAIGN54747,2622140,4741,480.262653
YouTube,2022-10-03,CAMPAIGN54747,2200070,15818,511.7234608
YouTube,2022-10-04,CAMPAIGN54747,610859,2298,149.7079608
YouTube,2022-10-05,CAMPAIGN54937,2757016,3518,567.9713698
YouTube,2022-10-06,CAMPAIGN54937,1062061,3787,247.8828674
YouTube,2022-10-07,CAMPAIGN54937,143762,626,29.5936236
YouTube,2022-10-08,CAMPAIGN54765,8572843,12736,1797.542189
YouTube,2022-10-09,CAMPAIGN54765,2274909,5501,532.80791
YouTube,2022-10-10,CAMPAIGN54765,558560,812,120.9139574
YouTube,2022-10-11,CAMPAIGN54733,11257479,34184,2505.585502
YouTube,2022-10-12,CAMPAIGN54733,2297533,2167,458.6199472
YouTube,2022-10-13,CAMPAIGN54900,3620146,5075,646.3740048
YouTube,2022-10-14,CAMPAIGN54900,1083537,2516,181.4677112
YouTube,2022-10-15,CAMPAIGN54900,158247,202,28.2946658
YouTube,2022-10-16,CAMPAIGN54921,3155008,4246,597.7210772
YouTube,2022-10-17,CAMPAIGN54921,1630193,4176,339.5576066
YouTube,2022-10-18,CAMPAIGN54921,508413,1539,135.1156124
YouTube,2022-10-19,CAMPAIGN54921,442366,1532,113.547569
YouTube,2022-10-20,CAMPAIGN54921,289827,356,58.7113858
YouTube,2022-10-21,CAMPAIGN54921,229877,471,59.8709368
YouTube,2022-10-22,CAMPAIGN54921,33709,91,8.7782674
YouTube,2022-10-23,CAMPAIGN54809,6393438,8245,1180.210081
YouTube,2022-10-24,CAMPAIGN54809,1665632,3869,277.1968876
YouTube,2022-10-25,CAMPAIGN54809,1187416,2967,230.2063614
YouTube,2022-10-26,CAMPAIGN54809,1070316,4979,208.0819572
YouTube,2022-10-27,CAMPAIGN54809,440204,1791,81.553943
YouTube,2022-10-28,CAMPAIGN54809,374208,1287,72.3806646
YouTube,2022-10-29,CAMPAIGN54809,368227,396,70.5390662
YouTube,2022-10-30,CAMPAIGN54809,31262,70,5.9455696
YouTube,2022-10-31,CAMPAIGN54850,4884786,12681,1019.05989
YouTube,2022-11-01,CAMPAIGN55033,891543,8324,245.1591448
YouTube,2022-11-02,CAMPAIGN55033,871964,7006,272.4484678
YouTube,2022-11-03,CAMPAIGN55033,111,0,0.0618706
YouTube,2022-11-04,CAMPAIGN54798,6779254,12873,526.2381938
YouTube,2022-11-05,CAMPAIGN54798,660819,7618,170.6445452
YouTube,2022-11-06,CAMPAIGN54798,380351,2958,156.6051266
YouTube,2022-11-07,CAMPAIGN54798,291880,2822,123.6727208
YouTube,2022-11-08,CAMPAIGN54915,3305985,42956,1474.334333
YouTube,2022-11-09,CAMPAIGN54915,172170,737,88.5171596
YouTube,2022-11-10,CAMPAIGN54957,2305260,22354,1042.62431
YouTube,2022-11-11,CAMPAIGN54999,1459830,2668,300.5206416
YouTube,2022-11-12,CAMPAIGN54999,973936,1440,206.2092812
YouTube,2022-11-13,CAMPAIGN55000,1441182,2243,312.3484722
YouTube,2022-11-14,CAMPAIGN55000,1009920,1363,216.2894132
YouTube,2022-11-15,CAMPAIGN54992,1598263,5017,348.0642702
YouTube,2022-11-16,CAMPAIGN54948,2538216,4424,508.192239
YouTube,2022-11-17,CAMPAIGN54948,595571,1947,133.3328252
YouTube,2022-11-18,CAMPAIGN54948,435363,993,86.9111912
YouTube,2022-11-19,CAMPAIGN54948,335245,1126,81.9534844
YouTube,2022-11-20,CAMPAIGN54948,130426,358,36.2139334
YouTube,2022-11-21,CAMPAIGN54948,115403,168,24.0123058
YouTube,2022-11-22,CAMPAIGN54948,72848,223,21.8412596
YouTube,2022-11-23,CAMPAIGN54948,22088,65,5.6152836
YouTube,2022-11-24,CAMPAIGN55035,865599,1825,182.9883696
YouTube,2022-11-25,CAMPAIGN55035,412462,940,85.8899502
YouTube,2022-11-26,CAMPAIGN54832,5458777,14520,1159.675637
YouTube,2022-11-27,CAMPAIGN54832,2820008,7311,602.2829858
YouTube,2022-11-28,CAMPAIGN54843,5021457,12205,1030.621802
YouTube,2022-11-29,CAMPAIGN54802,6582412,9147,1451.90414
YouTube,2022-11-30,CAMPAIGN54802,324526,892,76.571534
YouTube,2022-12-01,CAMPAIGN54807,6402949,20544,959.9428732
YouTube,2022-12-02,CAMPAIGN55045,667902,2339,152.0426788
YouTube,2022-12-03,CAMPAIGN55045,627209,1070,145.8486168
YouTube,2022-12-04,CAMPAIGN55045,310551,1361,61.3768394
YouTube,2022-12-05,CAMPAIGN55045,3460,13,0.9503924
YouTube,2022-12-06,CAMPAIGN54951,2492670,3632,513.1525496
YouTube,2022-12-07,CAMPAIGN54951,121666,424,26.3672558
YouTube,2022-12-08,CAMPAIGN54773,8045281,11544,1940.676216
YouTube,2022-12-09,CAMPAIGN54884,3910895,4400,793.096389
YouTube,2022-12-10,CAMPAIGN54884,2528553,2489,505.5191966
YouTube,2022-12-11,CAMPAIGN54884,496197,198,97.8211068
YouTube,2022-12-12,CAMPAIGN54884,345603,159,70.2442358
YouTube,2022-12-13,CAMPAIGN54694,16895653,25020,4599.041349
YouTube,2022-12-14,CAMPAIGN54877,4034185,17005,919.7963222
YouTube,2022-12-15,CAMPAIGN54821,5757908,22080,1364.353232
YouTube,2022-12-16,CAMPAIGN54930,2834841,9670,598.331912
YouTube,2022-12-17,CAMPAIGN55020,1089065,2519,200.0594498
YouTube,2022-12-18,CAMPAIGN55026,1019383,2886,192.824184
YouTube,2022-12-19,CAMPAIGN54795,7115577,18715,1059.845689
YouTube,2022-12-20,CAMPAIGN54677,26011994,84118,4502.332697
YouTube,2022-12-21,CAMPAIGN54743,10023432,31075,1698.497922
YouTube,2022-12-22,CAMPAIGN54785,7509308,24424,1269.563842
YouTube,2022-12-23,CAMPAIGN54817,5929755,14027,820.3646594
YouTube,2022-12-24,CAMPAIGN54686,19232138,49586,3039.993913
YouTube,2022-12-25,CAMPAIGN54714,14172400,33455,2554.927591
YouTube,2022-12-26,CAMPAIGN54714,1238166,3503,285.658027
YouTube,2022-12-27,CAMPAIGN54714,500522,2693,106.3966828
YouTube,2022-12-28,CAMPAIGN54714,497417,2618,105.7900276
YouTube,2022-12-29,CAMPAIGN54696,16563423,64686,3842.690783
YouTube,2022-12-30,CAMPAIGN54696,5123295,18933,1243.642463
YouTube,2022-12-31,CAMPAIGN55127,41022,116,10.336836
YouTube,2022-01-01,CAMPAIGN54669,31511175,104549,6854.897738
YouTube,2022-01-02,CAMPAIGN54669,6925019,21601,1449.997116
YouTube,2022-01-03,CAMPAIGN54801,6616180,24950,1401.982188
YouTube,2022-01-04,CAMPAIGN54801,2250687,8703,502.04334
YouTube,2022-01-05,CAMPAIGN54840,5257520,19615,1153.18875
YouTube,2022-01-06,CAMPAIGN54840,1390469,5045,302.0581096
YouTube,2022-01-07,CAMPAIGN54776,7821189,33388,1659.919686
YouTube,2022-01-08,CAMPAIGN54776,3014832,13241,668.751787
YouTube,2022-01-09,CAMPAIGN54710,14740338,60042,3106.851954
YouTube,2022-01-10,CAMPAIGN54710,4279176,18563,926.444687
YouTube,2022-01-11,CAMPAIGN54799,6776144,21262,1494.227364
YouTube,2022-01-12,CAMPAIGN54799,1966403,5888,433.5968216
YouTube,2022-01-13,CAMPAIGN54833,5440844,17594,1348.74004
YouTube,2022-01-14,CAMPAIGN54769,8392851,30778,1708.039356
YouTube,2022-01-15,CAMPAIGN54769,1255999,1466,234.3389254
YouTube,2022-01-16,CAMPAIGN54734,11202992,12820,1945.841467
YouTube,2022-01-17,CAMPAIGN54734,3403756,6376,563.2914372
YouTube,2022-01-18,CAMPAIGN54734,1266868,3128,253.3972406
YouTube,2022-01-19,CAMPAIGN54734,1111444,3345,214.2082116
YouTube,2022-01-20,CAMPAIGN54734,645463,1846,130.9074032
YouTube,2022-01-21,CAMPAIGN54734,412751,383,72.0438768
YouTube,2022-01-22,CAMPAIGN54734,400476,1845,74.1053542
YouTube,2022-01-23,CAMPAIGN54734,38464,119,7.3309224
YouTube,2022-01-24,CAMPAIGN54903,3540375,8925,685.8580618
YouTube,2022-01-25,CAMPAIGN54702,15501431,42926,3162.634742
YouTube,2022-01-26,CAMPAIGN54702,2915155,9813,577.9137684
YouTube,2022-01-27,CAMPAIGN54942,2674159,8840,687.0853188
YouTube,2022-01-28,CAMPAIGN54942,2251191,7190,585.5876914
YouTube,2022-01-29,CAMPAIGN54876,4035073,9587,836.087693
YouTube,2022-01-30,CAMPAIGN54876,2968314,6073,659.1744222
YouTube,2022-01-31,CAMPAIGN54876,2923872,9314,691.0275268
YouTube,2022-02-01,CAMPAIGN54876,2624716,8503,619.0810276
YouTube,2022-02-02,CAMPAIGN54876,483864,1085,118.004205
YouTube,2022-02-03,CAMPAIGN54876,294303,871,59.570926
YouTube,2022-02-04,CAMPAIGN54876,140728,413,32.1687584
YouTube,2022-02-05,CAMPAIGN54876,131635,448,30.3954568
YouTube,2022-02-06,CAMPAIGN54876,128634,445,31.1801616
YouTube,2022-02-07,CAMPAIGN54728,11523217,46480,2427.742662
YouTube,2022-02-08,CAMPAIGN54728,7005889,25566,2086.803303
YouTube,2022-02-09,CAMPAIGN54728,6603769,23897,2009.77299
YouTube,2022-02-10,CAMPAIGN54728,2876934,15968,570.826685
YouTube,2022-02-11,CAMPAIGN54728,637285,1845,224.4497258
YouTube,2022-02-12,CAMPAIGN54728,518527,1961,109.1814394
YouTube,2022-02-13,CAMPAIGN54728,425647,1666,90.2596914
YouTube,2022-02-14,CAMPAIGN54728,405178,1639,85.9257862
YouTube,2022-02-15,CAMPAIGN54728,370115,1497,78.855984
YouTube,2022-02-16,CAMPAIGN54728,358210,1382,76.3436916
YouTube,2022-02-17,CAMPAIGN54766,8517715,11218,2312.961645
YouTube,2022-02-18,CAMPAIGN54766,6656444,23445,2115.798088
YouTube,2022-02-19,CAMPAIGN54978,1835732,6625,476.661582
YouTube,2022-02-20,CAMPAIGN54978,807687,2413,208.2508788
YouTube,2022-02-21,CAMPAIGN54978,483820,773,109.0200272
YouTube,2022-02-22,CAMPAIGN54800,6674020,22834,1244.981111
YouTube,2022-02-23,CAMPAIGN54800,3130708,10960,625.2896554
YouTube,2022-02-24,CAMPAIGN54800,2809404,9320,541.3853592
YouTube,2022-02-25,CAMPAIGN54800,2104860,15635,389.1481784
YouTube,2022-02-26,CAMPAIGN54800,963013,2373,184.0706794
YouTube,2022-02-27,CAMPAIGN54800,562441,1314,96.217033
YouTube,2022-02-28,CAMPAIGN54800,321355,1136,59.3648342
YouTube,2022-03-01,CAMPAIGN54800,250402,889,46.5920292
YouTube,2022-03-02,CAMPAIGN54800,236211,794,43.9228012
YouTube,2022-03-03,CAMPAIGN54800,200693,649,37.4531936
YouTube,2022-03-04,CAMPAIGN54800,194215,627,36.1954162
YouTube,2022-03-05,CAMPAIGN54791,7272487,19174,1345.189276
YouTube,2022-03-06,CAMPAIGN54791,7241248,21148,1543.093038
YouTube,2022-03-07,CAMPAIGN54791,7023051,18848,1489.240914
YouTube,2022-03-08,CAMPAIGN54791,878128,1117,163.780795
YouTube,2022-03-09,CAMPAIGN54791,725491,1908,169.7820198
YouTube,2022-03-10,CAMPAIGN54791,669219,1432,116.9701178
YouTube,2022-03-11,CAMPAIGN54791,636629,5590,124.7856486
YouTube,2022-03-12,CAMPAIGN54791,541109,1402,98.7260616
YouTube,2022-03-13,CAMPAIGN54791,94721,270,18.5836038
YouTube,2022-03-14,CAMPAIGN54791,75154,188,14.8915642
YouTube,2022-03-15,CAMPAIGN54791,70985,189,14.0155422
YouTube,2022-03-16,CAMPAIGN54791,69040,187,13.6399492
YouTube,2022-03-17,CAMPAIGN54864,4274610,7265,1484.728196
YouTube,2022-03-18,CAMPAIGN54864,923202,1124,337.1125656
YouTube,2022-03-19,CAMPAIGN54826,5675921,13835,1409.966848
YouTube,2022-03-20,CAMPAIGN54759,9054508,29501,1401.424109
YouTube,2022-03-21,CAMPAIGN54759,939152,4906,164.9180538
YouTube,2022-03-22,CAMPAIGN54759,394148,1718,79.8969488
YouTube,2022-03-23,CAMPAIGN54759,60030,170,10.1258422
YouTube,2022-03-24,CAMPAIGN54759,56660,164,9.837956
YouTube,2022-03-25,CAMPAIGN54759,7468,33,1.73812
YouTube,2022-03-26,CAMPAIGN54836,5360352,22318,1122.305097
YouTube,2022-03-27,CAMPAIGN54836,4889175,17821,1433.040791
YouTube,2022-03-28,CAMPAIGN54836,3586953,14097,1104.576681
YouTube,2022-03-29,CAMPAIGN54836,2682957,11510,561.6854724
YouTube,2022-03-30,CAMPAIGN54836,556921,1769,202.5378558
YouTube,2022-03-31,CAMPAIGN54836,432519,981,85.7176862
YouTube,2022-04-01,CAMPAIGN54836,394302,1693,82.2731982
YouTube,2022-04-02,CAMPAIGN54836,286077,1203,60.2009552
YouTube,2022-04-03,CAMPAIGN54836,271652,1118,57.1126534
YouTube,2022-04-04,CAMPAIGN54896,3709328,12795,681.9055586
YouTube,2022-04-05,CAMPAIGN54896,1616666,5992,319.2514806
YouTube,2022-04-06,CAMPAIGN54896,1427557,5208,275.2448896
YouTube,2022-04-07,CAMPAIGN54896,1243731,7324,219.6917128
YouTube,2022-04-08,CAMPAIGN54896,452263,740,73.189244
YouTube,2022-04-09,CAMPAIGN54896,167662,567,30.0981696
YouTube,2022-04-10,CAMPAIGN54896,149879,520,27.5159546
YouTube,2022-04-11,CAMPAIGN54896,142574,457,26.1781592
YouTube,2022-04-12,CAMPAIGN54896,118033,391,21.7759886
YouTube,2022-04-13,CAMPAIGN54896,110260,340,20.3344588
YouTube,2022-04-14,CAMPAIGN55001,1423180,8458,284.7659582
YouTube,2022-04-15,CAMPAIGN55001,1084955,4894,221.8842966
YouTube,2022-04-16,CAMPAIGN55001,1009004,4134,195.6907176
YouTube,2022-04-17,CAMPAIGN55001,995487,4857,200.9167214
YouTube,2022-04-18,CAMPAIGN55001,889849,4787,175.2356158
YouTube,2022-04-19,CAMPAIGN55001,165928,1825,32.4520286
YouTube,2022-04-20,CAMPAIGN55001,84375,452,19.89631
YouTube,2022-04-21,CAMPAIGN54976,1848079,4492,317.281169
YouTube,2022-04-22,CAMPAIGN54976,1336741,2955,199.6850278
YouTube,2022-04-23,CAMPAIGN54976,82310,173,12.031684
YouTube,2022-04-24,CAMPAIGN54976,60083,127,9.9553476
YouTube,2022-04-25,CAMPAIGN54976,8603,27,2.1841518
YouTube,2022-04-26,CAMPAIGN54872,4189657,22209,938.6894794
YouTube,2022-04-27,CAMPAIGN54872,2038030,6544,428.0889398
YouTube,2022-04-28,CAMPAIGN54872,1817500,5195,372.2699178
YouTube,2022-04-29,CAMPAIGN54872,1472612,4822,332.2515498
YouTube,2022-04-30,CAMPAIGN54872,490849,709,32.7122582
YouTube,2022-05-01,CAMPAIGN54872,197501,664,41.7058014
YouTube,2022-05-02,CAMPAIGN54872,116754,333,25.8760258
YouTube,2022-05-03,CAMPAIGN54872,10517,55,1.5681328
YouTube,2022-05-04,CAMPAIGN54886,3887969,13847,816.974789
YouTube,2022-05-05,CAMPAIGN54886,2339074,7409,550.8584562
YouTube,2022-05-06,CAMPAIGN54886,2224147,6693,538.6054366
YouTube,2022-05-07,CAMPAIGN54886,864227,5132,178.8767052
YouTube,2022-05-08,CAMPAIGN54886,557814,1897,111.6208414
YouTube,2022-05-09,CAMPAIGN54886,174152,473,44.1580806
YouTube,2022-05-10,CAMPAIGN54962,2184768,6529,411.654534
YouTube,2022-05-11,CAMPAIGN54962,1830382,5768,369.8304058
YouTube,2022-05-12,CAMPAIGN54962,100943,311,20.9163736
YouTube,2022-05-13,CAMPAIGN54962,97259,337,21.0478614
YouTube,2022-05-14,CAMPAIGN54713,14194972,38349,2897.931204
YouTube,2022-05-15,CAMPAIGN54713,7850726,23642,1612.671432
YouTube,2022-05-16,CAMPAIGN54713,717185,2245,150.2716226
YouTube,2022-05-17,CAMPAIGN54945,2615840,8141,630.568485
YouTube,2022-05-18,CAMPAIGN54945,2113640,6468,487.7195752
YouTube,2022-05-19,CAMPAIGN54945,120383,352,27.7183116
YouTube,2022-05-20,CAMPAIGN54945,97384,337,24.281939
YouTube,2022-05-21,CAMPAIGN54945,15525,54,6.4882828
YouTube,2022-05-22,CAMPAIGN54911,3358652,10371,595.4650858
YouTube,2022-05-23,CAMPAIGN54911,2678888,8819,495.3524934
YouTube,2022-05-24,CAMPAIGN54911,173085,564,31.7087362
YouTube,2022-05-25,CAMPAIGN54940,2713207,7111,579.6687244
YouTube,2022-05-26,CAMPAIGN54940,1503495,3862,324.0468688
YouTube,2022-05-27,CAMPAIGN54909,3380280,10748,723.4506654
YouTube,2022-05-28,CAMPAIGN54959,2272165,7669,449.4343674
YouTube,2022-05-29,CAMPAIGN54959,1957063,8144,412.6500766
YouTube,2022-05-30,CAMPAIGN54959,187291,738,40.1018454
YouTube,2022-05-31,CAMPAIGN54926,3059898,15591,720.9995404
YouTube,2022-06-01,CAMPAIGN54926,1815949,8563,393.807243
YouTube,2022-06-02,CAMPAIGN54926,184163,831,40.517933
YouTube,2022-06-03,CAMPAIGN54751,9580414,33368,2324.936528
YouTube,2022-06-04,CAMPAIGN54751,4592295,18617,1265.260015
YouTube,2022-06-05,CAMPAIGN54751,500278,2005,139.5314656
YouTube,2022-06-06,CAMPAIGN54673,27609578,63538,5735.857489
YouTube,2022-06-07,CAMPAIGN54885,3905303,9061,780.8865204
YouTube,2022-06-08,CAMPAIGN54705,15037426,44744,3615.432566
YouTube,2022-06-09,CAMPAIGN54705,50367,202,14.917514
YouTube,2022-06-10,CAMPAIGN54762,8891115,31320,1657.779065
YouTube,2022-06-11,CAMPAIGN54762,2298016,10143,446.0556978
YouTube,2022-06-12,CAMPAIGN54762,1489692,6029,262.8759306
YouTube,2022-06-13,CAMPAIGN54762,622675,1956,120.0376286
YouTube,2022-06-14,CAMPAIGN54762,193109,1205,35.6113872
YouTube,2022-06-15,CAMPAIGN54762,151666,594,26.3887358
YouTube,2022-06-16,CAMPAIGN54681,23848402,58228,5230.713222
YouTube,2022-06-17,CAMPAIGN54681,12800591,30850,2766.5786
YouTube,2022-06-18,CAMPAIGN54739,10542485,16288,2361.069735
YouTube,2022-06-19,CAMPAIGN54739,1212639,1767,301.0424206
YouTube,2022-06-20,CAMPAIGN54739,1009345,1988,197.9923166
YouTube,2022-06-21,CAMPAIGN54834,5401257,15510,1179.769444
YouTube,2022-06-22,CAMPAIGN54968,2059101,4973,375.8825764
YouTube,2022-06-23,CAMPAIGN54845,4983214,17400,1349.40437
YouTube,2022-06-24,CAMPAIGN54845,4400255,15966,1063.98951
YouTube,2022-06-25,CAMPAIGN54845,2858991,8160,582.8147314
YouTube,2022-06-26,CAMPAIGN54775,7859501,19154,1735.703538
YouTube,2022-06-27,CAMPAIGN54775,4228446,10075,930.1147922
YouTube,2022-06-28,CAMPAIGN54775,3745,14,1.0841272
YouTube,2022-06-29,CAMPAIGN54761,8891597,23874,2045.241498
YouTube,2022-06-30,CAMPAIGN54922,3154684,8044,665.8839926
YouTube,2022-07-01,CAMPAIGN54763,8767847,18785,1650.434365
YouTube,2022-07-02,CAMPAIGN54907,3420893,9063,851.0287472
YouTube,2022-07-03,CAMPAIGN54907,2908699,6994,735.0707978
YouTube,2022-07-04,CAMPAIGN54907,182633,389,45.422115
YouTube,2022-07-05,CAMPAIGN54907,144602,355,39.5322516
YouTube,2022-07-06,CAMPAIGN54907,59069,167,23.8517876
YouTube,2022-07-07,CAMPAIGN54861,4304357,11205,975.468037
YouTube,2022-07-08,CAMPAIGN54861,2321042,6117,530.7983782
YouTube,2022-07-09,CAMPAIGN54861,22256,72,5.2469654
YouTube,2022-07-10,CAMPAIGN54861,15085,42,3.4055914
YouTube,2022-07-11,CAMPAIGN54956,2333006,4809,533.2134642
YouTube,2022-07-12,CAMPAIGN54956,242508,412,59.6347628
YouTube,2022-07-13,CAMPAIGN54956,224312,608,44.24171
YouTube,2022-07-14,CAMPAIGN54936,2766588,4862,632.9078604
YouTube,2022-07-15,CAMPAIGN54936,365234,515,90.4835262
YouTube,2022-07-16,CAMPAIGN54936,254851,693,50.9886454
YouTube,2022-07-17,CAMPAIGN55017,1148363,3028,202.9040432
YouTube,2022-07-18,CAMPAIGN54995,1528109,6068,433.1095372
YouTube,2022-07-19,CAMPAIGN54995,320580,855,81.2678106
YouTube,2022-07-20,CAMPAIGN54749,9636790,27780,2620.107993
YouTube,2022-07-21,CAMPAIGN54749,8855390,28586,2112.930774
YouTube,2022-07-22,CAMPAIGN54774,7903647,15041,1917.606487
YouTube,2022-07-23,CAMPAIGN54969,2043414,2365,426.425239
YouTube,2022-07-24,CAMPAIGN54916,3217840,3945,670.274098
