Date,Campaign Advertiser ID,Campaign Advertiser,Campaign Key,Campaign Name,Adgroup Name,Creative Name,Impressions,Clicks,Media Cost,Video Views,Video 25%,Video 75%,Video 100%,Video 50%
1/01/2022,2001291897,ADVERTISER7614,19320424037,CAMPAIGN54947,ADGROUP0934691,CREATIVE4353507,2551067,12783,603.521285,0,0,0,0,0
2/01/2022,2001291897,ADVERTISER7614,19320424037,CAMPAIGN54947,ADGROUP0934691,CREATIVE4353507,2551067,12780,603.521285,0,0,0,0,0
3/01/2022,5954571560,ADVERTISER7671,19313191353,CAMPAIGN55006,ADGROUP0934718,CREATIVE4353507,1393926,3657,304.5057396,0,0,0,0,0
4/01/2022,5954571560,ADVERTISER7671,19313191353,CAMPAIGN55006,ADGROUP0934718,CREATIVE4353507,1393926,3657,304.5057396,0,0,0,0,0
5/01/2022,7946064592,ADVERTISER7551,19240904570,CAMPAIGN54797,ADGROUP0934583,CREATIVE4353505,6787327,17794,1607.222785,0,0,0,0,0
6/01/2022,7946064592,ADVERTISER7551,19240904570,CAMPAIGN54797,ADGROUP0934583,CREATIVE4353586,973705,2306,230.5150146,0,0,0,0,0
7/01/2022,5736076970,ADVERTISER7620,19178014969,CAMPAIGN54888,ADGROUP0934670,CREATIVE4353530,3881395,11056,747.5626352,0,0,0,0,0
8/01/2022,5736076970,ADVERTISER7620,19178014969,CAMPAIGN54888,ADGROUP0934743,CREATIVE4353530,708821,1677,139.3494232,0,0,0,0,0
9/01/2022,1997190441,ADVERTISER7593,19163659120,CAMPAIGN55059,ADGROUP0934757,CREATIVE4353512,536382,1117,103.7306844,0,0,0,0,0
10/01/2022,1997190441,ADVERTISER7593,19163659120,CAMPAIGN55059,ADGROUP0934781,CREATIVE4353512,159642,524,27.3181552,0,0,0,0,0
11/01/2022,1997190441,ADVERTISER7593,19163659120,CAMPAIGN55059,ADGROUP0934757,CREATIVE4353692,68875,127,13.504893,0,0,0,0,0
12/01/2022,1997190441,ADVERTISER7593,19163659120,CAMPAIGN55059,ADGROUP0934781,CREATIVE4353692,19054,51,3.3255034,0,0,0,0,0
13/01/2022,1997190441,ADVERTISER7593,19163583100,CAMPAIGN55057,ADGROUP0934757,CREATIVE4353512,557503,1086,100.7825654,0,0,0,0,0
14/01/2022,1997190441,ADVERTISER7593,19163583100,CAMPAIGN55057,ADGROUP0934781,CREATIVE4353512,235033,682,41.8778422,0,0,0,0,0
15/01/2022,1997190441,ADVERTISER7593,19163583100,CAMPAIGN55057,ADGROUP0934757,CREATIVE4353692,75138,118,13.736994,0,0,0,0,0
16/01/2022,1997190441,ADVERTISER7593,19163583100,CAMPAIGN55057,ADGROUP0934781,CREATIVE4353692,25789,57,4.6984584,0,0,0,0,0
17/01/2022,3672908325,ADVERTISER7581,19163474540,CAMPAIGN55032,ADGROUP0934622,CREATIVE4353588,895621,2744,182.2152046,0,0,0,0,0
18/01/2022,3672908325,ADVERTISER7581,19163474540,CAMPAIGN55032,ADGROUP0934622,CREATIVE4353646,243195,577,45.6606038,0,0,0,0,0
19/01/2022,3672908325,ADVERTISER7581,19163474540,CAMPAIGN55032,ADGROUP0934622,CREATIVE4353668,108425,271,21.0899706,0,0,0,0,0
20/01/2022,3672908325,ADVERTISER7581,19163474540,CAMPAIGN55032,ADGROUP0934622,CREATIVE4353693,45639,105,9.4456752,27803,27042.11683,19347.99798,16981.27972,26373.22194
21/01/2022,3672908325,ADVERTISER7581,19163474540,CAMPAIGN55032,ADGROUP0934622,CREATIVE4353701,36253,158,8.4463832,17438,16792.00563,10378.23871,8417.167186,16216.7195
22/01/2022,1942457078,ADVERTISER7591,19163415017,CAMPAIGN55040,ADGROUP0934622,CREATIVE4353588,753254,1781,155.4048238,0,0,0,0,0
23/01/2022,1942457078,ADVERTISER7591,19163415017,CAMPAIGN55040,ADGROUP0934622,CREATIVE4353646,187210,389,35.7645564,0,0,0,0,0
24/01/2022,1942457078,ADVERTISER7591,19163415017,CAMPAIGN55040,ADGROUP0934622,CREATIVE4353668,88585,197,17.4413842,0,0,0,0,0
25/01/2022,1942457078,ADVERTISER7591,19163415017,CAMPAIGN55040,ADGROUP0934622,CREATIVE4353693,71160,174,13.052174,41122,39900.35992,27310.64812,23803.48935,38950.90171
26/01/2022,1942457078,ADVERTISER7591,19163415017,CAMPAIGN55040,ADGROUP0934622,CREATIVE4353701,17936,52,3.5158248,10291,10017.3154,6931.621934,5916.062723,9798.711976
27/01/2022,3510655313,ADVERTISER7682,19120889182,CAMPAIGN55058,ADGROUP0934592,CREATIVE4353562,552731,3063,53.7526122,346434,334856.9717,239813.9006,217203.2517,302053.1979
28/01/2022,3510655313,ADVERTISER7682,19120889182,CAMPAIGN55058,ADGROUP0934592,CREATIVE4353498,180548,425,30.1694364,0,0,0,0,0
29/01/2022,3510655313,ADVERTISER7682,19115258073,CAMPAIGN55087,ADGROUP0934592,CREATIVE4353498,320688,13,47.9785912,0,0,0,0,0
30/01/2022,9139885703,ADVERTISER7594,19108118290,CAMPAIGN55064,ADGROUP0934759,CREATIVE4353514,504589,312,65.9333228,59321,58020.87071,52164.82222,51125.09499,54176.67795
31/01/2022,9139885703,ADVERTISER7594,19108118290,CAMPAIGN55064,ADGROUP0934791,CREATIVE4353514,171033,182,28.3458486,21380,20797.97618,19101.78176,18737.39185,19706.43151
1/02/2022,9139885703,ADVERTISER7594,19108118290,CAMPAIGN55064,ADGROUP0934759,CREATIVE4353636,116744,48,12.6224148,64626,63288.57438,38424.96863,35890.17066,43382.18982
2/02/2022,9139885703,ADVERTISER7594,19108118290,CAMPAIGN55064,ADGROUP0934791,CREATIVE4353636,35255,13,4.899346,21295,20780.97234,13678.20947,12911.6982,15118.21174
3/02/2022,2444114321,ADVERTISER7623,19102343211,CAMPAIGN55083,ADGROUP0934759,CREATIVE4353514,342733,51,37.157148,0,0,0,0,0
4/02/2022,2444114321,ADVERTISER7623,19102343211,CAMPAIGN55083,ADGROUP0934791,CREATIVE4353514,139593,72,24.2321812,0,0,0,0,0
5/02/2022,8458271135,ADVERTISER7637,19101350843,CAMPAIGN55042,ADGROUP0934742,CREATIVE4353554,718123,2756,147.7787828,238870,226909.9183,88902.9632,78999.20663,109277.9449
6/02/2022,2069933731,ADVERTISER7634,19101034457,CAMPAIGN55097,ADGROUP0934778,CREATIVE4353554,263522,644,59.95466,92468,87517.25201,36064.77273,32375.83563,43506.50945
7/02/2022,2983210886,ADVERTISER7655,19100990042,CAMPAIGN55115,ADGROUP0934799,CREATIVE4353639,134833,303,25.1025628,52955,49538.11763,23393.86185,20860.65596,27981.51736
8/02/2022,2983210886,ADVERTISER7655,19100990042,CAMPAIGN55115,ADGROUP0934809,CREATIVE4353639,81890,291,15.6838502,40969,38047.78873,22411.62893,20523.52286,25573.98146
9/02/2022,2983210886,ADVERTISER7655,19100990042,CAMPAIGN55115,ADGROUP0934799,CREATIVE4353631,19324,53,3.3148426,11598,11048.22935,7499.927965,6923.148934,8364.196233
10/02/2022,2983210886,ADVERTISER7655,19100990042,CAMPAIGN55115,ADGROUP0934809,CREATIVE4353592,17175,88,3.0379666,9263,8844.479592,5329.663231,4985.031092,5959.601164
11/02/2022,2983210886,ADVERTISER7655,19100990042,CAMPAIGN55115,ADGROUP0934827,CREATIVE4353592,10175,18,1.5529192,6572,6411.817592,4512.880983,4253.230467,4924.963145
12/02/2022,2983210886,ADVERTISER7655,19100990042,CAMPAIGN55115,ADGROUP0934809,CREATIVE4353631,8952,37,1.7121502,4311,3899.740617,2262.889745,2058.704759,2567.240952
13/02/2022,2983210886,ADVERTISER7655,19100990042,CAMPAIGN55115,ADGROUP0934809,CREATIVE4353687,8802,39,1.7772186,4444,4099.163372,2461.820495,2235.127017,2821.298796
14/02/2022,2983210886,ADVERTISER7655,19100990042,CAMPAIGN55115,ADGROUP0934799,CREATIVE4353700,5356,20,1.0244902,2294,2165.508588,1113.592233,988.5272591,1320.89171
15/02/2022,2983210886,ADVERTISER7655,19100990042,CAMPAIGN55115,ADGROUP0934799,CREATIVE4353687,5188,11,0.9348254,2305,2131.28084,1132.062452,1019.211642,1324.441981
16/02/2022,2983210886,ADVERTISER7655,19100990042,CAMPAIGN55115,ADGROUP0934799,CREATIVE4353678,4278,3,0.8681756,1791,1669.171809,836.8884993,745.2033661,980.486676
17/02/2022,2983210886,ADVERTISER7655,19100990042,CAMPAIGN55115,ADGROUP0934809,CREATIVE4353700,3506,17,0.6806186,1805,1695.855676,1020.396463,931.3305762,1151.678551
18/02/2022,2983210886,ADVERTISER7655,19100990042,CAMPAIGN55115,ADGROUP0934809,CREATIVE4353678,2337,9,0.5079884,1174,1094.125802,652.0547711,585.2417629,731.9289688
19/02/2022,8983780819,ADVERTISER7608,19100535734,CAMPAIGN55090,ADGROUP0934773,CREATIVE4353524,298595,414,61.245565,0,0,0,0,0
20/02/2022,8983780819,ADVERTISER7608,19100535734,CAMPAIGN55090,ADGROUP0934807,CREATIVE4353524,89060,143,18.6618118,0,0,0,0,0
21/02/2022,8983780819,ADVERTISER7608,19100535734,CAMPAIGN55090,ADGROUP0934773,CREATIVE4353585,22973,42,3.8018578,15634,15265.14839,11279.91773,10647.69791,12634.86893
22/02/2022,8983780819,ADVERTISER7608,19100535734,CAMPAIGN55090,ADGROUP0934823,CREATIVE4353639,20430,13,4.2797768,10203,9675.620264,5519.50837,5125.471806,6274.620264
23/02/2022,8983780819,ADVERTISER7608,19100535734,CAMPAIGN55090,ADGROUP0934807,CREATIVE4353585,8745,1,1.1475336,7703,7627.247227,6966.612579,6807.179417,7223.819668
24/02/2022,8983780819,ADVERTISER7608,19100535734,CAMPAIGN55090,ADGROUP0934773,CREATIVE4353657,7973,13,1.3839764,4863,4706.247084,3139.93779,2974.035871,3417.457544
25/02/2022,8983780819,ADVERTISER7608,19100535734,CAMPAIGN55090,ADGROUP0934823,CREATIVE4353631,3594,1,0.7434704,2044,1916.036728,1235.840846,1159.062883,1357.548136
26/02/2022,8983780819,ADVERTISER7608,19100535734,CAMPAIGN55090,ADGROUP0934807,CREATIVE4353657,2125,0,0.3734018,1515,1478.64,1125.734118,1083.670588,1183.482353
27/02/2022,8983780819,ADVERTISER7608,19100535734,CAMPAIGN55090,ADGROUP0934807,CREATIVE4353639,1921,1,0.492067,852,803.6564289,414.6902655,378.7652264,486.0968246
28/02/2022,8983780819,ADVERTISER7608,19100535734,CAMPAIGN55090,ADGROUP0934823,CREATIVE4353687,1795,1,0.4180128,821,756.0518106,409.356546,373.6807799,468.816156
1/03/2022,8983780819,ADVERTISER7608,19100535734,CAMPAIGN55090,ADGROUP0934823,CREATIVE4353700,1025,0,0.241859,505,477.4097561,266.5414634,249.297561,296.102439
2/03/2022,8983780819,ADVERTISER7608,19100535734,CAMPAIGN55090,ADGROUP0934823,CREATIVE4353678,804,2,0.2036412,321,302.6343284,147.7238806,126.9626866,169.6828358
3/03/2022,8983780819,ADVERTISER7608,19100535734,CAMPAIGN55090,ADGROUP0934807,CREATIVE4353631,313,0,0.0665364,196,183.4760383,127.7444089,121.4824281,138.3897764
4/03/2022,8983780819,ADVERTISER7608,19100535734,CAMPAIGN55090,ADGROUP0934807,CREATIVE4353687,243,0,0.0633738,134,125.1769547,78.85596708,73.89300412,89.33333333
5/03/2022,8983780819,ADVERTISER7608,19100535734,CAMPAIGN55090,ADGROUP0934807,CREATIVE4353700,207,0,0.0489692,125,118.9613527,77.29468599,75.48309179,80.9178744
6/03/2022,8983780819,ADVERTISER7608,19100535734,CAMPAIGN55090,ADGROUP0934807,CREATIVE4353678,112,0,0.0337578,51,45.99107143,25.5,23.22321429,29.14285714
7/03/2022,8983780819,ADVERTISER7608,19100461151,CAMPAIGN55093,ADGROUP0934774,CREATIVE4353554,282831,357,57.862003,121957,116438.0589,57652.86256,52689.30826,67176.36706
8/03/2022,8458271135,ADVERTISER7637,19100281897,CAMPAIGN55027,ADGROUP0934731,CREATIVE4353584,1003573,3478,161.2149316,0,0,0,0,0
9/03/2022,8458271135,ADVERTISER7637,19100281897,CAMPAIGN55027,ADGROUP0934768,CREATIVE4353564,336557,776,57.7112896,118636,113003.4188,46475.22833,41725.65704,55957.45095
10/03/2022,8458271135,ADVERTISER7637,19100281897,CAMPAIGN55027,ADGROUP0934779,CREATIVE4353584,256799,1269,42.7652676,0,0,0,0,0
11/03/2022,8458271135,ADVERTISER7637,19100281897,CAMPAIGN55027,ADGROUP0934789,CREATIVE4353639,178117,265,33.6420968,66241,62470.34645,27674.64091,24663.77089,33253.45282
12/03/2022,8458271135,ADVERTISER7637,19100281897,CAMPAIGN55027,ADGROUP0934731,CREATIVE4353660,148566,283,21.5506774,90035,87977.5385,58405.24137,54668.47919,64293.39923
13/03/2022,8458271135,ADVERTISER7637,19100281897,CAMPAIGN55027,ADGROUP0934789,CREATIVE4353631,50179,80,9.2797996,22584,21436.77475,11165.75571,10079.28974,12997.98561
14/03/2022,8458271135,ADVERTISER7637,19100281897,CAMPAIGN55027,ADGROUP0934779,CREATIVE4353564,35010,45,4.8074288,20516,19962.22622,12692.26061,12033.59212,13970.92134
15/03/2022,8458271135,ADVERTISER7637,19100281897,CAMPAIGN55027,ADGROUP0934779,CREATIVE4353660,33020,68,4.421405,24231,23812.71805,18564.38031,17830.55233,19663.65463
16/03/2022,8458271135,ADVERTISER7637,19100281897,CAMPAIGN55027,ADGROUP0934789,CREATIVE4353687,8329,20,1.5358028,3342,3075.972146,1487.027494,1330.139272,1753.857846
17/03/2022,8458271135,ADVERTISER7637,19100281897,CAMPAIGN55027,ADGROUP0934789,CREATIVE4353700,8220,11,1.5823508,3272,3105.613625,1454.885645,1303.625304,1717.20292
18/03/2022,8458271135,ADVERTISER7637,19100281897,CAMPAIGN55027,ADGROUP0934789,CREATIVE4353678,7591,8,1.5471478,2767,2585.838229,1139.09564,1002.404163,1346.866684
19/03/2022,8458271135,ADVERTISER7637,19100281897,CAMPAIGN55027,ADGROUP0934779,CREATIVE4353639,7154,13,1.3179246,2148,2023.095331,741.3212189,646.4417109,926.2762091
20/03/2022,8458271135,ADVERTISER7637,19100281897,CAMPAIGN55027,ADGROUP0934779,CREATIVE4353631,582,1,0.0866624,332,320.5910653,201.3676976,189.9587629,221.3333333
21/03/2022,8458271135,ADVERTISER7637,19100281897,CAMPAIGN55027,ADGROUP0934779,CREATIVE4353687,490,1,0.076544,232,218.2693878,116.9469388,109.844898,129.7306122
22/03/2022,8458271135,ADVERTISER7637,19100281897,CAMPAIGN55027,ADGROUP0934779,CREATIVE4353700,459,0,0.0764202,217,206.1263617,111.5729847,102.5904139,125.2832244
23/03/2022,8458271135,ADVERTISER7637,19100281897,CAMPAIGN55027,ADGROUP0934779,CREATIVE4353678,324,0,0.0571714,135,130,63.75,56.25,68.33333333
24/03/2022,3886478754,ADVERTISER7639,19100098501,CAMPAIGN55105,ADGROUP0934785,CREATIVE4353524,215240,244,35.822596,0,0,0,0,0
25/03/2022,3886478754,ADVERTISER7639,19100098501,CAMPAIGN55105,ADGROUP0934801,CREATIVE4353524,131160,293,24.6686548,0,0,0,0,0
26/03/2022,3886478754,ADVERTISER7639,19100098501,CAMPAIGN55105,ADGROUP0934801,CREATIVE4353585,60363,137,7.4103682,45208,44268.83475,35375.22443,33880.34896,38490.04761
27/03/2022,3886478754,ADVERTISER7639,19100098501,CAMPAIGN55105,ADGROUP0934814,CREATIVE4353639,41509,96,6.295435,19905,18863.45094,10502.76591,9555.205618,12124.55178
28/03/2022,3886478754,ADVERTISER7639,19100098501,CAMPAIGN55105,ADGROUP0934801,CREATIVE4353639,21227,26,3.8160806,9437,8884.392896,4645.811938,4222.131672,5418.483818
29/03/2022,3886478754,ADVERTISER7639,19100098501,CAMPAIGN55105,ADGROUP0934785,CREATIVE4353585,21005,68,2.6867888,15123,14786.77334,11502.98362,10889.56796,12733.41481
30/03/2022,3886478754,ADVERTISER7639,19100098501,CAMPAIGN55105,ADGROUP0934814,CREATIVE4353700,6787,12,1.1583676,2493,2382.436717,1051.269486,914.9938117,1272.763371
31/03/2022,3886478754,ADVERTISER7639,19100098501,CAMPAIGN55105,ADGROUP0934814,CREATIVE4353687,5904,5,1.0123402,2480,2318.279133,1161.02981,1037.113821,1361.395664
1/04/2022,3886478754,ADVERTISER7639,19100098501,CAMPAIGN55105,ADGROUP0934814,CREATIVE4353631,4192,15,0.6884708,2188,2073.171756,1249.01813,1131.058206,1401.948473
2/04/2022,3886478754,ADVERTISER7639,19100098501,CAMPAIGN55105,ADGROUP0934801,CREATIVE4353657,3923,5,0.5193752,2968,2911.257711,2349.887331,2258.343105,2485.312261
3/04/2022,3886478754,ADVERTISER7639,19100098501,CAMPAIGN55105,ADGROUP0934801,CREATIVE4353687,3133,3,0.5758266,1485,1396.838493,777.8120013,696.7602936,901.0485158
4/04/2022,3886478754,ADVERTISER7639,19100098501,CAMPAIGN55105,ADGROUP0934814,CREATIVE4353678,2841,3,0.5452386,1154,1092.664555,525.6163323,466.311862,622.2907427
5/04/2022,3886478754,ADVERTISER7639,19100098501,CAMPAIGN55105,ADGROUP0934785,CREATIVE4353657,2483,3,0.3545902,1637,1593.487314,1141.878373,1081.883609,1249.341522
6/04/2022,3886478754,ADVERTISER7639,19100098501,CAMPAIGN55105,ADGROUP0934801,CREATIVE4353631,1615,2,0.2597324,907,861.5095975,549.2544892,508.8185759,616.647678
7/04/2022,3886478754,ADVERTISER7639,19100098501,CAMPAIGN55105,ADGROUP0934801,CREATIVE4353700,1376,1,0.2392036,780,745.4215116,485.7994186,447.252907,537.3837209
8/04/2022,3886478754,ADVERTISER7639,19100098501,CAMPAIGN55105,ADGROUP0934801,CREATIVE4353678,644,0,0.1266012,337,315.0217391,197.2810559,177.3959627,217.689441
9/04/2022,3563366937,ADVERTISER7619,19099668706,CAMPAIGN55094,ADGROUP0934775,CREATIVE4353639,277757,420,47.5379356,107445,100936.1827,46424.35417,41636.16085,54947.78699
10/04/2022,3563366937,ADVERTISER7619,19099668706,CAMPAIGN55094,ADGROUP0934786,CREATIVE4353639,197362,543,38.622556,102066,95258.22128,57797.33802,52821.30893,65907.30352
11/04/2022,3563366937,ADVERTISER7619,19099668706,CAMPAIGN55094,ADGROUP0934775,CREATIVE4353631,62086,114,10.1233522,34722,33094.00428,20860.26802,19314.48301,23214.73794
12/04/2022,3563366937,ADVERTISER7619,19099668706,CAMPAIGN55094,ADGROUP0934775,CREATIVE4353687,45503,44,9.3111146,15389,14011.52166,5985.757225,5161.569962,7257.379755
13/04/2022,3563366937,ADVERTISER7619,19099668706,CAMPAIGN55094,ADGROUP0934775,CREATIVE4353678,41358,23,8.4545176,13118,12103.97016,4912.509889,4129.705498,5858.980028
14/04/2022,3563366937,ADVERTISER7619,19099668706,CAMPAIGN55094,ADGROUP0934786,CREATIVE4353556,28563,102,5.068969,17893,17267.18664,11881.68368,11209.51378,12925.95883
15/04/2022,3563366937,ADVERTISER7619,19099668706,CAMPAIGN55094,ADGROUP0934786,CREATIVE4353687,26115,44,6.525196,9395,8348.113153,3864.847214,3366.586636,4608.460655
16/04/2022,3563366937,ADVERTISER7619,19099668706,CAMPAIGN55094,ADGROUP0934775,CREATIVE4353700,15027,21,2.7491066,5808,5475.992813,2548.995808,2249.068477,3018.598523
17/04/2022,3563366937,ADVERTISER7619,19099668706,CAMPAIGN55094,ADGROUP0934786,CREATIVE4353631,13615,59,2.8763036,5950,5327.249357,2840.179949,2568.791774,3334.884319
18/04/2022,3563366937,ADVERTISER7619,19099668706,CAMPAIGN55094,ADGROUP0934826,CREATIVE4353556,11267,8,1.525314,8199,8046.910624,6210.194905,5978.058489,6595.148398
19/04/2022,3563366937,ADVERTISER7619,19099668706,CAMPAIGN55094,ADGROUP0934786,CREATIVE4353700,7395,18,1.5697964,3722,3472.860041,2048.484111,1872.324544,2335.372549
20/04/2022,3563366937,ADVERTISER7619,19099668706,CAMPAIGN55094,ADGROUP0934786,CREATIVE4353678,4856,10,1.174727,1976,1806.314662,905.3953871,800.4102142,1059.210873
21/04/2022,2517480813,ADVERTISER7583,19099538524,CAMPAIGN55095,ADGROUP0934776,CREATIVE4353524,270161,28,39.6107478,0,0,0,0,0
22/04/2022,2517480813,ADVERTISER7583,19099538524,CAMPAIGN55095,ADGROUP0934792,CREATIVE4353524,168646,51,28.3204552,0,0,0,0,0
23/04/2022,2517480813,ADVERTISER7583,19099538524,CAMPAIGN55095,ADGROUP0934776,CREATIVE4353585,33703,4,3.4501024,26007,25707.59888,21029.07053,20117.74907,22864.05988
24/04/2022,2517480813,ADVERTISER7583,19099538524,CAMPAIGN55095,ADGROUP0934792,CREATIVE4353585,25523,8,2.4687248,21987,21794.03334,19527.53657,18980.51056,20490.64695
25/04/2022,2517480813,ADVERTISER7583,19099538524,CAMPAIGN55095,ADGROUP0934819,CREATIVE4353639,24062,6,3.5370538,11259,10825.70958,5798.417754,5291.196576,6707.111046
26/04/2022,2517480813,ADVERTISER7583,19099538524,CAMPAIGN55095,ADGROUP0934792,CREATIVE4353639,18164,5,3.1882346,7341,6933.615723,3345.15839,2980.209976,3961.084618
27/04/2022,2517480813,ADVERTISER7583,19099538524,CAMPAIGN55095,ADGROUP0934792,CREATIVE4353657,6735,1,0.6526452,5632,5580.990052,4843.436377,4728.873051,5040.78634
28/04/2022,2517480813,ADVERTISER7583,19099538524,CAMPAIGN55095,ADGROUP0934776,CREATIVE4353657,5879,0,0.4941288,4870,4819.469297,4157.599932,4043.284572,4312.505528
29/04/2022,2517480813,ADVERTISER7583,19099538524,CAMPAIGN55095,ADGROUP0934819,CREATIVE4353687,2079,2,0.2809858,871,814.4415584,410.5723906,361.1361231,466.7118807
30/04/2022,2517480813,ADVERTISER7583,19099538524,CAMPAIGN55095,ADGROUP0934819,CREATIVE4353678,1623,0,0.2577394,685,652.0794824,321.1860752,287.4214418,370.1447936
1/05/2022,2517480813,ADVERTISER7583,19099538524,CAMPAIGN55095,ADGROUP0934819,CREATIVE4353631,1536,2,0.1977298,1033,1003.408854,732.3808594,691.3567708,784.1653646
2/05/2022,2517480813,ADVERTISER7583,19099538524,CAMPAIGN55095,ADGROUP0934792,CREATIVE4353687,1500,0,0.2413984,770,722.7733333,431.7133333,394.7533333,478.94
3/05/2022,2517480813,ADVERTISER7583,19099538524,CAMPAIGN55095,ADGROUP0934792,CREATIVE4353631,1228,0,0.1904618,641,618.5545603,360.1710098,333.5496743,400.8859935
4/05/2022,2517480813,ADVERTISER7583,19099538524,CAMPAIGN55095,ADGROUP0934819,CREATIVE4353700,1162,0,0.168681,595,571.4457831,325.6626506,305.6927711,370.7228916
5/05/2022,2517480813,ADVERTISER7583,19099538524,CAMPAIGN55095,ADGROUP0934792,CREATIVE4353700,969,2,0.1568592,520,504.9742002,306.4189886,280.123839,343.4468524
6/05/2022,2517480813,ADVERTISER7583,19099538524,CAMPAIGN55095,ADGROUP0934792,CREATIVE4353678,537,0,0.0972628,245,225.8379888,122.7281192,111.3221601,138.2402235
7/05/2022,2517480813,ADVERTISER7583,19099443550,CAMPAIGN55024,ADGROUP0934729,CREATIVE4353473,1042202,206,147.238049,0,0,0,0,0
8/05/2022,2517480813,ADVERTISER7583,19099443550,CAMPAIGN55024,ADGROUP0934729,CREATIVE4353495,111634,26,16.0873736,0,0,0,0,0
9/05/2022,3917054197,ADVERTISER7588,19098430052,CAMPAIGN55086,ADGROUP0934749,CREATIVE4353476,330814,368,58.3604604,274832,257453.8486,234371.5961,228667.4949,243378.8586
10/05/2022,3917054197,ADVERTISER7588,19098430052,CAMPAIGN55086,ADGROUP0934603,CREATIVE4353476,253727,304,40.5256664,223987,215286.2473,202160.9642,198944.9697,207348.223
11/05/2022,3917054197,ADVERTISER7588,19098430052,CAMPAIGN55086,ADGROUP0934605,CREATIVE4353476,221124,237,35.8228138,202567,195570.9065,188646.2671,187020.2273,191241.5183
12/05/2022,3917054197,ADVERTISER7588,19098430052,CAMPAIGN55086,ADGROUP0934685,CREATIVE4353476,82021,84,11.0848254,51094,47740.10166,34424.17837,31483.91088,39632.56322
13/05/2022,4916723921,ADVERTISER7605,19098370055,CAMPAIGN55043,ADGROUP0934745,CREATIVE4353478,684894,788,97.1558208,394764,384572.9014,272027.5752,227048.0627,377955.4022
14/05/2022,4916723921,ADVERTISER7605,19098370055,CAMPAIGN55043,ADGROUP0934766,CREATIVE4353478,351851,739,63.3676402,201890,194632.6532,133304.9745,115905.8184,188396.086
15/05/2022,4201124660,ADVERTISER7645,19098051260,CAMPAIGN55114,ADGROUP0934798,CREATIVE4353476,138211,172,27.7698598,120215,113258.3933,106340.0575,105010.1435,108643.2701
16/05/2022,4201124660,ADVERTISER7645,19098051260,CAMPAIGN55114,ADGROUP0934802,CREATIVE4353476,124388,101,21.0622206,106372,101460.7996,93056.25884,91436.58035,95939.0129
17/05/2022,4201124660,ADVERTISER7645,19098051260,CAMPAIGN55114,ADGROUP0934804,CREATIVE4353476,105330,76,18.2487268,96157,92364.76438,89091.06266,88461.15352,90175.60188
18/05/2022,4201124660,ADVERTISER7645,19098051260,CAMPAIGN55114,ADGROUP0934822,CREATIVE4353476,21570,23,3.3774526,13010,11886.93,8371.153917,7748.097357,9599.172462
19/05/2022,4201124660,ADVERTISER7645,19097025793,CAMPAIGN55101,ADGROUP0934732,CREATIVE4353478,235324,158,35.4281474,127167,123599.8782,81373.71607,68722.07916,121790.1084
20/05/2022,4201124660,ADVERTISER7645,19097025793,CAMPAIGN55101,ADGROUP0934755,CREATIVE4353478,131482,219,24.5032752,67802,65455.16239,41130.24992,34976.69836,63603.37293
21/05/2022,3418696511,ADVERTISER7635,19094912530,CAMPAIGN55028,ADGROUP0934732,CREATIVE4353478,993082,3890,122.5253142,544581,523611.7015,352178.2682,299138.3748,506188.742
22/05/2022,3418696511,ADVERTISER7635,19094912530,CAMPAIGN55028,ADGROUP0934755,CREATIVE4353478,563920,1918,92.4142938,288664,275843.2479,172630.2041,148481.3658,262981.5447
23/05/2022,5907301713,ADVERTISER7575,19094517067,CAMPAIGN55047,ADGROUP0934603,CREATIVE4353476,664631,228,92.6462202,593327,572234.7894,541127.1934,533712.2909,552309.3591
24/05/2022,5907301713,ADVERTISER7575,19094517067,CAMPAIGN55047,ADGROUP0934749,CREATIVE4353476,643974,265,109.8270884,566036,539219.4013,508250.5324,500466.3442,519416.1312
25/05/2022,5907301713,ADVERTISER7575,19094517067,CAMPAIGN55047,ADGROUP0934605,CREATIVE4353476,439438,124,63.7773268,410001,400065.3534,388917.7241,386309.0221,392550.8735
26/05/2022,5907301713,ADVERTISER7575,19094517067,CAMPAIGN55047,ADGROUP0934685,CREATIVE4353476,238384,24,24.5478926,159385,148873.8433,113199.0268,105348.9224,127473.7674
27/05/2022,1807087617,ADVERTISER7584,19094393908,CAMPAIGN55067,ADGROUP0934603,CREATIVE4353476,492075,396,70.9342182,390216,372679.5744,320193.2128,309751.7677,339515.4768
28/05/2022,1807087617,ADVERTISER7584,19094393908,CAMPAIGN55067,ADGROUP0934749,CREATIVE4353476,463511,479,80.2427816,399484,382952.5636,352749.3596,345542.4428,364238.8846
29/05/2022,1807087617,ADVERTISER7584,19094393908,CAMPAIGN55067,ADGROUP0934605,CREATIVE4353476,293348,269,45.4295612,273158,265820.3497,257860.6752,255920.1088,261013.6301
30/05/2022,1807087617,ADVERTISER7584,19094393908,CAMPAIGN55067,ADGROUP0934685,CREATIVE4353476,54713,64,5.9243014,36984,34836.46344,26459.24574,24757.16923,29482.83121
31/05/2022,2069933731,ADVERTISER7634,19094143149,CAMPAIGN55111,ADGROUP0934793,CREATIVE4353524,167180,154,32.0390896,0,0,0,0,0
1/06/2022,2069933731,ADVERTISER7634,19094143149,CAMPAIGN55111,ADGROUP0934803,CREATIVE4353524,111970,436,22.9044216,0,0,0,0,0
2/06/2022,2069933731,ADVERTISER7634,19094143149,CAMPAIGN55111,ADGROUP0934793,CREATIVE4353585,25769,65,3.8653036,16264,15861.32888,10936.49703,10257.38399,12366.67376
3/06/2022,2069933731,ADVERTISER7634,19094143149,CAMPAIGN55111,ADGROUP0934824,CREATIVE4353639,19184,22,3.4920288,8449,8006.819224,4077.84044,3729.909352,4684.29754
4/06/2022,2069933731,ADVERTISER7634,19094143149,CAMPAIGN55111,ADGROUP0934803,CREATIVE4353585,16551,34,2.2005496,12563,12328.45423,9906.332729,9536.676455,10579.60812
5/06/2022,2069933731,ADVERTISER7634,19094143149,CAMPAIGN55111,ADGROUP0934803,CREATIVE4353639,11595,13,2.624334,4207,3921.45373,1728.879258,1530.411902,2055.425183
6/06/2022,2069933731,ADVERTISER7634,19094143149,CAMPAIGN55111,ADGROUP0934793,CREATIVE4353657,7310,8,1.200522,4662,4535.086457,3111.613953,2978.960602,3379.471683
7/06/2022,2069933731,ADVERTISER7634,19094143149,CAMPAIGN55111,ADGROUP0934803,CREATIVE4353657,5181,6,0.785732,3760,3677.266937,2845.581934,2730.916811,3007.419417
8/06/2022,2069933731,ADVERTISER7634,19094143149,CAMPAIGN55111,ADGROUP0934824,CREATIVE4353631,2781,4,0.3902592,1802,1715.820209,1220.124416,1161.807264,1308.896081
9/06/2022,2069933731,ADVERTISER7634,19094143149,CAMPAIGN55111,ADGROUP0934824,CREATIVE4353687,1271,0,0.2244338,542,495.0920535,252.0236035,228.1431943,285.7120378
10/06/2022,2069933731,ADVERTISER7634,19094143149,CAMPAIGN55111,ADGROUP0934803,CREATIVE4353700,1034,3,0.2179658,468,438.1276596,230.8317215,211.8220503,255.2727273
11/06/2022,2069933731,ADVERTISER7634,19094143149,CAMPAIGN55111,ADGROUP0934803,CREATIVE4353687,898,0,0.1889608,452,413.7461024,244.623608,227.0066815,278.8507795
12/06/2022,2069933731,ADVERTISER7634,19094143149,CAMPAIGN55111,ADGROUP0934803,CREATIVE4353631,858,1,0.1616686,396,373.3846154,200.7692308,182.7692308,229.3846154
13/06/2022,2069933731,ADVERTISER7634,19094143149,CAMPAIGN55111,ADGROUP0934824,CREATIVE4353700,843,0,0.1548094,396,376.2704626,203.8718861,186.4911032,227.3594306
14/06/2022,2069933731,ADVERTISER7634,19094143149,CAMPAIGN55111,ADGROUP0934824,CREATIVE4353678,532,1,0.1053122,238,221.8947368,116.3157895,106.0263158,127.9473684
15/06/2022,2069933731,ADVERTISER7634,19094143149,CAMPAIGN55111,ADGROUP0934803,CREATIVE4353678,394,0,0.0861608,181,166.7588832,90.04060914,82.69035533,102.9035533
16/06/2022,2020054642,ADVERTISER7568,19093795395,CAMPAIGN55084,ADGROUP0934767,CREATIVE4353524,336863,312,60.8850582,0,0,0,0,0
17/06/2022,2020054642,ADVERTISER7568,19093795395,CAMPAIGN55084,ADGROUP0934780,CREATIVE4353524,241213,880,46.0785932,0,0,0,0,0
18/06/2022,2020054642,ADVERTISER7568,19093795395,CAMPAIGN55084,ADGROUP0934808,CREATIVE4353639,87393,166,15.1392202,36319,33905.71252,16860.59695,15125.54008,19861.51806
19/06/2022,2020054642,ADVERTISER7568,19093795395,CAMPAIGN55084,ADGROUP0934780,CREATIVE4353639,60361,95,10.587612,34254,32465.2853,21010.02041,19476.10676,23386.08274
20/06/2022,2020054642,ADVERTISER7568,19093795395,CAMPAIGN55084,ADGROUP0934767,CREATIVE4353585,36781,49,5.110134,27515,27158.16753,21731.62095,20613.24665,23775.36581
21/06/2022,2020054642,ADVERTISER7568,19093795395,CAMPAIGN55084,ADGROUP0934780,CREATIVE4353585,19512,21,2.3564164,16488,16331.67159,14337.42804,13960.54982,15065.83395
22/06/2022,2020054642,ADVERTISER7568,19093795395,CAMPAIGN55084,ADGROUP0934780,CREATIVE4353657,11535,6,1.5019644,9942,9867.014824,8799.122497,8597.438231,9096.477503
23/06/2022,2020054642,ADVERTISER7568,19093795395,CAMPAIGN55084,ADGROUP0934808,CREATIVE4353631,7541,15,1.3984684,3237,3043.40671,1546.600053,1385.630023,1786.552712
24/06/2022,2020054642,ADVERTISER7568,19093795395,CAMPAIGN55084,ADGROUP0934767,CREATIVE4353657,7428,3,0.859096,6005,5948.41007,5015.484653,4866.73398,5263.671917
25/06/2022,2020054642,ADVERTISER7568,19093795395,CAMPAIGN55084,ADGROUP0934808,CREATIVE4353687,6795,8,1.2374826,2497,2258.875497,1045.469463,915.0154525,1252.725975
26/06/2022,2020054642,ADVERTISER7568,19093795395,CAMPAIGN55084,ADGROUP0934808,CREATIVE4353678,6089,6,1.3157914,1889,1735.435375,690.2652324,581.6841846,832.9717523
27/06/2022,2020054642,ADVERTISER7568,19093795395,CAMPAIGN55084,ADGROUP0934808,CREATIVE4353700,4901,4,0.9516092,1751,1645.246888,723.122628,628.0877372,873.1777188
28/06/2022,2020054642,ADVERTISER7568,19093795395,CAMPAIGN55084,ADGROUP0934780,CREATIVE4353700,3569,5,0.6866432,1988,1904.447184,1202.60353,1109.024377,1334.059961
29/06/2022,2020054642,ADVERTISER7568,19093795395,CAMPAIGN55084,ADGROUP0934780,CREATIVE4353687,2626,2,0.4773882,1487,1390.73572,909.9805788,840.8968012,1004.546078
30/06/2022,2020054642,ADVERTISER7568,19093795395,CAMPAIGN55084,ADGROUP0934780,CREATIVE4353631,2023,2,0.3323568,1246,1176.401384,819.7854671,769.2802768,896.1591696
1/07/2022,2020054642,ADVERTISER7568,19093795395,CAMPAIGN55084,ADGROUP0934780,CREATIVE4353678,1118,0,0.2376232,606,571.8515206,363.1663685,331.7280859,398.3989267
2/07/2022,3657180427,ADVERTISER7589,19091763762,CAMPAIGN55074,ADGROUP0934603,CREATIVE4353476,448303,453,62.6439602,28803,27833.54749,25814.45978,25400.88925,26549.1466
3/07/2022,3657180427,ADVERTISER7589,19091763762,CAMPAIGN55074,ADGROUP0934749,CREATIVE4353476,327420,531,48.5796758,291996,280333.8178,264933.1736,261549.6515,270598.8342
4/07/2022,3657180427,ADVERTISER7589,19091763762,CAMPAIGN55074,ADGROUP0934605,CREATIVE4353476,68866,78,9.0778564,64234,62456.19958,60709.17954,60292.24523,61392.87718
5/07/2022,3657180427,ADVERTISER7589,19091763762,CAMPAIGN55074,ADGROUP0934685,CREATIVE4353476,38273,12,3.676776,27905,26831.02971,21550.12894,20264.71847,23657.9688
6/07/2022,3917054197,ADVERTISER7588,19091640363,CAMPAIGN55100,ADGROUP0934732,CREATIVE4353478,239688,114,29.3150232,145584,142763.2827,103111.6744,88359.39561,140859.1163
7/07/2022,3917054197,ADVERTISER7588,19091640363,CAMPAIGN55100,ADGROUP0934755,CREATIVE4353478,128484,149,21.2661826,72934,70847.88461,48571.57813,41383.98817,69435.00265
8/07/2022,4129844376,ADVERTISER7610,19089801248,CAMPAIGN55103,ADGROUP0934749,CREATIVE4353476,227843,330,47.2896254,202537,193389.8867,183232.9464,181068.3962,186837.5668
9/07/2022,4129844376,ADVERTISER7610,19089801248,CAMPAIGN55103,ADGROUP0934603,CREATIVE4353476,155997,109,27.5131316,135613,130859.4991,120692.6751,118509.7854,124608.1411
10/07/2022,4129844376,ADVERTISER7610,19089801248,CAMPAIGN55103,ADGROUP0934605,CREATIVE4353476,154039,113,27.9267114,142633,138161.569,134009.5921,133078.0826,135490.1923
11/07/2022,4129844376,ADVERTISER7610,19089801248,CAMPAIGN55103,ADGROUP0934685,CREATIVE4353476,25279,15,3.440059,16522,15269.07568,11389.3893,10660.64093,12810.28522
12/07/2022,1098380605,ADVERTISER7578,19089180684,CAMPAIGN55034,ADGROUP0934732,CREATIVE4353478,876942,1054,126.4775044,495531,482506.7703,329466.8448,280029.6965,473922.2722
13/07/2022,1098380605,ADVERTISER7578,19089180684,CAMPAIGN55034,ADGROUP0934755,CREATIVE4353478,572381,926,99.0563764,349160,337715.5412,240855.8057,213233.7953,328386.6084
14/07/2022,5305001139,ADVERTISER7579,19089119013,CAMPAIGN55075,ADGROUP0934749,CREATIVE4353476,446229,451,85.8616148,375401,351574.4286,323167.1185,316547.1309,333529.9357
15/07/2022,5305001139,ADVERTISER7579,19089119013,CAMPAIGN55075,ADGROUP0934603,CREATIVE4353476,356406,276,59.7222556,303860,291964.1324,266359.8398,260907.6737,275795.199
16/07/2022,5305001139,ADVERTISER7579,19089119013,CAMPAIGN55075,ADGROUP0934605,CREATIVE4353476,305860,260,51.3819466,279680,270214.0765,260269.919,258221.6512,263771.1769
17/07/2022,5305001139,ADVERTISER7579,19089119013,CAMPAIGN55075,ADGROUP0934685,CREATIVE4353476,79065,86,10.9723994,49353,45884.27653,32887.01901,30428.26397,37453.10002
18/07/2022,5907301713,ADVERTISER7575,19088930298,CAMPAIGN55051,ADGROUP0934732,CREATIVE4353478,615157,127,63.9539262,378259,371907.1005,274144.4181,232743.9297,367361.7721
19/07/2022,5907301713,ADVERTISER7575,19088930298,CAMPAIGN55051,ADGROUP0934755,CREATIVE4353478,245732,115,38.545676,141254,137859.6319,95981.5791,81250.99862,135927.0551
20/07/2022,6786998744,ADVERTISER7683,19069536657,CAMPAIGN55016,ADGROUP0934725,CREATIVE4353578,1180476,849,287.2165484,923489,900493.2261,800536.9064,722535.1162,884903.5074
21/07/2022,6531743956,ADVERTISER7678,19027829667,CAMPAIGN55021,ADGROUP0934709,CREATIVE4353565,1067940,1059,621.8550162,0,0,0,0,0
22/07/2022,6531743956,ADVERTISER7678,19027829667,CAMPAIGN55021,ADGROUP0934709,CREATIVE4353616,470582,682,325.5996336,224569,217562.4455,126638.3245,109854.1793,156095.2552
23/07/2022,6531743956,ADVERTISER7678,19027829667,CAMPAIGN55021,ADGROUP0934709,CREATIVE4353675,84933,77,50.78792,0,0,0,0,0
24/07/2022,6531743956,ADVERTISER7678,19027829667,CAMPAIGN55021,ADGROUP0934709,CREATIVE4353673,80038,61,46.7568112,0,0,0,0,0
25/07/2022,7168436701,ADVERTISER7603,19016525938,CAMPAIGN55076,ADGROUP0934619,CREATIVE4353629,428335,2959,67.5965514,186104,179906.9782,95337.15995,80051.2017,157808.3366
26/07/2022,7168436701,ADVERTISER7603,19016525938,CAMPAIGN55076,ADGROUP0934619,CREATIVE4353702,33741,200,5.483797,17858,17163.07235,10230.73234,9380.200172,14853.88015
27/07/2022,7168436701,ADVERTISER7603,19016519683,CAMPAIGN55071,ADGROUP0934619,CREATIVE4353626,463063,3725,86.5188932,226945,220198.3481,126186.7973,105375.8806,217245.5239
28/07/2022,7168436701,ADVERTISER7603,19009515573,CAMPAIGN55108,ADGROUP0934619,CREATIVE4353649,188163,732,28.755812,0,0,0,0,0
29/07/2022,7168436701,ADVERTISER7603,19009490301,CAMPAIGN55068,ADGROUP0934619,CREATIVE4353623,490814,339,84.5147682,0,0,0,0,0
30/07/2022,7168436701,ADVERTISER7603,19009490301,CAMPAIGN55068,ADGROUP0934619,CREATIVE4353672,99557,493,17.6407408,0,0,0,0,0
31/07/2022,5261436496,ADVERTISER7554,19002574051,CAMPAIGN55081,ADGROUP0934763,CREATIVE4353633,381729,687,155.1001578,0,0,0,0,0
1/08/2022,5261436496,ADVERTISER7554,19002574051,CAMPAIGN55081,ADGROUP0934763,CREATIVE4353635,341798,545,136.0371894,0,0,0,0,0
2/08/2022,5261436496,ADVERTISER7554,19002574051,CAMPAIGN55081,ADGROUP0934763,CREATIVE4353663,129479,473,58.4483938,0,0,0,0,0
3/08/2022,5261436496,ADVERTISER7554,19002574051,CAMPAIGN55081,ADGROUP0934763,CREATIVE4353667,108689,398,48.158991,0,0,0,0,0
4/08/2022,5261436496,ADVERTISER7554,19002574051,CAMPAIGN55081,ADGROUP0934763,CREATIVE4353676,93135,119,41.7845424,0,0,0,0,0
5/08/2022,5261436496,ADVERTISER7554,19002574051,CAMPAIGN55081,ADGROUP0934763,CREATIVE4353680,84776,356,29.2735964,0,0,0,0,0
6/08/2022,5261436496,ADVERTISER7554,19002574051,CAMPAIGN55081,ADGROUP0934763,CREATIVE4353681,84739,331,29.2884172,0,0,0,0,0
7/08/2022,5261436496,ADVERTISER7554,19002574051,CAMPAIGN55081,ADGROUP0934763,CREATIVE4353682,84393,329,29.2040006,0,0,0,0,0
8/08/2022,5261436496,ADVERTISER7554,19002574051,CAMPAIGN55081,ADGROUP0934763,CREATIVE4353683,84325,372,29.1941588,0,0,0,0,0
9/08/2022,5261436496,ADVERTISER7554,19002574051,CAMPAIGN55081,ADGROUP0934763,CREATIVE4353685,83778,348,28.776143,0,0,0,0,0
10/08/2022,5261436496,ADVERTISER7554,19002574051,CAMPAIGN55081,ADGROUP0934763,CREATIVE4353686,81755,86,38.8180962,0,0,0,0,0
11/08/2022,5261436496,ADVERTISER7554,19002574051,CAMPAIGN55081,ADGROUP0934763,CREATIVE4353688,80088,300,33.508397,0,0,0,0,0
12/08/2022,5261436496,ADVERTISER7554,19002574051,CAMPAIGN55081,ADGROUP0934763,CREATIVE4353689,79186,288,32.9362956,0,0,0,0,0
13/08/2022,5261436496,ADVERTISER7554,19002574051,CAMPAIGN55081,ADGROUP0934763,CREATIVE4353690,78432,262,32.8268996,0,0,0,0,0
14/08/2022,5261436496,ADVERTISER7554,19002574051,CAMPAIGN55081,ADGROUP0934763,CREATIVE4353691,76677,248,31.6401586,0,0,0,0,0
15/08/2022,5261436496,ADVERTISER7554,19002574051,CAMPAIGN55081,ADGROUP0934763,CREATIVE4353694,60916,76,28.2516998,0,0,0,0,0
16/08/2022,5261436496,ADVERTISER7554,19002574051,CAMPAIGN55081,ADGROUP0934763,CREATIVE4353703,23002,16,8.5856446,0,0,0,0,0
17/08/2022,5261436496,ADVERTISER7554,19002574051,CAMPAIGN55081,ADGROUP0934763,CREATIVE4353704,22883,27,8.5769814,0,0,0,0,0
18/08/2022,4317652927,ADVERTISER7599,18995560281,CAMPAIGN55118,ADGROUP0934763,CREATIVE4353633,108407,166,42.717561,0,0,0,0,0
19/08/2022,4317652927,ADVERTISER7599,18995560281,CAMPAIGN55118,ADGROUP0934763,CREATIVE4353635,107956,174,42.4216474,0,0,0,0,0
20/08/2022,4317652927,ADVERTISER7599,18995560281,CAMPAIGN55118,ADGROUP0934763,CREATIVE4353667,34362,144,15.2384362,0,0,0,0,0
21/08/2022,4317652927,ADVERTISER7599,18995560281,CAMPAIGN55118,ADGROUP0934763,CREATIVE4353663,33574,161,15.0648738,0,0,0,0,0
22/08/2022,4317652927,ADVERTISER7599,18995560281,CAMPAIGN55118,ADGROUP0934763,CREATIVE4353683,29424,126,10.385749,0,0,0,0,0
23/08/2022,4317652927,ADVERTISER7599,18995560281,CAMPAIGN55118,ADGROUP0934763,CREATIVE4353680,29418,131,10.4149118,0,0,0,0,0
24/08/2022,4317652927,ADVERTISER7599,18995560281,CAMPAIGN55118,ADGROUP0934763,CREATIVE4353676,29343,40,13.3610008,0,0,0,0,0
25/08/2022,4317652927,ADVERTISER7599,18995560281,CAMPAIGN55118,ADGROUP0934763,CREATIVE4353682,29341,142,10.3348734,0,0,0,0,0
26/08/2022,4317652927,ADVERTISER7599,18995560281,CAMPAIGN55118,ADGROUP0934763,CREATIVE4353681,29231,138,10.270655,0,0,0,0,0
27/08/2022,4317652927,ADVERTISER7599,18995560281,CAMPAIGN55118,ADGROUP0934763,CREATIVE4353685,29004,127,10.2306692,0,0,0,0,0
28/08/2022,4317652927,ADVERTISER7599,18995560281,CAMPAIGN55118,ADGROUP0934763,CREATIVE4353694,25584,34,12.0990052,0,0,0,0,0
29/08/2022,4317652927,ADVERTISER7599,18995560281,CAMPAIGN55118,ADGROUP0934763,CREATIVE4353686,25076,45,11.8377044,0,0,0,0,0
30/08/2022,4317652927,ADVERTISER7599,18995560281,CAMPAIGN55118,ADGROUP0934763,CREATIVE4353689,19268,82,7.4481626,0,0,0,0,0
31/08/2022,4317652927,ADVERTISER7599,18995560281,CAMPAIGN55118,ADGROUP0934763,CREATIVE4353688,19203,80,7.4356766,0,0,0,0,0
1/09/2022,4317652927,ADVERTISER7599,18995560281,CAMPAIGN55118,ADGROUP0934763,CREATIVE4353690,19076,85,7.4118622,0,0,0,0,0
2/09/2022,4317652927,ADVERTISER7599,18995560281,CAMPAIGN55118,ADGROUP0934763,CREATIVE4353691,18880,93,7.2762042,0,0,0,0,0
3/09/2022,4317652927,ADVERTISER7599,18995560281,CAMPAIGN55118,ADGROUP0934763,CREATIVE4353703,10576,13,4.1452746,0,0,0,0,0
4/09/2022,4317652927,ADVERTISER7599,18995560281,CAMPAIGN55118,ADGROUP0934763,CREATIVE4353704,10540,12,4.138452,0,0,0,0,0
5/09/2022,8961298690,ADVERTISER7641,18830485679,CAMPAIGN55038,ADGROUP0934679,CREATIVE4353471,787550,2442,142.5704564,54182,51650.99188,49674.59393,49131.15959,50556.9057
6/09/2022,8961298690,ADVERTISER7641,18830485679,CAMPAIGN55038,ADGROUP0934740,CREATIVE4353471,228884,680,42.5718144,18146,17496.29927,16850.85579,16678.13619,17147.88826
7/09/2022,9621589619,ADVERTISER7607,18827988424,CAMPAIGN55023,ADGROUP0934679,CREATIVE4353471,1054605,4554,177.790185,66820,64437.41634,61871.91959,61221.15025,62958.16084
8/09/2022,9621589619,ADVERTISER7607,18827988424,CAMPAIGN55023,ADGROUP0934740,CREATIVE4353471,326721,1071,57.0391112,27697,26863.77894,25901.26771,25649.10011,26331.56138
9/09/2022,1368406470,ADVERTISER7650,18827988421,CAMPAIGN55044,ADGROUP0934679,CREATIVE4353471,683434,3720,117.1115936,40818,38907.32405,37127.74832,36636.15769,37931.52602
10/09/2022,1368406470,ADVERTISER7650,18827988421,CAMPAIGN55044,ADGROUP0934740,CREATIVE4353471,214997,1095,37.1975426,16105,15566.62326,14978.94777,14830.20491,15247.02605
11/09/2022,3842578391,ADVERTISER7643,18827988193,CAMPAIGN55046,ADGROUP0934679,CREATIVE4353471,665152,2932,127.0742622,32314,31087.08099,29882.31608,29601.98455,30371.25367
12/09/2022,3842578391,ADVERTISER7643,18827988193,CAMPAIGN55046,ADGROUP0934784,CREATIVE4353471,218861,779,43.7075682,15976,15479.293,14931.72473,14817.58625,15138.18869
13/09/2022,5259992415,ADVERTISER7564,18827984083,CAMPAIGN54914,ADGROUP0934679,CREATIVE4353471,3308418,7726,558.0610604,254044,243901.23,235565.1729,232910.7691,239071.5966
14/09/2022,5259992415,ADVERTISER7564,18827984083,CAMPAIGN54914,ADGROUP0934740,CREATIVE4353471,743164,927,133.2605918,63844,62038.1818,60656.27295,60191.27839,61216.92702
15/09/2022,1482678299,ADVERTISER7572,18827965087,CAMPAIGN54949,ADGROUP0934679,CREATIVE4353471,2533223,12582,387.7837542,106487,102937.3296,99008.09912,98175.60833,100679.8168
16/09/2022,1482678299,ADVERTISER7572,18827965087,CAMPAIGN54949,ADGROUP0934740,CREATIVE4353471,756635,3055,115.0970594,44260,43088.46805,41533.03476,41182.42906,42207.8196
17/09/2022,6825237396,ADVERTISER7656,18824005836,CAMPAIGN55069,ADGROUP0934679,CREATIVE4353471,479861,2181,91.823795,24309,23373.97838,22429.22461,22254.91859,22781.71469
18/09/2022,6825237396,ADVERTISER7656,18824005836,CAMPAIGN55069,ADGROUP0934740,CREATIVE4353471,138863,490,28.2818776,10501,10168.88522,9777.330263,9703.688717,9931.672715
19/09/2022,1068193845,ADVERTISER7563,18814087183,CAMPAIGN54933,ADGROUP0934643,CREATIVE4353512,2794185,5682,485.0627964,0,0,0,0,0
20/09/2022,1068193845,ADVERTISER7563,18814087183,CAMPAIGN54933,ADGROUP0934746,CREATIVE4353512,682606,1760,121.19408,0,0,0,0,0
21/09/2022,1068193845,ADVERTISER7563,18814087183,CAMPAIGN54933,ADGROUP0934643,CREATIVE4353485,273973,594,50.3252008,0,0,0,0,0
22/09/2022,1068193845,ADVERTISER7563,18814087183,CAMPAIGN54933,ADGROUP0934746,CREATIVE4353485,70356,190,12.7363928,0,0,0,0,0
23/09/2022,1068193845,ADVERTISER7563,18814087150,CAMPAIGN54963,ADGROUP0934612,CREATIVE4353485,2164061,3283,377.2857904,0,0,0,0,0
24/09/2022,1068193845,ADVERTISER7563,18814087150,CAMPAIGN54963,ADGROUP0934714,CREATIVE4353485,1567036,2982,293.2299918,0,0,0,0,0
25/09/2022,1250046262,ADVERTISER7680,18810551921,CAMPAIGN55041,ADGROUP0934618,CREATIVE4353498,737279,52,200.077852,0,0,0,0,0
26/09/2022,1250046262,ADVERTISER7680,18810551921,CAMPAIGN55041,ADGROUP0934618,CREATIVE4353464,494,0,0.0557008,0,0,0,0,0
27/09/2022,1250046262,ADVERTISER7680,18806986012,CAMPAIGN54997,ADGROUP0934618,CREATIVE4353498,1507959,7195,269.6105604,0,0,0,0,0
28/09/2022,1250046262,ADVERTISER7680,18806986012,CAMPAIGN54997,ADGROUP0934618,CREATIVE4353562,765179,5165,112.3948986,418497,405311.8529,254657.0185,228382.2322,340051.2228
29/09/2022,1250046262,ADVERTISER7680,18806986012,CAMPAIGN54997,ADGROUP0934618,CREATIVE4353464,1443,1,0.1804038,0,0,0,0,0
30/09/2022,6599856105,ADVERTISER7615,18795825733,CAMPAIGN54856,ADGROUP0934618,CREATIVE4353523,4451741,7154,717.55309,0,0,0,0,0
1/10/2022,6599856105,ADVERTISER7615,18795825733,CAMPAIGN54856,ADGROUP0934647,CREATIVE4353523,2579015,5403,407.6081152,0,0,0,0,0
2/10/2022,5907301713,ADVERTISER7575,18794572237,CAMPAIGN55025,ADGROUP0934607,CREATIVE4353478,1039315,5360,146.691292,667029,642222.2716,483483.4699,427768.4513,631078.1127
3/10/2022,4201124660,ADVERTISER7645,18790468308,CAMPAIGN55055,ADGROUP0934607,CREATIVE4353478,585842,5049,88.6733854,313495,301791.9544,193478.0465,166480.7737,290908.7106
4/10/2022,1068193845,ADVERTISER7563,18706349513,CAMPAIGN54822,ADGROUP0934652,CREATIVE4353457,5744393,36849,970.8294698,0,0,0,0,0
5/10/2022,1068193845,ADVERTISER7563,18706349513,CAMPAIGN54822,ADGROUP0934797,CREATIVE4353457,145116,419,28.571257,0,0,0,0,0
6/10/2022,8553819047,ADVERTISER7552,18705879038,CAMPAIGN54815,ADGROUP0934650,CREATIVE4353457,6036873,26260,972.069182,0,0,0,0,0
7/10/2022,8553819047,ADVERTISER7552,18705879038,CAMPAIGN54815,ADGROUP0934790,CREATIVE4353457,177611,424,26.7490838,0,0,0,0,0
8/10/2022,3357404723,ADVERTISER7569,18674079967,CAMPAIGN54706,ADGROUP0934600,CREATIVE4353463,14973168,39613,2742.534328,0,0,0,0,0
9/10/2022,3357404723,ADVERTISER7569,18674079967,CAMPAIGN54706,ADGROUP0934600,CREATIVE4353480,7625575,16041,1538.953931,0,0,0,0,0
10/10/2022,3357404723,ADVERTISER7569,18674079967,CAMPAIGN54706,ADGROUP0934681,CREATIVE4353480,577940,808,103.5941766,0,0,0,0,0
11/10/2022,3357404723,ADVERTISER7569,18674079967,CAMPAIGN54706,ADGROUP0934681,CREATIVE4353463,77550,134,13.68847,0,0,0,0,0
12/10/2022,2517480813,ADVERTISER7583,18582555782,CAMPAIGN54873,ADGROUP0934667,CREATIVE4353524,4111826,33734,757.033539,0,0,0,0,0
13/10/2022,2517480813,ADVERTISER7583,18582555782,CAMPAIGN54873,ADGROUP0934667,CREATIVE4353585,409818,2549,81.1369804,219718,210462.1558,128185.1855,117840.9861,152485.5294
14/10/2022,2517480813,ADVERTISER7583,18582555782,CAMPAIGN54873,ADGROUP0934769,CREATIVE4353524,173825,886,34.7034604,0,0,0,0,0
15/10/2022,2517480813,ADVERTISER7583,18582555782,CAMPAIGN54873,ADGROUP0934667,CREATIVE4353657,41378,289,8.8867078,18889,17864.61709,9403.871623,8583.543598,10940.90248
16/10/2022,2517480813,ADVERTISER7583,18582555782,CAMPAIGN54873,ADGROUP0934769,CREATIVE4353585,26574,93,4.6980772,17382,16812.28065,12024.28336,11379.34274,13503.19892
17/10/2022,2517480813,ADVERTISER7583,18582555782,CAMPAIGN54873,ADGROUP0934769,CREATIVE4353657,2332,10,0.5232798,1339,1281.581475,810.7495712,769.9824185,896.8773585
18/10/2022,2517480813,ADVERTISER7583,18579768385,CAMPAIGN54892,ADGROUP0934667,CREATIVE4353524,3822436,13885,719.623464,0,0,0,0,0
19/10/2022,2517480813,ADVERTISER7583,18579768385,CAMPAIGN54892,ADGROUP0934667,CREATIVE4353585,560140,1648,103.8820242,349219,341135.3539,239125.9241,218654.3365,278408.2298
20/10/2022,2517480813,ADVERTISER7583,18579768385,CAMPAIGN54892,ADGROUP0934769,CREATIVE4353524,333190,976,68.0201824,0,0,0,0,0
21/10/2022,2517480813,ADVERTISER7583,18579768385,CAMPAIGN54892,ADGROUP0934667,CREATIVE4353657,97388,105,20.0203754,48495,46993.16281,26724.33626,24305.76093,31091.41588
22/10/2022,2517480813,ADVERTISER7583,18579768385,CAMPAIGN54892,ADGROUP0934769,CREATIVE4353585,94919,213,17.0122142,64590,63127.65937,46749.98873,44108.38504,52258.4333
23/10/2022,2517480813,ADVERTISER7583,18579768385,CAMPAIGN54892,ADGROUP0934769,CREATIVE4353657,10484,12,2.2564144,6378,6224.086036,4136.818008,3898.342617,4583.959367
24/10/2022,2069933731,ADVERTISER7634,18577060987,CAMPAIGN54973,ADGROUP0934625,CREATIVE4353554,1968921,13242,405.3693216,795907,735705.0629,347875.5408,319169.7903,406105.8478
25/10/2022,8983780819,ADVERTISER7608,18576951586,CAMPAIGN55009,ADGROUP0934625,CREATIVE4353554,1335484,4354,266.5073208,602304,559802.3601,295170.0365,272399.8605,339465.3862
26/10/2022,8458271135,ADVERTISER7637,18573607113,CAMPAIGN54965,ADGROUP0934625,CREATIVE4353554,2084690,21027,345.9162128,646033,599351.0805,220310.053,196556.772,272243.9204
27/10/2022,2517480813,ADVERTISER7583,18545902502,CAMPAIGN55012,ADGROUP0934667,CREATIVE4353524,1259987,5086,216.3084702,0,0,0,0,0
28/10/2022,2517480813,ADVERTISER7583,18545902502,CAMPAIGN55012,ADGROUP0934667,CREATIVE4353585,565558,2555,72.1743304,387284,374855.2184,279428.6595,265218.009,310127.3512
29/10/2022,2517480813,ADVERTISER7583,18545902502,CAMPAIGN55012,ADGROUP0934795,CREATIVE4353524,71612,249,12.1788474,0,0,0,0,0
30/10/2022,2517480813,ADVERTISER7583,18545902502,CAMPAIGN55012,ADGROUP0934795,CREATIVE4353585,62762,220,7.9181518,44742,43581.92813,33601.20935,32240.63452,36584.40359
31/10/2022,2517480813,ADVERTISER7583,18545902502,CAMPAIGN55012,ADGROUP0934667,CREATIVE4353657,16015,65,2.2658876,10164,9764.261813,6831.582895,6470.261675,7410.921241
1/11/2022,2517480813,ADVERTISER7583,18545902502,CAMPAIGN55012,ADGROUP0934762,CREATIVE4353631,2190,25,0.5075832,1101,955.7082192,585.6917808,546.9808219,659.0917808
2/11/2022,2517480813,ADVERTISER7583,18545902502,CAMPAIGN55012,ADGROUP0934762,CREATIVE4353700,1464,11,0.2779008,814,756.1748634,487.6215847,449.8128415,543.2226776
3/11/2022,2517480813,ADVERTISER7583,18545902502,CAMPAIGN55012,ADGROUP0934762,CREATIVE4353639,1381,6,0.185754,980,935.2932657,734.467777,698.2766112,777.0456191
4/11/2022,2517480813,ADVERTISER7583,18545902502,CAMPAIGN55012,ADGROUP0934762,CREATIVE4353687,799,7,0.123275,519,485.2227785,360.5068836,331.9261577,387.1389237
5/11/2022,2517480813,ADVERTISER7583,18545902502,CAMPAIGN55012,ADGROUP0934795,CREATIVE4353657,575,0,0.0749794,420,406.9340974,322.2582854,312.9158912,340.8140579
6/11/2022,2517480813,ADVERTISER7583,18545902502,CAMPAIGN55012,ADGROUP0934762,CREATIVE4353678,262,3,0.051684,144,132.4580153,82.99236641,77.49618321,89.58778626
7/11/2022,2517480813,ADVERTISER7583,18545902502,CAMPAIGN55012,ADGROUP0934795,CREATIVE4353700,104,0,0.0164602,57,52.61538462,31.78846154,30.14423077,33.98076923
8/11/2022,2517480813,ADVERTISER7583,18545902502,CAMPAIGN55012,ADGROUP0934795,CREATIVE4353631,96,0,0.011762,77,75.39583333,65.77083333,64.16666667,67.375
9/11/2022,2517480813,ADVERTISER7583,18545902502,CAMPAIGN55012,ADGROUP0934795,CREATIVE4353687,90,0,0.0113696,63,60.2,48.3,45.5,51.8
10/11/2022,2517480813,ADVERTISER7583,18545902502,CAMPAIGN55012,ADGROUP0934795,CREATIVE4353639,89,0,0.0111722,58,54.74157303,41.05617978,39.1011236,46.92134831
11/11/2022,2517480813,ADVERTISER7583,18545902502,CAMPAIGN55012,ADGROUP0934795,CREATIVE4353678,28,0,0.0050924,18,17.35714286,12.85714286,11.57142857,13.5
12/11/2022,2517480813,ADVERTISER7583,18544115992,CAMPAIGN55116,ADGROUP0934667,CREATIVE4353524,130280,624,23.9256118,0,0,0,0,0
13/11/2022,2517480813,ADVERTISER7583,18544115992,CAMPAIGN55116,ADGROUP0934667,CREATIVE4353585,35844,135,7.2974472,19165,18638.34212,11434.09008,10256.72902,13847.6268
14/11/2022,2517480813,ADVERTISER7583,18544115992,CAMPAIGN55116,ADGROUP0934667,CREATIVE4353657,8694,18,2.0491556,3144,3019.961353,1309.819186,1138.768806,1633.838509
15/11/2022,2517480813,ADVERTISER7583,18544115992,CAMPAIGN55116,ADGROUP0934769,CREATIVE4353524,7883,10,1.570424,0,0,0,0,0
16/11/2022,2517480813,ADVERTISER7583,18544115992,CAMPAIGN55116,ADGROUP0934769,CREATIVE4353585,2439,3,0.4113958,1642,1601.606396,1170.741287,1109.477655,1308.752768
17/11/2022,2517480813,ADVERTISER7583,18544115992,CAMPAIGN55116,ADGROUP0934769,CREATIVE4353657,731,1,0.1653624,363,352.5718194,192.6730506,181.74829,215.0191518
18/11/2022,5736076970,ADVERTISER7620,18531118232,CAMPAIGN54950,ADGROUP0934638,CREATIVE4353463,2505737,5525,447.0964408,0,0,0,0,0
19/11/2022,5736076970,ADVERTISER7620,18531118232,CAMPAIGN54950,ADGROUP0934638,CREATIVE4353480,1084134,2426,201.4265568,0,0,0,0,0
20/11/2022,5736076970,ADVERTISER7620,18531118232,CAMPAIGN54950,ADGROUP0934681,CREATIVE4353463,894660,2355,161.603456,0,0,0,0,0
21/11/2022,5736076970,ADVERTISER7620,18531118232,CAMPAIGN54950,ADGROUP0934681,CREATIVE4353480,759930,1894,145.6529094,0,0,0,0,0
22/11/2022,1068193845,ADVERTISER7563,18531033503,CAMPAIGN54753,ADGROUP0934583,CREATIVE4353457,9456392,18847,1689.007331,0,0,0,0,0
23/11/2022,1068193845,ADVERTISER7563,18531033503,CAMPAIGN54753,ADGROUP0934738,CREATIVE4353457,550981,1744,96.1798814,0,0,0,0,0
24/11/2022,8553819047,ADVERTISER7552,18530664638,CAMPAIGN54684,ADGROUP0934583,CREATIVE4353458,20053279,15692,3041.281453,0,0,0,0,0
25/11/2022,1997190441,ADVERTISER7593,18529167782,CAMPAIGN54953,ADGROUP0934692,CREATIVE4353457,2445869,3457,419.590476,0,0,0,0,0
26/11/2022,1997190441,ADVERTISER7593,18529167782,CAMPAIGN54953,ADGROUP0934741,CREATIVE4353457,720839,1223,126.4628446,0,0,0,0,0
27/11/2022,1068193845,ADVERTISER7563,18527375680,CAMPAIGN54777,ADGROUP0934638,CREATIVE4353463,7775924,17987,1401.961331,0,0,0,0,0
28/11/2022,1068193845,ADVERTISER7563,18527375680,CAMPAIGN54777,ADGROUP0934638,CREATIVE4353480,3313434,9139,597.8039042,0,0,0,0,0
29/11/2022,1068193845,ADVERTISER7563,18527375680,CAMPAIGN54777,ADGROUP0934681,CREATIVE4353463,3186118,8383,576.6146832,0,0,0,0,0
30/11/2022,1068193845,ADVERTISER7563,18527375680,CAMPAIGN54777,ADGROUP0934681,CREATIVE4353480,2532150,6346,480.3170264,0,0,0,0,0
1/12/2022,8553819047,ADVERTISER7552,18527059129,CAMPAIGN54718,ADGROUP0934600,CREATIVE4353463,13155323,8354,1950.546965,0,0,0,0,0
2/12/2022,8553819047,ADVERTISER7552,18527059129,CAMPAIGN54718,ADGROUP0934600,CREATIVE4353480,7268929,3844,1134.099254,0,0,0,0,0
3/12/2022,8553819047,ADVERTISER7552,18527059129,CAMPAIGN54718,ADGROUP0934681,CREATIVE4353480,471058,406,79.0194978,0,0,0,0,0
4/12/2022,8553819047,ADVERTISER7552,18527059129,CAMPAIGN54718,ADGROUP0934681,CREATIVE4353463,61032,47,10.2609472,0,0,0,0,0
5/12/2022,8553819047,ADVERTISER7552,18526827784,CAMPAIGN54698,ADGROUP0934583,CREATIVE4353457,15998160,12871,2231.286967,0,0,0,0,0
6/12/2022,1997190441,ADVERTISER7593,18525598924,CAMPAIGN54874,ADGROUP0934600,CREATIVE4353463,4074106,5493,760.735069,0,0,0,0,0
7/12/2022,1997190441,ADVERTISER7593,18525598924,CAMPAIGN54874,ADGROUP0934600,CREATIVE4353480,2221208,3332,433.4259928,0,0,0,0,0
8/12/2022,1997190441,ADVERTISER7593,18525598924,CAMPAIGN54874,ADGROUP0934800,CREATIVE4353480,133498,201,25.545468,0,0,0,0,0
9/12/2022,1997190441,ADVERTISER7593,18525598924,CAMPAIGN54874,ADGROUP0934800,CREATIVE4353463,16594,19,3.1502206,0,0,0,0,0
10/12/2022,1997190441,ADVERTISER7593,18525584842,CAMPAIGN54862,ADGROUP0934583,CREATIVE4353458,4296036,5611,803.0119042,0,0,0,0,0
11/12/2022,1997190441,ADVERTISER7593,18525584842,CAMPAIGN54862,ADGROUP0934738,CREATIVE4353458,49680,226,8.0147146,0,0,0,0,0
12/12/2022,5736076970,ADVERTISER7620,18524976372,CAMPAIGN54913,ADGROUP0934583,CREATIVE4353458,3334122,7322,607.1604428,0,0,0,0,0
13/12/2022,5736076970,ADVERTISER7620,18524970666,CAMPAIGN54960,ADGROUP0934583,CREATIVE4353457,2268792,4239,394.750684,0,0,0,0,0
14/12/2022,5736076970,ADVERTISER7620,18524970666,CAMPAIGN54960,ADGROUP0934738,CREATIVE4353457,831331,1917,144.6127374,0,0,0,0,0
15/12/2022,1068193845,ADVERTISER7563,18524915028,CAMPAIGN54756,ADGROUP0934583,CREATIVE4353458,9124174,17575,1648.427395,0,0,0,0,0
16/12/2022,9940580900,ADVERTISER7596,18516781891,CAMPAIGN54767,ADGROUP0934632,CREATIVE4353496,8455652,50883,1388.116618,7583733,7215020.981,6854799.292,6795955.151,7004699.198
17/12/2022,9940580900,ADVERTISER7596,18516781891,CAMPAIGN54767,ADGROUP0934750,CREATIVE4353496,636194,3056,110.89665,582125,562972.8886,539746.2297,535458.4846,549002.4888
18/12/2022,9940580900,ADVERTISER7596,18516781891,CAMPAIGN54767,ADGROUP0934632,CREATIVE4353656,165373,206,34.7326624,0,0,0,0,0
19/12/2022,9940580900,ADVERTISER7596,18516781891,CAMPAIGN54767,ADGROUP0934632,CREATIVE4353665,114355,457,19.8905064,104757,101436.2521,97328.60148,96547.19515,98915.23192
20/12/2022,9940580900,ADVERTISER7596,18516781891,CAMPAIGN54767,ADGROUP0934750,CREATIVE4353665,39956,162,7.4164166,36855,35828.38034,34497.37211,34239.10301,35024.97898
21/12/2022,9940580900,ADVERTISER7596,18516781891,CAMPAIGN54767,ADGROUP0934632,CREATIVE4353706,9974,10,2.2531274,0,0,0,0,0
22/12/2022,9940580900,ADVERTISER7596,18516781891,CAMPAIGN54767,ADGROUP0934632,CREATIVE4353707,9319,6,2.1081158,0,0,0,0,0
23/12/2022,9940580900,ADVERTISER7596,18516781891,CAMPAIGN54767,ADGROUP0934632,CREATIVE4353711,2325,11,0.5447318,0,0,0,0,0
24/12/2022,7655350609,ADVERTISER7598,18355908626,CAMPAIGN54820,ADGROUP0934623,CREATIVE4353472,5863596,19963,1138.813567,0,0,0,0,0
25/12/2022,7655350609,ADVERTISER7598,18355908626,CAMPAIGN54820,ADGROUP0934704,CREATIVE4353558,1849037,7698,322.781717,902564,865024.6298,533918.1592,441933.6449,835033.1601
26/12/2022,7655350609,ADVERTISER7598,18355908626,CAMPAIGN54820,ADGROUP0934623,CREATIVE4353552,1237856,2575,184.1095782,838161,803270.9102,603258.849,570132.6286,675366.9288
27/12/2022,7655350609,ADVERTISER7598,18355908626,CAMPAIGN54820,ADGROUP0934704,CREATIVE4353615,405261,387,60.0713012,241654,229977.4048,154722.3394,145088.0453,170655.8651
28/12/2022,9133819901,ADVERTISER7632,18349911732,CAMPAIGN54929,ADGROUP0934623,CREATIVE4353472,2867693,12348,527.7224316,0,0,0,0,0
29/12/2022,9133819901,ADVERTISER7632,18349911732,CAMPAIGN54929,ADGROUP0934704,CREATIVE4353558,848427,3574,162.9922426,394253,378470.3706,221095.7527,183210.7507,364108.2894
30/12/2022,9133819901,ADVERTISER7632,18349911732,CAMPAIGN54929,ADGROUP0934623,CREATIVE4353552,523523,1136,79.7375978,352815,339772.1289,252089.6236,238926.3802,281476.1235
31/12/2022,9133819901,ADVERTISER7632,18349911732,CAMPAIGN54929,ADGROUP0934704,CREATIVE4353615,205138,231,34.4480668,119962,113327.5935,74913.53161,70563.30241,82198.22111
1/01/2022,1103076933,ADVERTISER7679,18333257422,CAMPAIGN55013,ADGROUP0934589,CREATIVE4353459,1234826,4249,251.9053818,472096,444569.6237,207770.2994,174255.9561,262719.5457
2/01/2022,1103076933,ADVERTISER7679,18333257422,CAMPAIGN55013,ADGROUP0934636,CREATIVE4353500,497318,2198,119.3357374,202398,193099.75,95863.09786,82153.19509,146534.8366
3/01/2022,1103076933,ADVERTISER7679,18333257422,CAMPAIGN55013,ADGROUP0934636,CREATIVE4353598,76382,217,17.4600166,51704,49648.21398,38031.02605,34281.60268,48563.7987
4/01/2022,2959291242,ADVERTISER7548,18332951973,CAMPAIGN54852,ADGROUP0934618,CREATIVE4353521,4803409,4995,1057.889421,2471034,2386448.858,1452244.205,1278707.817,1841873.179
5/01/2022,5997611288,ADVERTISER7644,18330833982,CAMPAIGN54882,ADGROUP0934589,CREATIVE4353459,3947067,24932,767.0918878,1692756,1594668.03,812450.5535,707184.1892,1030641.463
6/01/2022,5997611288,ADVERTISER7644,18330833982,CAMPAIGN54882,ADGROUP0934636,CREATIVE4353500,1486723,8098,355.8782994,603560,575957.5135,289119.7261,245091.0158,447373.2512
7/01/2022,5997611288,ADVERTISER7644,18330833982,CAMPAIGN54882,ADGROUP0934636,CREATIVE4353598,160267,716,40.128493,90997,88037.71104,59373.14787,50052.40965,86254.87003
8/01/2022,1693619633,ADVERTISER7675,18330631632,CAMPAIGN54986,ADGROUP0934623,CREATIVE4353459,1688164,4814,396.0317744,671157,633431.7549,303001.4807,260163.1075,380922.0533
9/01/2022,1693619633,ADVERTISER7675,18330631632,CAMPAIGN54986,ADGROUP0934636,CREATIVE4353500,644784,2516,147.0028998,280651,267869.9199,140414.2938,122127.5645,207951.5338
10/01/2022,1693619633,ADVERTISER7675,18330631632,CAMPAIGN54986,ADGROUP0934636,CREATIVE4353598,211052,777,50.6674762,105234,101021.1896,61581.62524,50558.21266,98744.50684
11/01/2022,8458271135,ADVERTISER7637,18292543841,CAMPAIGN55070,ADGROUP0934760,CREATIVE4353625,471140,475,131.4898796,368068,357583.1322,314760.8726,287646.7748,351098.9355
12/01/2022,8458271135,ADVERTISER7637,18292543841,CAMPAIGN55070,ADGROUP0934832,CREATIVE4353625,448,1,0.1087658,361,350.5245536,319.9040179,292.5066964,344.8839286
13/01/2022,8458271135,ADVERTISER7637,18288231529,CAMPAIGN55132,ADGROUP0934833,CREATIVE4353625,70,0,0.014882,29,25.68571429,16.98571429,12.01428571,25.27142857
14/01/2022,3105327200,ADVERTISER7576,18280903151,CAMPAIGN54716,ADGROUP0934606,CREATIVE4353477,13921550,41852,2664.648045,0,0,0,0,0
15/01/2022,3813503674,ADVERTISER7647,18280902473,CAMPAIGN54974,ADGROUP0934671,CREATIVE4353531,1912618,1932,326.724181,0,0,0,0,0
16/01/2022,3813503674,ADVERTISER7647,18280902473,CAMPAIGN54974,ADGROUP0934756,CREATIVE4353531,563155,179,93.0611992,0,0,0,0,0
17/01/2022,5329966586,ADVERTISER7616,18277011049,CAMPAIGN54946,ADGROUP0934690,CREATIVE4353509,2556640,3935,474.4850502,0,0,0,0,0
18/01/2022,5329966586,ADVERTISER7616,18277011049,CAMPAIGN54946,ADGROUP0934805,CREATIVE4353509,100800,112,16.5694198,0,0,0,0,0
19/01/2022,6531743956,ADVERTISER7678,18275313102,CAMPAIGN55007,ADGROUP0934709,CREATIVE4353565,1375537,1606,278.7903424,0,0,0,0,0
20/01/2022,6531743956,ADVERTISER7678,18275313102,CAMPAIGN55007,ADGROUP0934709,CREATIVE4353616,523446,964,94.4780866,325555,314555.3974,219129.4297,203053.9453,248105.5245
21/01/2022,6531743956,ADVERTISER7678,18275313102,CAMPAIGN55007,ADGROUP0934794,CREATIVE4353565,159589,223,37.9785804,0,0,0,0,0
22/01/2022,6531743956,ADVERTISER7678,18275313102,CAMPAIGN55007,ADGROUP0934794,CREATIVE4353616,84861,152,22.168902,47188,45672.73032,28903.56055,26282.28303,33884.76634
23/01/2022,6531743956,ADVERTISER7678,18275313102,CAMPAIGN55007,ADGROUP0934709,CREATIVE4353673,77190,67,16.9237954,0,0,0,0,0
24/01/2022,6531743956,ADVERTISER7678,18275313102,CAMPAIGN55007,ADGROUP0934709,CREATIVE4353675,61673,69,13.2392006,0,0,0,0,0
25/01/2022,6531743956,ADVERTISER7678,18275313102,CAMPAIGN55007,ADGROUP0934794,CREATIVE4353673,20402,24,4.922967,0,0,0,0,0
26/01/2022,6531743956,ADVERTISER7678,18275313102,CAMPAIGN55007,ADGROUP0934794,CREATIVE4353675,7697,15,2.0127268,0,0,0,0,0
27/01/2022,9220034646,ADVERTISER7664,18253927174,CAMPAIGN55008,ADGROUP0934719,CREATIVE4353573,1363136,2170,261.2559492,0,0,0,0,0
28/01/2022,9220034646,ADVERTISER7664,18253927174,CAMPAIGN55008,ADGROUP0934719,CREATIVE4353597,759707,1128,149.6468834,0,0,0,0,0
29/01/2022,9220034646,ADVERTISER7664,18253927174,CAMPAIGN55008,ADGROUP0934719,CREATIVE4353684,84039,397,12.061948,61856,59432.57317,47858.47319,44940.74421,55956.34229
30/01/2022,9220034646,ADVERTISER7664,18253927174,CAMPAIGN55008,ADGROUP0934813,CREATIVE4353573,46134,92,8.4103596,0,0,0,0,0
31/01/2022,9220034646,ADVERTISER7664,18253927174,CAMPAIGN55008,ADGROUP0934813,CREATIVE4353597,4750,8,0.8806952,0,0,0,0,0
1/02/2022,9220034646,ADVERTISER7664,18253927174,CAMPAIGN55008,ADGROUP0934813,CREATIVE4353684,3267,22,0.5774628,2193,2133.929293,1582.826446,1447.232323,1990.951331
2/02/2022,3830925405,ADVERTISER7673,18251711501,CAMPAIGN54975,ADGROUP0934703,CREATIVE4353456,1900619,6226,272.3177856,1017215,982898.1326,652406.7673,544446.2012,957519.5126
3/02/2022,3657180427,ADVERTISER7589,18250725995,CAMPAIGN55063,ADGROUP0934635,CREATIVE4353478,505071,1473,70.932628,235505,226263.311,130436.5083,109905.6906,217496.2961
4/02/2022,4201124660,ADVERTISER7645,18249956369,CAMPAIGN55124,ADGROUP0934635,CREATIVE4353478,68226,206,10.4024876,35963,34585.64651,22022.36943,18985.12841,33352.72274
5/02/2022,3418696511,ADVERTISER7635,18249887753,CAMPAIGN54860,ADGROUP0934661,CREATIVE4353476,4354459,23461,765.8198334,156315,149109.6392,138861.661,137553.8542,143067.5125
6/02/2022,3418696511,ADVERTISER7635,18249887753,CAMPAIGN54860,ADGROUP0934669,CREATIVE4353476,3944093,21952,680.888381,0,0,0,0,0
7/02/2022,3418696511,ADVERTISER7635,18249887753,CAMPAIGN54860,ADGROUP0934635,CREATIVE4353478,3608617,21616,738.3669688,1566987,1481987.713,828994.1398,683975.7908,1401045.048
8/02/2022,3418696511,ADVERTISER7635,18249887753,CAMPAIGN54860,ADGROUP0934765,CREATIVE4353476,376909,2493,76.7045054,200221,184627.9049,117558.1933,107159.907,140083.4223
9/02/2022,4916723921,ADVERTISER7605,18246650062,CAMPAIGN55078,ADGROUP0934635,CREATIVE4353478,410038,1503,70.651136,224375,215733.5326,141502.3867,123191.253,207858.7
10/02/2022,8458271135,ADVERTISER7637,18246331437,CAMPAIGN55054,ADGROUP0934599,CREATIVE4353473,587329,3400,79.055525,0,0,0,0,0
11/02/2022,8458271135,ADVERTISER7637,18246331437,CAMPAIGN55054,ADGROUP0934707,CREATIVE4353602,113303,702,12.525188,57855,54956.70975,31282.74379,29502.20502,35127.72716
12/02/2022,8458271135,ADVERTISER7637,18246331437,CAMPAIGN55054,ADGROUP0934599,CREATIVE4353495,58706,354,8.0991758,0,0,0,0,0
13/02/2022,8458271135,ADVERTISER7637,18246331437,CAMPAIGN55054,ADGROUP0934828,CREATIVE4353564,6339,54,0.7853178,2098,1964.951254,756.2596624,685.1017511,914.7928695
14/02/2022,9139885703,ADVERTISER7594,18246207354,CAMPAIGN54894,ADGROUP0934673,CREATIVE4353514,3777409,14662,543.8786734,474708,447857.8409,373660.8528,361871.5133,399310.012
15/02/2022,9139885703,ADVERTISER7594,18246207354,CAMPAIGN54894,ADGROUP0934659,CREATIVE4353524,2580000,7803,421.5042426,0,0,0,0,0
16/02/2022,9139885703,ADVERTISER7594,18246207354,CAMPAIGN54894,ADGROUP0934659,CREATIVE4353585,987075,3351,134.4234386,571865,544926.7107,360279.2797,332806.1209,420739.3236
17/02/2022,9139885703,ADVERTISER7594,18246207354,CAMPAIGN54894,ADGROUP0934673,CREATIVE4353636,337894,711,36.8003622,231096,219974.0184,166955.0484,159033.7807,180515.8706
18/02/2022,9139885703,ADVERTISER7594,18246207354,CAMPAIGN54894,ADGROUP0934795,CREATIVE4353524,106691,267,17.920246,0,0,0,0,0
19/02/2022,9139885703,ADVERTISER7594,18246207354,CAMPAIGN54894,ADGROUP0934795,CREATIVE4353585,64626,116,7.7081274,47142,45580.58017,36138.27789,34501.29368,39407.39651
20/02/2022,9139885703,ADVERTISER7594,18246207354,CAMPAIGN54894,ADGROUP0934659,CREATIVE4353657,47393,155,7.036252,26068,24767.64216,15453.68625,14368.11749,17435.71683
21/02/2022,9139885703,ADVERTISER7594,18246207354,CAMPAIGN54894,ADGROUP0934762,CREATIVE4353687,7061,20,1.1416984,3236,2889.98952,1647.101544,1468.367653,1895.495822
22/02/2022,9139885703,ADVERTISER7594,18246207354,CAMPAIGN54894,ADGROUP0934762,CREATIVE4353639,6013,21,0.7888028,3224,2974.680193,1872.311325,1736.659904,2108.226842
23/02/2022,9139885703,ADVERTISER7594,18246207354,CAMPAIGN54894,ADGROUP0934762,CREATIVE4353631,1649,12,0.3428482,564,465.4966646,212.3978169,187.4299576,262.6755609
24/02/2022,9139885703,ADVERTISER7594,18246207354,CAMPAIGN54894,ADGROUP0934762,CREATIVE4353678,989,7,0.1613456,485,430.0758342,253.5338726,230.4853387,291.7846309
25/02/2022,9139885703,ADVERTISER7594,18246207354,CAMPAIGN54894,ADGROUP0934762,CREATIVE4353700,937,3,0.1392926,517,466.7897545,309.5378869,283.6051227,349.2646745
26/02/2022,9139885703,ADVERTISER7594,18246207354,CAMPAIGN54894,ADGROUP0934795,CREATIVE4353657,837,0,0.1201414,565,545.5000183,412.3608408,390.9786996,440.9993424
27/02/2022,9139885703,ADVERTISER7594,18246207354,CAMPAIGN54894,ADGROUP0934830,CREATIVE4353514,817,2,0.1213394,81,77.13341493,69.99510404,68.80538556,73.16768666
28/02/2022,9139885703,ADVERTISER7594,18246207354,CAMPAIGN54894,ADGROUP0934795,CREATIVE4353700,550,0,0.0671552,320,294.4,201.3090909,184.4363636,221.0909091
1/03/2022,9139885703,ADVERTISER7594,18246207354,CAMPAIGN54894,ADGROUP0934795,CREATIVE4353639,547,0,0.064711,342,318.2413163,233.2102377,216.3290676,251.9670932
2/03/2022,9139885703,ADVERTISER7594,18246207354,CAMPAIGN54894,ADGROUP0934795,CREATIVE4353687,385,1,0.0432256,255,244.4025974,178.1688312,170.8831169,194.7272727
3/03/2022,9139885703,ADVERTISER7594,18246207354,CAMPAIGN54894,ADGROUP0934830,CREATIVE4353636,250,1,0.0295908,128,123.904,71.68,67.072,81.92
4/03/2022,9139885703,ADVERTISER7594,18246207354,CAMPAIGN54894,ADGROUP0934795,CREATIVE4353631,64,0,0.007292,39,37.78125,25.59375,24.375,29.859375
5/03/2022,9139885703,ADVERTISER7594,18246207354,CAMPAIGN54894,ADGROUP0934795,CREATIVE4353678,39,0,0.0044126,24,22.15384615,17.84615385,15.38461538,19.69230769
6/03/2022,1098380605,ADVERTISER7578,18245923585,CAMPAIGN54719,ADGROUP0934607,CREATIVE4353478,13040699,65967,2391.103313,6351608,6038886.93,3842702.113,2977979.962,5813378.264
7/03/2022,1098380605,ADVERTISER7578,18245923585,CAMPAIGN54719,ADGROUP0934661,CREATIVE4353476,266300,281,34.7353752,69191,67108.77441,58642.1656,56961.62716,61816.94904
8/03/2022,1098380605,ADVERTISER7578,18245923585,CAMPAIGN54719,ADGROUP0934669,CREATIVE4353476,265057,504,38.4064276,0,0,0,0,0
9/03/2022,1098380605,ADVERTISER7578,18245923585,CAMPAIGN54719,ADGROUP0934765,CREATIVE4353476,29936,88,3.4116092,19030,18377.14691,13051.34053,12007.53842,15027.69909
10/03/2022,1807087617,ADVERTISER7584,18245498152,CAMPAIGN54806,ADGROUP0934635,CREATIVE4353478,6458479,31347,913.0304342,3312058,3141096.072,2023312.221,1696083.314,3005962.025
11/03/2022,3074881268,ADVERTISER7685,18138148478,CAMPAIGN55082,ADGROUP0934618,CREATIVE4353606,357510,7,108.824059,0,0,0,0,0
12/03/2022,3074881268,ADVERTISER7685,18132463809,CAMPAIGN55050,ADGROUP0934618,CREATIVE4353606,616713,1606,253.0987058,0,0,0,0,0
13/03/2022,2959291242,ADVERTISER7548,18087820218,CAMPAIGN54745,ADGROUP0934618,CREATIVE4353490,9928765,37143,1767.938585,0,0,0,0,0
14/03/2022,2959291242,ADVERTISER7548,18087820218,CAMPAIGN54745,ADGROUP0934585,CREATIVE4353490,3105038,6913,557.443383,0,0,0,0,0
15/03/2022,2959291242,ADVERTISER7548,18087820218,CAMPAIGN54745,ADGROUP0934618,CREATIVE4353455,1489153,6014,271.933797,0,0,0,0,0
16/03/2022,2959291242,ADVERTISER7548,18087820218,CAMPAIGN54745,ADGROUP0934585,CREATIVE4353455,404786,1077,74.2252136,0,0,0,0,0
17/03/2022,5831868841,ADVERTISER7646,18071895831,CAMPAIGN54887,ADGROUP0934596,CREATIVE4353469,3881714,8866,870.217661,0,0,0,0,0
18/03/2022,5831868841,ADVERTISER7646,18071895831,CAMPAIGN54887,ADGROUP0934712,CREATIVE4353469,165479,523,51.9983606,0,0,0,0,0
19/03/2022,5831868841,ADVERTISER7646,18071895831,CAMPAIGN54887,ADGROUP0934825,CREATIVE4353469,11642,30,3.7170556,0,0,0,0,0
20/03/2022,9032010591,ADVERTISER7571,18071324580,CAMPAIGN54708,ADGROUP0934601,CREATIVE4353469,14910680,42598,3453.762373,0,0,0,0,0
21/03/2022,9032010591,ADVERTISER7571,18071324580,CAMPAIGN54708,ADGROUP0934752,CREATIVE4353469,601912,2429,208.93637,0,0,0,0,0
22/03/2022,9032010591,ADVERTISER7571,18071324580,CAMPAIGN54708,ADGROUP0934818,CREATIVE4353469,27935,73,9.3364212,0,0,0,0,0
23/03/2022,7755139956,ADVERTISER7561,18070890888,CAMPAIGN54695,ADGROUP0934596,CREATIVE4353469,16715700,48075,4346.327996,0,0,0,0,0
24/03/2022,7755139956,ADVERTISER7561,18070890888,CAMPAIGN54695,ADGROUP0934712,CREATIVE4353469,1584387,5319,406.3355918,0,0,0,0,0
25/03/2022,7755139956,ADVERTISER7561,18070890888,CAMPAIGN54695,ADGROUP0934825,CREATIVE4353469,9276,21,2.9680562,0,0,0,0,0
26/03/2022,7562631270,ADVERTISER7636,18069841089,CAMPAIGN54863,ADGROUP0934596,CREATIVE4353469,4291196,8473,1114.5387,0,0,0,0,0
27/03/2022,7562631270,ADVERTISER7636,18069841089,CAMPAIGN54863,ADGROUP0934712,CREATIVE4353469,449579,1287,160.2295834,0,0,0,0,0
28/03/2022,7562631270,ADVERTISER7636,18069841089,CAMPAIGN54863,ADGROUP0934825,CREATIVE4353469,4289,11,1.707587,0,0,0,0,0
29/03/2022,1222057344,ADVERTISER7672,18026004185,CAMPAIGN54972,ADGROUP0934702,CREATIVE4353475,1982906,12415,942.82735,0,0,0,0,0
30/03/2022,1222057344,ADVERTISER7672,18026004185,CAMPAIGN54972,ADGROUP0934702,CREATIVE4353495,239018,461,101.8952458,0,0,0,0,0
31/03/2022,1222057344,ADVERTISER7672,18026004185,CAMPAIGN54972,ADGROUP0934702,CREATIVE4353574,135944,1191,58.983421,0,0,0,0,0
1/04/2022,1222057344,ADVERTISER7672,18026004185,CAMPAIGN54972,ADGROUP0934702,CREATIVE4353620,49814,193,22.2163384,0,0,0,0,0
2/04/2022,1222057344,ADVERTISER7672,18026004185,CAMPAIGN54972,ADGROUP0934702,CREATIVE4353619,40969,170,18.9439176,0,0,0,0,0
3/04/2022,1222057344,ADVERTISER7672,18026004185,CAMPAIGN54972,ADGROUP0934817,CREATIVE4353495,29859,99,6.2434768,0,0,0,0,0
4/04/2022,1222057344,ADVERTISER7672,18026004185,CAMPAIGN54972,ADGROUP0934817,CREATIVE4353475,19750,111,4.0503076,0,0,0,0,0
5/04/2022,1222057344,ADVERTISER7672,18026004185,CAMPAIGN54972,ADGROUP0934817,CREATIVE4353619,1949,4,0.3395278,0,0,0,0,0
6/04/2022,1222057344,ADVERTISER7672,18026004185,CAMPAIGN54972,ADGROUP0934817,CREATIVE4353574,1728,5,0.353142,0,0,0,0,0
7/04/2022,1222057344,ADVERTISER7672,18026004185,CAMPAIGN54972,ADGROUP0934817,CREATIVE4353620,1595,7,0.280401,0,0,0,0,0
8/04/2022,4103753354,ADVERTISER7649,18020717678,CAMPAIGN54891,ADGROUP0934672,CREATIVE4353475,3833223,17489,772.403875,0,0,0,0,0
9/04/2022,4103753354,ADVERTISER7649,18020717678,CAMPAIGN54891,ADGROUP0934672,CREATIVE4353495,3658559,3832,802.0018544,0,0,0,0,0
10/04/2022,4103753354,ADVERTISER7649,18020717678,CAMPAIGN54891,ADGROUP0934672,CREATIVE4353574,337100,1583,66.4067852,0,0,0,0,0
11/04/2022,4103753354,ADVERTISER7649,18020717678,CAMPAIGN54891,ADGROUP0934672,CREATIVE4353620,202353,771,39.8363246,0,0,0,0,0
12/04/2022,4103753354,ADVERTISER7649,18020717678,CAMPAIGN54891,ADGROUP0934672,CREATIVE4353619,180766,673,36.651452,0,0,0,0,0
13/04/2022,4103753354,ADVERTISER7649,18020717678,CAMPAIGN54891,ADGROUP0934810,CREATIVE4353475,81448,280,16.2193496,0,0,0,0,0
14/04/2022,4103753354,ADVERTISER7649,18020717678,CAMPAIGN54891,ADGROUP0934810,CREATIVE4353495,48114,32,10.878262,0,0,0,0,0
15/04/2022,4103753354,ADVERTISER7649,18020717678,CAMPAIGN54891,ADGROUP0934810,CREATIVE4353619,5693,12,1.1556894,0,0,0,0,0
16/04/2022,4103753354,ADVERTISER7649,18020717678,CAMPAIGN54891,ADGROUP0934810,CREATIVE4353574,3990,23,0.799191,0,0,0,0,0
17/04/2022,4103753354,ADVERTISER7649,18020717678,CAMPAIGN54891,ADGROUP0934810,CREATIVE4353620,3431,16,0.69642,0,0,0,0,0
18/04/2022,8595706786,ADVERTISER7638,18017716279,CAMPAIGN54865,ADGROUP0934663,CREATIVE4353475,4272427,43202,1820.561759,0,0,0,0,0
19/04/2022,8595706786,ADVERTISER7638,18017716279,CAMPAIGN54865,ADGROUP0934663,CREATIVE4353495,1192738,1149,526.6823388,0,0,0,0,0
20/04/2022,8595706786,ADVERTISER7638,18017716279,CAMPAIGN54865,ADGROUP0934663,CREATIVE4353574,307878,3698,110.8037794,0,0,0,0,0
21/04/2022,8595706786,ADVERTISER7638,18017716279,CAMPAIGN54865,ADGROUP0934663,CREATIVE4353620,87764,464,33.3747806,0,0,0,0,0
22/04/2022,8595706786,ADVERTISER7638,18017716279,CAMPAIGN54865,ADGROUP0934663,CREATIVE4353619,73694,480,27.3821698,0,0,0,0,0
23/04/2022,8595706786,ADVERTISER7638,18017716279,CAMPAIGN54865,ADGROUP0934702,CREATIVE4353475,42295,180,22.5272576,0,0,0,0,0
24/04/2022,8595706786,ADVERTISER7638,18017716279,CAMPAIGN54865,ADGROUP0934702,CREATIVE4353495,15685,38,3.7213742,0,0,0,0,0
25/04/2022,8595706786,ADVERTISER7638,18017716279,CAMPAIGN54865,ADGROUP0934702,CREATIVE4353574,3317,18,0.6010292,0,0,0,0,0
26/04/2022,8595706786,ADVERTISER7638,18017716279,CAMPAIGN54865,ADGROUP0934702,CREATIVE4353620,2716,6,0.2534614,0,0,0,0,0
27/04/2022,5878050160,ADVERTISER7574,18015883345,CAMPAIGN54711,ADGROUP0934602,CREATIVE4353475,14686885,79810,2703.79592,0,0,0,0,0
28/04/2022,5878050160,ADVERTISER7574,18015883345,CAMPAIGN54711,ADGROUP0934602,CREATIVE4353495,8596127,5406,1730.612525,0,0,0,0,0
29/04/2022,5878050160,ADVERTISER7574,18015883345,CAMPAIGN54711,ADGROUP0934602,CREATIVE4353574,1361771,7482,244.9399462,0,0,0,0,0
30/04/2022,5878050160,ADVERTISER7574,18015883345,CAMPAIGN54711,ADGROUP0934602,CREATIVE4353619,506001,2025,104.8562182,0,0,0,0,0
1/05/2022,5878050160,ADVERTISER7574,18015883345,CAMPAIGN54711,ADGROUP0934602,CREATIVE4353620,504767,2108,102.6720418,0,0,0,0,0
2/05/2022,5878050160,ADVERTISER7574,18015883345,CAMPAIGN54711,ADGROUP0934782,CREATIVE4353475,229450,1278,43.1475462,0,0,0,0,0
3/05/2022,5878050160,ADVERTISER7574,18015883345,CAMPAIGN54711,ADGROUP0934782,CREATIVE4353495,118458,80,27.7930226,0,0,0,0,0
4/05/2022,5878050160,ADVERTISER7574,18015883345,CAMPAIGN54711,ADGROUP0934782,CREATIVE4353574,14060,76,2.6374446,0,0,0,0,0
5/05/2022,5878050160,ADVERTISER7574,18015883345,CAMPAIGN54711,ADGROUP0934782,CREATIVE4353620,6106,17,1.1708392,0,0,0,0,0
6/05/2022,3830925405,ADVERTISER7673,18008496476,CAMPAIGN55088,ADGROUP0934771,CREATIVE4353496,318147,3074,166.9544016,0,0,0,0,0
7/05/2022,3830925405,ADVERTISER7673,18008496476,CAMPAIGN55088,ADGROUP0934811,CREATIVE4353496,73514,714,26.4274076,0,0,0,0,0
8/05/2022,3830925405,ADVERTISER7673,18008496476,CAMPAIGN55088,ADGROUP0934771,CREATIVE4353665,5660,49,1.4667588,0,0,0,0,0
9/05/2022,3830925405,ADVERTISER7673,18008496476,CAMPAIGN55088,ADGROUP0934771,CREATIVE4353656,4464,1,2.511313,0,0,0,0,0
10/05/2022,3830925405,ADVERTISER7673,18008496476,CAMPAIGN55088,ADGROUP0934811,CREATIVE4353665,1610,14,0.37096,0,0,0,0,0
11/05/2022,3830925405,ADVERTISER7673,18008496476,CAMPAIGN55088,ADGROUP0934771,CREATIVE4353706,778,1,0.2817632,0,0,0,0,0
12/05/2022,3830925405,ADVERTISER7673,18008496476,CAMPAIGN55088,ADGROUP0934771,CREATIVE4353707,744,0,0.2781024,0,0,0,0,0
13/05/2022,3830925405,ADVERTISER7673,18008496476,CAMPAIGN55088,ADGROUP0934771,CREATIVE4353711,212,2,0.0876794,0,0,0,0,0
14/05/2022,9902684844,ADVERTISER7549,18003055351,CAMPAIGN54943,ADGROUP0934586,CREATIVE4353496,2664918,24474,1676.065513,0,0,0,0,0
15/05/2022,9902684844,ADVERTISER7549,18003055351,CAMPAIGN54943,ADGROUP0934770,CREATIVE4353496,321301,3307,170.34737,0,0,0,0,0
16/05/2022,4590666199,ADVERTISER7640,17999231958,CAMPAIGN54941,ADGROUP0934689,CREATIVE4353496,2703842,21876,1733.176189,0,0,0,0,0
17/05/2022,4590666199,ADVERTISER7640,17999231958,CAMPAIGN54941,ADGROUP0934730,CREATIVE4353496,1020251,8213,457.0213142,0,0,0,0,0
18/05/2022,4590666199,ADVERTISER7640,17999231958,CAMPAIGN54941,ADGROUP0934689,CREATIVE4353665,35640,154,7.96599,0,0,0,0,0
19/05/2022,4590666199,ADVERTISER7640,17999231958,CAMPAIGN54941,ADGROUP0934730,CREATIVE4353665,2361,10,0.3883578,0,0,0,0,0
20/05/2022,2708962466,ADVERTISER7648,17962945366,CAMPAIGN55019,ADGROUP0934618,CREATIVE4353579,1129154,55,621.316087,0,0,0,0,0
21/05/2022,2708962466,ADVERTISER7648,17961522384,CAMPAIGN55011,ADGROUP0934618,CREATIVE4353575,1310163,3597,582.6950566,0,0,0,0,0
22/05/2022,2708962466,ADVERTISER7648,17961522384,CAMPAIGN55011,ADGROUP0934618,CREATIVE4353579,598337,1388,270.407564,0,0,0,0,0
23/05/2022,2708962466,ADVERTISER7648,17961522384,CAMPAIGN55011,ADGROUP0934618,CREATIVE4353596,95350,536,51.179206,0,0,0,0,0
24/05/2022,5374370160,ADVERTISER7558,17957812924,CAMPAIGN54871,ADGROUP0934585,CREATIVE4353488,4189760,6508,2109.749132,0,0,0,0,0
25/05/2022,5374370160,ADVERTISER7558,17957812924,CAMPAIGN54871,ADGROUP0934698,CREATIVE4353488,1071136,2058,513.4358266,0,0,0,0,0
26/05/2022,5374370160,ADVERTISER7558,17957812924,CAMPAIGN54871,ADGROUP0934585,CREATIVE4353596,168634,559,35.7949204,0,0,0,0,0
27/05/2022,5374370160,ADVERTISER7558,17957812924,CAMPAIGN54871,ADGROUP0934698,CREATIVE4353596,36745,124,10.7588112,0,0,0,0,0
28/05/2022,5374370160,ADVERTISER7558,17957812924,CAMPAIGN54871,ADGROUP0934585,CREATIVE4353467,4354,17,3.0009466,0,0,0,0,0
29/05/2022,5374370160,ADVERTISER7558,17957812924,CAMPAIGN54871,ADGROUP0934585,CREATIVE4353614,140,2,0.0959078,0,0,0,0,0
30/05/2022,5374370160,ADVERTISER7558,17956514058,CAMPAIGN54985,ADGROUP0934585,CREATIVE4353488,1739542,152,906.29701,0,0,0,0,0
31/05/2022,5374370160,ADVERTISER7558,17956514058,CAMPAIGN54985,ADGROUP0934698,CREATIVE4353488,1490002,125,796.3845446,0,0,0,0,0
1/06/2022,2069933731,ADVERTISER7634,17740685918,CAMPAIGN54858,ADGROUP0934659,CREATIVE4353524,4434545,39084,870.2893654,0,0,0,0,0
2/06/2022,2069933731,ADVERTISER7634,17740685918,CAMPAIGN54858,ADGROUP0934599,CREATIVE4353473,1144661,4363,219.3132216,0,0,0,0,0
3/06/2022,2069933731,ADVERTISER7634,17740685918,CAMPAIGN54858,ADGROUP0934659,CREATIVE4353585,896853,8640,203.0965984,379308,361241.5962,178347.3333,159942.9938,225999.3405
4/06/2022,2069933731,ADVERTISER7634,17740685918,CAMPAIGN54858,ADGROUP0934707,CREATIVE4353602,494985,1483,70.8444394,290702,277979.5846,182074.6544,171937.9827,200895.8183
5/06/2022,2069933731,ADVERTISER7634,17740685918,CAMPAIGN54858,ADGROUP0934659,CREATIVE4353657,163259,1786,52.3842714,49206,45744.31327,17676.1822,15801.12738,21651.33529
6/06/2022,2069933731,ADVERTISER7634,17740685918,CAMPAIGN54858,ADGROUP0934795,CREATIVE4353524,151236,822,34.1264898,0,0,0,0,0
7/06/2022,2069933731,ADVERTISER7634,17740685918,CAMPAIGN54858,ADGROUP0934599,CREATIVE4353495,103902,321,20.756743,0,0,0,0,0
8/06/2022,2069933731,ADVERTISER7634,17740685918,CAMPAIGN54858,ADGROUP0934795,CREATIVE4353585,63267,317,14.5057052,32609,31209.58576,18272.05144,16945.7325,21486.83175
9/06/2022,2069933731,ADVERTISER7634,17740685918,CAMPAIGN54858,ADGROUP0934762,CREATIVE4353631,21925,140,5.3581168,9611,8315.651995,4542.265998,4156.949282,5197.172908
10/06/2022,2069933731,ADVERTISER7634,17740685918,CAMPAIGN54858,ADGROUP0934762,CREATIVE4353639,21598,94,4.8543184,10631,9667.230299,5644.796185,5220.50125,6348.180711
11/06/2022,2069933731,ADVERTISER7634,17740685918,CAMPAIGN54858,ADGROUP0934795,CREATIVE4353657,4171,18,1.5214502,2040,1930.252617,1068.92132,1001.534597,1207.675156
12/06/2022,2069933731,ADVERTISER7634,17740685918,CAMPAIGN54858,ADGROUP0934762,CREATIVE4353687,2315,13,0.5182358,1238,1115.536933,706.4354212,656.7015119,783.9775378
13/06/2022,2069933731,ADVERTISER7634,17740685918,CAMPAIGN54858,ADGROUP0934762,CREATIVE4353678,2122,6,0.5170622,1048,945.2742696,563.5098963,515.604147,637.5909519
14/06/2022,2069933731,ADVERTISER7634,17740685918,CAMPAIGN54858,ADGROUP0934762,CREATIVE4353700,1517,4,0.3725666,759,684.4508899,411.2709295,383.252472,463.3052076
15/06/2022,2069933731,ADVERTISER7634,17740685918,CAMPAIGN54858,ADGROUP0934795,CREATIVE4353639,218,0,0.0478564,119,110.8119266,70.41743119,67.14220183,75.33027523
16/06/2022,2069933731,ADVERTISER7634,17740685918,CAMPAIGN54858,ADGROUP0934795,CREATIVE4353631,120,0,0.0328788,61,57.44166667,33.04166667,31.51666667,34.05833333
17/06/2022,2069933731,ADVERTISER7634,17740685918,CAMPAIGN54858,ADGROUP0934795,CREATIVE4353687,79,1,0.0164628,38,33.18987342,20.20253165,17.79746835,23.08860759
18/06/2022,2069933731,ADVERTISER7634,17740685918,CAMPAIGN54858,ADGROUP0934795,CREATIVE4353678,43,0,0.0123812,24,20.65116279,15.06976744,13.95348837,16.18604651
19/06/2022,2069933731,ADVERTISER7634,17740685918,CAMPAIGN54858,ADGROUP0934795,CREATIVE4353700,30,0,0.010996,14,12.6,7.466666667,6.533333333,9.8
20/06/2022,9139885703,ADVERTISER7594,17740396277,CAMPAIGN54781,ADGROUP0934628,CREATIVE4353473,7594576,26519,1334.181857,0,0,0,0,0
21/06/2022,9139885703,ADVERTISER7594,17740396277,CAMPAIGN54781,ADGROUP0934715,CREATIVE4353561,1171737,2827,176.510971,772629,747824.8216,540070.0643,511269.2386,589661.8551
22/06/2022,9139885703,ADVERTISER7594,17740396277,CAMPAIGN54781,ADGROUP0934628,CREATIVE4353495,895902,2943,179.7736106,0,0,0,0,0
23/06/2022,8961298690,ADVERTISER7641,17740136063,CAMPAIGN54869,ADGROUP0934597,CREATIVE4353471,4244964,19984,839.7682356,291409,277769.524,265860.1461,263926.9786,271384.302
24/06/2022,6825237396,ADVERTISER7656,17740054772,CAMPAIGN54918,ADGROUP0934597,CREATIVE4353471,3195815,13289,706.8838858,261458,250898.1167,239804.8318,238692.7702,244283.2608
25/06/2022,4201124660,ADVERTISER7645,17739375242,CAMPAIGN54899,ADGROUP0934605,CREATIVE4353476,3632563,14375,645.4566828,3242682,3081915.364,2928482.237,2915005.153,2986923.992
26/06/2022,4201124660,ADVERTISER7645,17739375242,CAMPAIGN54899,ADGROUP0934603,CREATIVE4353476,3232418,9973,585.8791584,2650731,2517513.207,2227684.329,2187790.97,2330697.154
27/06/2022,4201124660,ADVERTISER7645,17739375242,CAMPAIGN54899,ADGROUP0934685,CREATIVE4353476,410577,1301,69.1606952,248570,237190.9525,161639.4815,150661.07,186136.5791
28/06/2022,1098380605,ADVERTISER7578,17739283640,CAMPAIGN54794,ADGROUP0934605,CREATIVE4353476,7152194,60288,1540.579225,6464819,6233093.082,5956337.714,5908747.249,6078303.669
29/06/2022,1098380605,ADVERTISER7578,17739283640,CAMPAIGN54794,ADGROUP0934603,CREATIVE4353476,4748816,21980,1105.044196,4071764,3884904.671,3568809.771,3519761.232,3692856.468
30/06/2022,1098380605,ADVERTISER7578,17739283640,CAMPAIGN54794,ADGROUP0934685,CREATIVE4353476,1010691,4747,252.9736366,541662,492295.652,321222.181,292086.2314,380230.3221
1/07/2022,5305001139,ADVERTISER7579,17738204603,CAMPAIGN54738,ADGROUP0934616,CREATIVE4353478,10747253,53718,2374.408534,5085949,4881252.702,2879135.616,2420030.716,4666323.38
2/07/2022,5305001139,ADVERTISER7579,17738204603,CAMPAIGN54738,ADGROUP0934605,CREATIVE4353476,72,0,0.0225696,63,61.25,56,56,57.75
3/07/2022,5305001139,ADVERTISER7579,17738204603,CAMPAIGN54738,ADGROUP0934603,CREATIVE4353476,47,0,0.0133516,38,37.19148936,32.34042553,30.72340426,34.76595745
4/07/2022,5305001139,ADVERTISER7579,17738204603,CAMPAIGN54738,ADGROUP0934685,CREATIVE4353476,4,0,0.0033194,0,0,0,0,0
5/07/2022,5907301713,ADVERTISER7575,17738026454,CAMPAIGN54770,ADGROUP0934634,CREATIVE4353478,8259056,22407,1454.143467,4815788,4666806.984,3290072.077,2816380.932,4567852.301
6/07/2022,5907301713,ADVERTISER7575,17737997984,CAMPAIGN54712,ADGROUP0934603,CREATIVE4353476,14386237,55862,2449.799125,12311477,11815270.47,10805767.22,10627362.88,11203592.04
7/07/2022,5907301713,ADVERTISER7575,17737997984,CAMPAIGN54712,ADGROUP0934605,CREATIVE4353476,13997974,64831,2365.888435,12703056,12202413.32,11699232.8,11635949.06,11907601.95
8/07/2022,5907301713,ADVERTISER7575,17737997984,CAMPAIGN54712,ADGROUP0934685,CREATIVE4353476,2790874,14142,1005.522325,1555596,1447128.781,938357.7863,863251.8797,1102402.172
9/07/2022,8458271135,ADVERTISER7637,17731970767,CAMPAIGN54961,ADGROUP0934697,CREATIVE4353514,2222083,17450,361.3324076,104091,100034.1721,90166.00633,89134.17796,93385.04467
10/07/2022,8458271135,ADVERTISER7637,17731970767,CAMPAIGN54961,ADGROUP0934708,CREATIVE4353564,1626260,10964,460.8304522,425362,392867.1581,125822.9789,111369.8255,158035.8625
11/07/2022,8458271135,ADVERTISER7637,17731970767,CAMPAIGN54961,ADGROUP0934713,CREATIVE4353526,1567252,3895,472.9472118,0,0,0,0,0
12/07/2022,8458271135,ADVERTISER7637,17731970767,CAMPAIGN54961,ADGROUP0934758,CREATIVE4353564,546597,3617,146.532239,67060,60025.27317,10142.77253,7980.846204,15422.10381
13/07/2022,8458271135,ADVERTISER7637,17731970767,CAMPAIGN54961,ADGROUP0934762,CREATIVE4353631,396264,3360,85.4864092,103513,85009.05599,30124.41875,26130.06831,38098.75241
14/07/2022,8458271135,ADVERTISER7637,17731970767,CAMPAIGN54961,ADGROUP0934762,CREATIVE4353639,312678,2286,66.1853116,87264,74403.16666,27494.14081,24059.71055,34358.81504
15/07/2022,8458271135,ADVERTISER7637,17731970767,CAMPAIGN54961,ADGROUP0934762,CREATIVE4353678,86014,708,16.6950354,28122,23763.79947,10345.57684,8986.459088,12431.82421
16/07/2022,8458271135,ADVERTISER7637,17731970767,CAMPAIGN54961,ADGROUP0934697,CREATIVE4353636,83948,618,20.0727698,33725,31864.33141,15436.80469,14199.20242,17938.27003
17/07/2022,8458271135,ADVERTISER7637,17731970767,CAMPAIGN54961,ADGROUP0934762,CREATIVE4353687,81048,563,15.7495902,25091,20646.33157,8648.791667,7595.284202,10488.01819
18/07/2022,8458271135,ADVERTISER7637,17731970767,CAMPAIGN54961,ADGROUP0934762,CREATIVE4353700,33074,261,6.7429464,9982,8378.795549,3358.821975,2967.376912,4135.675939
19/07/2022,8458271135,ADVERTISER7637,17731970767,CAMPAIGN54961,ADGROUP0934708,CREATIVE4353639,11622,57,2.0275936,5886,5334.978833,3245.352607,2977.945276,3691.031492
20/07/2022,8458271135,ADVERTISER7637,17731970767,CAMPAIGN54961,ADGROUP0934708,CREATIVE4353700,3357,24,0.6301984,1523,1346.065237,750.3848674,688.2308609,855.1846887
21/07/2022,8458271135,ADVERTISER7637,17731970767,CAMPAIGN54961,ADGROUP0934708,CREATIVE4353631,3012,20,0.5955554,1373,1209.808101,679.2065073,619.0351926,775.3894422
22/07/2022,8458271135,ADVERTISER7637,17731970767,CAMPAIGN54961,ADGROUP0934708,CREATIVE4353687,1769,6,0.3102504,939,834.9615602,536.6472583,498.9598643,601.9366874
23/07/2022,8458271135,ADVERTISER7637,17731970767,CAMPAIGN54961,ADGROUP0934708,CREATIVE4353678,1449,5,0.2641922,742,664.6763285,414.7826087,378.4251208,468.5507246
24/07/2022,2444114321,ADVERTISER7623,17731965826,CAMPAIGN54897,ADGROUP0934675,CREATIVE4353514,3697600,12618,747.811386,0,0,0,0,0
25/07/2022,2444114321,ADVERTISER7623,17731965826,CAMPAIGN54897,ADGROUP0934659,CREATIVE4353524,1514086,9976,286.126361,0,0,0,0,0
26/07/2022,2444114321,ADVERTISER7623,17731965826,CAMPAIGN54897,ADGROUP0934659,CREATIVE4353585,335735,2549,53.2760126,202590,195431.5217,132258.4034,123729.6647,152051.433
27/07/2022,2444114321,ADVERTISER7623,17731965826,CAMPAIGN54897,ADGROUP0934795,CREATIVE4353524,83107,480,15.1500468,0,0,0,0,0
28/07/2022,2444114321,ADVERTISER7623,17731965826,CAMPAIGN54897,ADGROUP0934795,CREATIVE4353585,44808,150,5.7649964,32405,31577.95874,24750.42592,23537.87083,27084.10586
29/07/2022,2444114321,ADVERTISER7623,17731965826,CAMPAIGN54897,ADGROUP0934659,CREATIVE4353657,15556,93,4.0885814,7465,7104.552194,3990.061312,3698.802609,4512.967321
30/07/2022,2444114321,ADVERTISER7623,17731965826,CAMPAIGN54897,ADGROUP0934762,CREATIVE4353631,6276,82,1.8646484,2311,1944.981198,934.1948693,827.776928,1117.20427
31/07/2022,2444114321,ADVERTISER7623,17731965826,CAMPAIGN54897,ADGROUP0934762,CREATIVE4353639,3215,20,0.5860408,1678,1540.210886,951.9975117,878.9275272,1076.738414
1/08/2022,2444114321,ADVERTISER7623,17731965826,CAMPAIGN54897,ADGROUP0934762,CREATIVE4353687,1752,12,0.370669,838,739.946347,437.1757991,395.5627854,498.8778539
2/08/2022,2444114321,ADVERTISER7623,17731965826,CAMPAIGN54897,ADGROUP0934795,CREATIVE4353657,1204,6,0.2590504,704,669.5296883,447.5039346,420.8977006,492.8929995
3/08/2022,2444114321,ADVERTISER7623,17731965826,CAMPAIGN54897,ADGROUP0934829,CREATIVE4353514,896,3,0.1527544,0,0,0,0,0
4/08/2022,2444114321,ADVERTISER7623,17731965826,CAMPAIGN54897,ADGROUP0934762,CREATIVE4353700,717,4,0.168536,305,272.6708508,146.7573222,128.4658298,178.6610879
5/08/2022,2444114321,ADVERTISER7623,17731965826,CAMPAIGN54897,ADGROUP0934762,CREATIVE4353678,621,7,0.1609284,252,216.6956522,110.7826087,101.4492754,133.9130435
6/08/2022,2444114321,ADVERTISER7623,17731965826,CAMPAIGN54897,ADGROUP0934795,CREATIVE4353687,257,1,0.0365292,144,131.1128405,86.28793774,81.24513619,96.93385214
7/08/2022,2444114321,ADVERTISER7623,17731965826,CAMPAIGN54897,ADGROUP0934795,CREATIVE4353639,114,0,0.0173558,64,61.19298246,40.42105263,36.49122807,46.03508772
8/08/2022,2444114321,ADVERTISER7623,17731965826,CAMPAIGN54897,ADGROUP0934795,CREATIVE4353631,88,1,0.0140646,51,44.625,30.13636364,28.97727273,34.77272727
9/08/2022,2444114321,ADVERTISER7623,17731965826,CAMPAIGN54897,ADGROUP0934795,CREATIVE4353678,60,0,0.0083594,40,36.66666667,28,27.33333333,31.33333333
10/08/2022,2444114321,ADVERTISER7623,17731965826,CAMPAIGN54897,ADGROUP0934795,CREATIVE4353700,27,0,0.0034432,18,16.66666667,14.66666667,12.66666667,16
11/08/2022,2983210886,ADVERTISER7655,17731864204,CAMPAIGN54954,ADGROUP0934599,CREATIVE4353473,2389863,13886,449.7387966,0,0,0,0,0
12/08/2022,2983210886,ADVERTISER7655,17731864204,CAMPAIGN54954,ADGROUP0934737,CREATIVE4353592,859032,6017,199.428931,432482,405160.175,235995.1733,218055.4978,269688.2688
13/08/2022,2983210886,ADVERTISER7655,17731864204,CAMPAIGN54954,ADGROUP0934737,CREATIVE4353561,294219,1127,46.69969,180016,172283.1612,117848.8214,110754.6798,130578.797
14/08/2022,2983210886,ADVERTISER7655,17731864204,CAMPAIGN54954,ADGROUP0934599,CREATIVE4353495,217472,1066,43.0200066,0,0,0,0,0
15/08/2022,2983210886,ADVERTISER7655,17731864204,CAMPAIGN54954,ADGROUP0934796,CREATIVE4353592,61240,405,14.4456688,27334,25473.80348,13566.27635,12397.44237,15827.54829
16/08/2022,2983210886,ADVERTISER7655,17731864204,CAMPAIGN54954,ADGROUP0934762,CREATIVE4353639,58163,391,10.594183,28082,25480.10708,14932.03607,13543.45859,17324.38705
17/08/2022,2983210886,ADVERTISER7655,17731864204,CAMPAIGN54954,ADGROUP0934762,CREATIVE4353631,39385,459,7.7120218,18356,16352.84936,9334.831129,8388.717634,10811.79353
18/08/2022,2983210886,ADVERTISER7655,17731864204,CAMPAIGN54954,ADGROUP0934762,CREATIVE4353700,15010,136,2.6649458,6696,6036.214257,3339.524051,2976.842638,3897.152298
19/08/2022,2983210886,ADVERTISER7655,17731864204,CAMPAIGN54954,ADGROUP0934762,CREATIVE4353687,6294,38,0.994596,3420,3099.408961,2026.787417,1840.409914,2293.040991
20/08/2022,2983210886,ADVERTISER7655,17731864204,CAMPAIGN54954,ADGROUP0934796,CREATIVE4353639,5345,25,0.9873466,2460,2241.844715,1251.861553,1129.8971,1474.61927
21/08/2022,2983210886,ADVERTISER7655,17731864204,CAMPAIGN54954,ADGROUP0934796,CREATIVE4353631,5191,27,0.9857996,2476,2232.740512,1294.522057,1172.892314,1497.715276
22/08/2022,2983210886,ADVERTISER7655,17731864204,CAMPAIGN54954,ADGROUP0934796,CREATIVE4353687,4357,13,0.660386,2395,2189.965573,1428.64471,1321.45513,1627.082855
23/08/2022,2983210886,ADVERTISER7655,17731864204,CAMPAIGN54954,ADGROUP0934762,CREATIVE4353678,3352,34,0.6231074,1755,1581.698986,985.3550119,901.5841289,1107.34636
24/08/2022,2983210886,ADVERTISER7655,17731864204,CAMPAIGN54954,ADGROUP0934796,CREATIVE4353700,767,3,0.1350866,350,320.7953064,179.3350717,162.9074316,215.3846154
25/08/2022,2983210886,ADVERTISER7655,17731864204,CAMPAIGN54954,ADGROUP0934796,CREATIVE4353678,649,3,0.1100778,344,315.3775039,206.7180277,181.8058552,230.5701079
26/08/2022,2020054642,ADVERTISER7568,17731829653,CAMPAIGN54727,ADGROUP0934599,CREATIVE4353473,11920723,51817,2573.625627,0,0,0,0,0
27/08/2022,2020054642,ADVERTISER7568,17731829653,CAMPAIGN54727,ADGROUP0934659,CREATIVE4353524,2775060,24950,480.2894134,0,0,0,0,0
28/08/2022,2020054642,ADVERTISER7568,17731829653,CAMPAIGN54727,ADGROUP0934599,CREATIVE4353495,1151939,4437,271.5257734,0,0,0,0,0
29/08/2022,2020054642,ADVERTISER7568,17731829653,CAMPAIGN54727,ADGROUP0934659,CREATIVE4353585,827624,6126,121.074821,522605,504485.5188,349266.9963,328625.2316,397146.3955
30/08/2022,2020054642,ADVERTISER7568,17731829653,CAMPAIGN54727,ADGROUP0934707,CREATIVE4353561,814557,1884,168.2706278,508019,489471.8886,334391.3445,317900.4896,365525.142
31/08/2022,2020054642,ADVERTISER7568,17731829653,CAMPAIGN54727,ADGROUP0934795,CREATIVE4353524,131887,660,23.3983416,0,0,0,0,0
1/09/2022,2020054642,ADVERTISER7568,17731829653,CAMPAIGN54727,ADGROUP0934795,CREATIVE4353585,130842,288,17.7812844,98779,96380.82763,77538.22453,74631.49375,83739.8761
2/09/2022,2020054642,ADVERTISER7568,17731829653,CAMPAIGN54727,ADGROUP0934659,CREATIVE4353657,52775,213,10.2028936,27406,26038.64037,15667.59658,14662.22592,17499.86377
3/09/2022,2020054642,ADVERTISER7568,17731829653,CAMPAIGN54727,ADGROUP0934762,CREATIVE4353631,7678,78,2.3872788,2952,2464.870018,1229.551446,1112.286533,1439.859338
4/09/2022,2020054642,ADVERTISER7568,17731829653,CAMPAIGN54727,ADGROUP0934762,CREATIVE4353639,4908,12,0.8281712,3299,3101.382641,2337.127751,2222.187042,2493.742869
5/09/2022,2020054642,ADVERTISER7568,17731829653,CAMPAIGN54727,ADGROUP0934762,CREATIVE4353687,1882,11,0.4191916,1064,954.8862912,654.1168969,598.7120085,709.5217853
6/09/2022,2020054642,ADVERTISER7568,17731829653,CAMPAIGN54727,ADGROUP0934795,CREATIVE4353657,1524,4,0.285169,1026,986.028288,738.5760298,713.5339938,792.5950984
7/09/2022,2020054642,ADVERTISER7568,17731829653,CAMPAIGN54727,ADGROUP0934762,CREATIVE4353700,1277,8,0.3539922,549,484.5129209,264.3970243,234.7329679,303.9490995
8/09/2022,2020054642,ADVERTISER7568,17731829653,CAMPAIGN54727,ADGROUP0934795,CREATIVE4353631,1124,2,0.1878122,646,604.044484,398.2900356,371.2775801,440.8202847
9/09/2022,2020054642,ADVERTISER7568,17731829653,CAMPAIGN54727,ADGROUP0934795,CREATIVE4353700,1035,1,0.1651596,547,508.9478261,314.9874396,289.6193237,357.7961353
10/09/2022,2020054642,ADVERTISER7568,17731829653,CAMPAIGN54727,ADGROUP0934762,CREATIVE4353678,628,6,0.2005148,266,222.3726115,121.9872611,111.3980892,141.8949045
11/09/2022,2020054642,ADVERTISER7568,17731829653,CAMPAIGN54727,ADGROUP0934795,CREATIVE4353639,620,2,0.0972034,352,329.2903226,213.4709677,199.8451613,239.0193548
12/09/2022,2020054642,ADVERTISER7568,17731829653,CAMPAIGN54727,ADGROUP0934795,CREATIVE4353687,599,1,0.0824578,399,372.3555927,283.7629382,269.7746244,305.0784641
13/09/2022,2020054642,ADVERTISER7568,17731829653,CAMPAIGN54727,ADGROUP0934795,CREATIVE4353678,87,1,0.0148032,50,45.97701149,31.03448276,28.73563218,35.05747126
14/09/2022,2517480813,ADVERTISER7583,17731825195,CAMPAIGN54764,ADGROUP0934625,CREATIVE4353473,8642642,28610,1427.255437,0,0,0,0,0
15/09/2022,2517480813,ADVERTISER7583,17731825195,CAMPAIGN54764,ADGROUP0934625,CREATIVE4353495,862969,2566,146.6438844,0,0,0,0,0
16/09/2022,2517480813,ADVERTISER7583,17731825195,CAMPAIGN54764,ADGROUP0934707,CREATIVE4353567,424605,278,46.078938,312011,306119.7679,239459.3243,230086.5669,256103.8185
17/09/2022,8983780819,ADVERTISER7608,17731625446,CAMPAIGN54934,ADGROUP0934599,CREATIVE4353473,2771745,8299,600.5955566,0,0,0,0,0
18/09/2022,8983780819,ADVERTISER7608,17731625446,CAMPAIGN54934,ADGROUP0934722,CREATIVE4353524,1299619,4641,257.2450588,0,0,0,0,0
19/09/2022,8983780819,ADVERTISER7608,17731625446,CAMPAIGN54934,ADGROUP0934707,CREATIVE4353561,1078676,2432,195.4024982,603376,571971.0079,359608.9901,338965.9992,398648.1409
20/09/2022,8983780819,ADVERTISER7608,17731625446,CAMPAIGN54934,ADGROUP0934722,CREATIVE4353585,277321,685,42.732547,182840,176012.8342,128093.8857,121602.8228,142679.7009
21/09/2022,8983780819,ADVERTISER7608,17731625446,CAMPAIGN54934,ADGROUP0934599,CREATIVE4353495,273826,687,61.9979378,0,0,0,0,0
22/09/2022,8983780819,ADVERTISER7608,17731625446,CAMPAIGN54934,ADGROUP0934796,CREATIVE4353524,110336,325,21.1804066,0,0,0,0,0
23/09/2022,8983780819,ADVERTISER7608,17731625446,CAMPAIGN54934,ADGROUP0934599,CREATIVE4353524,63605,183,14.4947082,0,0,0,0,0
24/09/2022,8983780819,ADVERTISER7608,17731625446,CAMPAIGN54934,ADGROUP0934707,CREATIVE4353585,51144,169,12.1767916,18924,17846.51901,7885.370014,6990.675974,10298.23182
25/09/2022,8983780819,ADVERTISER7608,17731625446,CAMPAIGN54934,ADGROUP0934796,CREATIVE4353585,28335,49,4.4392886,18008,17291.54002,12324.61259,11702.24911,13694.50431
26/09/2022,8983780819,ADVERTISER7608,17731625446,CAMPAIGN54934,ADGROUP0934722,CREATIVE4353657,12837,39,2.7630492,6616,6247.609987,3685.93575,3462.758636,4110.346482
27/09/2022,8983780819,ADVERTISER7608,17731625446,CAMPAIGN54934,ADGROUP0934762,CREATIVE4353631,8467,43,2.0044528,3616,3129.567497,1679.665525,1529.764025,1950.427778
28/09/2022,8983780819,ADVERTISER7608,17731625446,CAMPAIGN54934,ADGROUP0934762,CREATIVE4353639,6033,16,1.1982388,3231,2980.360517,1898.540527,1735.731974,2118.653406
29/09/2022,8983780819,ADVERTISER7608,17731625446,CAMPAIGN54934,ADGROUP0934707,CREATIVE4353657,5521,16,1.4151446,2078,1904.488317,861.912697,780.6143815,1020.745517
30/09/2022,8983780819,ADVERTISER7608,17731625446,CAMPAIGN54934,ADGROUP0934762,CREATIVE4353700,5494,14,1.1625992,2261,2060.991627,1067.122861,930.9031671,1255.196578
1/10/2022,8983780819,ADVERTISER7608,17731625446,CAMPAIGN54934,ADGROUP0934762,CREATIVE4353687,1418,3,0.279185,814,735.9294781,501.1438646,464.4047955,543.0493653
2/10/2022,8983780819,ADVERTISER7608,17731625446,CAMPAIGN54934,ADGROUP0934762,CREATIVE4353678,765,4,0.1710094,359,317.703268,184.427451,166.1254902,206.0143791
3/10/2022,8983780819,ADVERTISER7608,17731625446,CAMPAIGN54934,ADGROUP0934796,CREATIVE4353657,609,0,0.1827666,275,255.4619783,139.3140842,127.864494,157.7274633
4/10/2022,8983780819,ADVERTISER7608,17731625446,CAMPAIGN54934,ADGROUP0934796,CREATIVE4353631,218,0,0.0403302,104,89.68807339,54.86238532,50.09174312,63.9266055
5/10/2022,8983780819,ADVERTISER7608,17731625446,CAMPAIGN54934,ADGROUP0934796,CREATIVE4353687,168,0,0.0282078,93,86.35714286,58.67857143,53.14285714,66.98214286
6/10/2022,8983780819,ADVERTISER7608,17731625446,CAMPAIGN54934,ADGROUP0934796,CREATIVE4353639,99,0,0.017772,52,47.7979798,28.88888889,26.78787879,33.09090909
7/10/2022,8983780819,ADVERTISER7608,17731625446,CAMPAIGN54934,ADGROUP0934796,CREATIVE4353700,49,0,0.0090066,26,25.46938776,14.32653061,13.79591837,15.91836735
8/10/2022,8983780819,ADVERTISER7608,17731625446,CAMPAIGN54934,ADGROUP0934796,CREATIVE4353678,14,0,0.0024018,9,9,5.785714286,5.142857143,6.428571429
9/10/2022,3886478754,ADVERTISER7639,17731223919,CAMPAIGN54919,ADGROUP0934664,CREATIVE4353473,3183803,11592,600.9556472,0,0,0,0,0
10/10/2022,3886478754,ADVERTISER7639,17731223919,CAMPAIGN54919,ADGROUP0934659,CREATIVE4353524,1547181,8639,301.0415966,0,0,0,0,0
11/10/2022,3886478754,ADVERTISER7639,17731223919,CAMPAIGN54919,ADGROUP0934707,CREATIVE4353561,654996,1589,93.6532014,433597,417866.2541,303196.6174,288117.2725,329972.1954
12/10/2022,3886478754,ADVERTISER7639,17731223919,CAMPAIGN54919,ADGROUP0934659,CREATIVE4353585,492431,3179,78.9376254,292847,281285.6809,187520.0179,175484.2621,216066.4737
13/10/2022,3886478754,ADVERTISER7639,17731223919,CAMPAIGN54919,ADGROUP0934664,CREATIVE4353495,274993,813,54.7211308,0,0,0,0,0
14/10/2022,3886478754,ADVERTISER7639,17731223919,CAMPAIGN54919,ADGROUP0934795,CREATIVE4353524,128575,573,23.8741254,0,0,0,0,0
15/10/2022,3886478754,ADVERTISER7639,17731223919,CAMPAIGN54919,ADGROUP0934795,CREATIVE4353585,91765,318,12.8356002,61218,59239.0525,43183.21856,41001.55251,48240.9877
16/10/2022,3886478754,ADVERTISER7639,17731223919,CAMPAIGN54919,ADGROUP0934659,CREATIVE4353657,22265,86,4.9677464,10694,10129.97551,5747.236711,5334.81527,6504.924177
17/10/2022,3886478754,ADVERTISER7639,17731223919,CAMPAIGN54919,ADGROUP0934762,CREATIVE4353639,10932,92,1.6646702,5517,5110.239846,3016.383919,2764.051317,3465.53595
18/10/2022,3886478754,ADVERTISER7639,17731223919,CAMPAIGN54919,ADGROUP0934762,CREATIVE4353631,4957,51,1.1145802,2216,1924.079887,1061.283841,965.6163002,1225.349203
19/10/2022,3886478754,ADVERTISER7639,17731223919,CAMPAIGN54919,ADGROUP0934762,CREATIVE4353687,4225,28,0.781642,2005,1791.449704,1037.854438,940.095858,1177.373964
20/10/2022,3886478754,ADVERTISER7639,17731223919,CAMPAIGN54919,ADGROUP0934795,CREATIVE4353657,1954,6,0.325006,1254,1199.526253,859.1171668,815.3240781,924.9575645
21/10/2022,3886478754,ADVERTISER7639,17731223919,CAMPAIGN54919,ADGROUP0934762,CREATIVE4353700,1610,18,0.287118,642,579.3950311,281.9217391,252.0149068,340.9378882
22/10/2022,3886478754,ADVERTISER7639,17731223919,CAMPAIGN54919,ADGROUP0934762,CREATIVE4353678,1063,11,0.2043486,516,462.1185325,275.2323612,246.1072437,310.1825024
23/10/2022,3886478754,ADVERTISER7639,17731223919,CAMPAIGN54919,ADGROUP0934795,CREATIVE4353639,733,1,0.128853,333,304.8335607,169.9072306,154.9154161,194.4392906
24/10/2022,3886478754,ADVERTISER7639,17731223919,CAMPAIGN54919,ADGROUP0934795,CREATIVE4353687,595,1,0.0892574,345,320.0672269,214.5378151,197.1428571,234.8319328
25/10/2022,3886478754,ADVERTISER7639,17731223919,CAMPAIGN54919,ADGROUP0934795,CREATIVE4353631,399,2,0.0661308,228,212,143.4285714,129.1428571,156.5714286
26/10/2022,3886478754,ADVERTISER7639,17731223919,CAMPAIGN54919,ADGROUP0934795,CREATIVE4353678,91,0,0.0137296,44,41.0989011,25.62637363,21.75824176,29.01098901
27/10/2022,3886478754,ADVERTISER7639,17731223919,CAMPAIGN54919,ADGROUP0934795,CREATIVE4353700,84,0,0.0148252,36,34.28571429,16.28571429,15.42857143,18.85714286
28/10/2022,3563366937,ADVERTISER7619,17731180731,CAMPAIGN54811,ADGROUP0934625,CREATIVE4353473,6189313,33112,1271.489022,0,0,0,0,0
29/10/2022,3563366937,ADVERTISER7619,17731180731,CAMPAIGN54811,ADGROUP0934700,CREATIVE4353556,2064370,13567,535.3218614,1002098,941111.7672,527663.3761,486612.0346,605172.3094
30/10/2022,3563366937,ADVERTISER7619,17731180731,CAMPAIGN54811,ADGROUP0934700,CREATIVE4353561,832789,3123,180.3696492,452848,433233.1197,265669.4271,246996.6291,300281.4808
31/10/2022,3563366937,ADVERTISER7619,17731180731,CAMPAIGN54811,ADGROUP0934625,CREATIVE4353495,631721,3102,135.1785154,0,0,0,0,0
1/11/2022,3563366937,ADVERTISER7619,17731180731,CAMPAIGN54811,ADGROUP0934762,CREATIVE4353631,156918,1285,31.4974492,78147,70247.53841,42141.75009,38361.34327,48350.95997
2/11/2022,3563366937,ADVERTISER7619,17731180731,CAMPAIGN54811,ADGROUP0934796,CREATIVE4353556,151003,998,38.4201724,66640,62423.80116,32704.33256,29866.48811,38155.30739
3/11/2022,3563366937,ADVERTISER7619,17731180731,CAMPAIGN54811,ADGROUP0934762,CREATIVE4353639,129222,828,24.5229254,65748,60094.22761,36459.50522,33352.77968,41671.13145
4/11/2022,3563366937,ADVERTISER7619,17731180731,CAMPAIGN54811,ADGROUP0934762,CREATIVE4353700,45181,603,8.2776638,18938,16713.94502,8800.23262,7786.707377,10377.9452
5/11/2022,3563366937,ADVERTISER7619,17731180731,CAMPAIGN54811,ADGROUP0934796,CREATIVE4353639,20952,111,4.1273054,9561,8683.93614,4814.724656,4357.939576,5605.542383
6/11/2022,3563366937,ADVERTISER7619,17731180731,CAMPAIGN54811,ADGROUP0934762,CREATIVE4353687,18361,138,2.9288542,10446,9532.309242,6408.351615,5875.839442,7183.79402
7/11/2022,3563366937,ADVERTISER7619,17731180731,CAMPAIGN54811,ADGROUP0934796,CREATIVE4353631,15767,120,3.4093826,6380,5576.379781,2845.851462,2528.207015,3373.10078
8/11/2022,3563366937,ADVERTISER7619,17731180731,CAMPAIGN54811,ADGROUP0934762,CREATIVE4353678,8347,82,1.6231034,4272,3850.788068,2367.589793,2151.60992,2695.654007
9/11/2022,3563366937,ADVERTISER7619,17731180731,CAMPAIGN54811,ADGROUP0934796,CREATIVE4353700,6373,28,1.2799966,2899,2641.078613,1449.727444,1321.449082,1688.088655
10/11/2022,3563366937,ADVERTISER7619,17731180731,CAMPAIGN54811,ADGROUP0934796,CREATIVE4353687,4353,21,0.7562418,2458,2239.473467,1515.569033,1373.837354,1700.215484
11/11/2022,3563366937,ADVERTISER7619,17731180731,CAMPAIGN54811,ADGROUP0934796,CREATIVE4353678,1173,5,0.239024,576,522.4757033,310.342711,279.4066496,354.5370844
12/11/2022,9621589619,ADVERTISER7607,17731064794,CAMPAIGN54786,ADGROUP0934597,CREATIVE4353471,7502194,53383,1281.715092,369979,355408.5188,340519.2586,338186.6486,347362.5889
13/11/2022,5259992415,ADVERTISER7564,17731058158,CAMPAIGN54699,ADGROUP0934597,CREATIVE4353471,15920225,63049,3144.020996,1055843,1017257.733,979321.5498,973434.2262,995834.8923
14/11/2022,3657180427,ADVERTISER7589,17730770875,CAMPAIGN54742,ADGROUP0934603,CREATIVE4353476,10263936,61361,1772.347229,428759,411158.283,380649.869,376354.2633,392289.5896
15/11/2022,3657180427,ADVERTISER7589,17730770875,CAMPAIGN54742,ADGROUP0934611,CREATIVE4353493,1949152,6618,370.6295606,0,0,0,0,0
16/11/2022,3657180427,ADVERTISER7589,17730770875,CAMPAIGN54742,ADGROUP0934685,CREATIVE4353476,1259772,10143,251.9097112,478803,441760.1543,206443.547,180969.5734,271245.0669
17/11/2022,3657180427,ADVERTISER7589,17730770875,CAMPAIGN54742,ADGROUP0934611,CREATIVE4353546,402825,1757,81.625762,181700,176123.5193,102428.7507,81917.49733,172085.609
18/11/2022,3657180427,ADVERTISER7589,17730770875,CAMPAIGN54742,ADGROUP0934716,CREATIVE4353572,327777,1340,66.8744214,141521,135920.5851,69085.03629,61512.45157,87564.45953
19/11/2022,3917054197,ADVERTISER7588,17730746635,CAMPAIGN54816,ADGROUP0934607,CREATIVE4353478,6027133,29720,1116.022755,3280888,3146400.683,2092258.997,1797049.82,3044949.616
20/11/2022,3917054197,ADVERTISER7588,17730746635,CAMPAIGN54816,ADGROUP0934605,CREATIVE4353476,1,0,0.0003714,1,1,1,1,1
21/11/2022,3917054197,ADVERTISER7588,17730746635,CAMPAIGN54816,ADGROUP0934603,CREATIVE4353476,1,0,0.0001816,1,1,1,1,1
22/11/2022,1368406470,ADVERTISER7650,17730446319,CAMPAIGN54898,ADGROUP0934597,CREATIVE4353471,3638672,23032,733.5275162,190484,182599.6841,174699.8863,173446.8346,178309.6089
23/11/2022,1482678299,ADVERTISER7572,17730318684,CAMPAIGN54709,ADGROUP0934597,CREATIVE4353471,14766857,99904,2785.211887,1201738,1154204.318,1107320.189,1101737.027,1128195.622
24/11/2022,3842578391,ADVERTISER7643,17730262284,CAMPAIGN54881,ADGROUP0934597,CREATIVE4353471,3961249,18116,809.360792,205311,197264.8811,189619.9987,188691.1968,192890.2566
25/11/2022,3917054197,ADVERTISER7588,17729977341,CAMPAIGN54740,ADGROUP0934605,CREATIVE4353476,10453640,57988,1968.503453,9382139,8958537.248,8574583.254,8522532.491,8743998.563
26/11/2022,3917054197,ADVERTISER7588,17729977341,CAMPAIGN54740,ADGROUP0934603,CREATIVE4353476,7834416,42023,1557.495398,6703652,6408095.91,5883823.522,5800140.9,6098384.42
27/11/2022,3917054197,ADVERTISER7588,17729977341,CAMPAIGN54740,ADGROUP0934685,CREATIVE4353476,1446468,9207,291.668378,856924,812632.2702,557718.6707,515640.4998,647103.1557
28/11/2022,4916723921,ADVERTISER7605,17729916147,CAMPAIGN54783,ADGROUP0934640,CREATIVE4353476,7560691,28749,1481.421114,6352872,6048455.557,5465546.076,5381209.437,5696406.362
29/11/2022,4916723921,ADVERTISER7605,17729916147,CAMPAIGN54783,ADGROUP0934642,CREATIVE4353476,7165231,31134,1369.055964,6366564,6058163.187,5728016.283,5698706.96,5864019.861
30/11/2022,4916723921,ADVERTISER7605,17729916147,CAMPAIGN54783,ADGROUP0934753,CREATIVE4353476,593841,2195,111.0062386,348971,327062.2606,224707.6167,204823.6679,264070.0809
1/12/2022,4916723921,ADVERTISER7605,17729916147,CAMPAIGN54783,ADGROUP0934820,CREATIVE4353478,22979,124,2.9222078,12269,11743.62048,7773.908351,6538.946125,11360.26428
2/12/2022,4916723921,ADVERTISER7605,17729916147,CAMPAIGN54783,ADGROUP0934716,CREATIVE4353484,31,0,0.0082842,5,4.032258065,1.129032258,0.806451613,2.419354839
3/12/2022,4916723921,ADVERTISER7605,17729916147,CAMPAIGN54783,ADGROUP0934716,CREATIVE4353572,26,0,0.0053552,9,9,4.153846154,3.115384615,5.884615385
4/12/2022,4916723921,ADVERTISER7605,17729916147,CAMPAIGN54783,ADGROUP0934611,CREATIVE4353493,1,0,0.0000848,0,0,0,0,0
5/12/2022,3418696511,ADVERTISER7635,17729776770,CAMPAIGN54893,ADGROUP0934605,CREATIVE4353476,3816012,26260,932.5934924,3422506,3286039.754,3143984.125,3115848.953,3207466.13
6/12/2022,3418696511,ADVERTISER7635,17729776770,CAMPAIGN54893,ADGROUP0934603,CREATIVE4353476,2673527,13669,740.6396992,2265517,2172817.318,1981670.686,1945276.597,2063371.552
7/12/2022,3418696511,ADVERTISER7635,17729776770,CAMPAIGN54893,ADGROUP0934685,CREATIVE4353476,243904,1593,70.5647704,114953,103778.6507,63843.54057,56224.82405,78968.52053
8/12/2022,5907301713,ADVERTISER7575,17729322121,CAMPAIGN54967,ADGROUP0934699,CREATIVE4353555,2076636,3703,401.4868406,0,0,0,0,0
9/12/2022,5907301713,ADVERTISER7575,17729322121,CAMPAIGN54967,ADGROUP0934699,CREATIVE4353594,813960,1681,126.366301,558276,544528.8014,427508.8739,384560.0864,533597.203
10/12/2022,1807087617,ADVERTISER7584,17729079529,CAMPAIGN54731,ADGROUP0934605,CREATIVE4353476,11301477,53717,2340.708384,10297332,9876122.15,9489655.803,9431467.752,9668942.012
11/12/2022,1807087617,ADVERTISER7584,17729079529,CAMPAIGN54731,ADGROUP0934603,CREATIVE4353476,10228525,45213,1893.94676,8881912,8534623.302,7877268.069,7752006.884,8155384.292
12/12/2022,1807087617,ADVERTISER7584,17729079529,CAMPAIGN54731,ADGROUP0934685,CREATIVE4353476,1032158,5076,191.0078358,669089,642279.2135,468985.06,433413.7578,537885.8625
13/12/2022,4129844376,ADVERTISER7610,17728788379,CAMPAIGN54793,ADGROUP0934605,CREATIVE4353476,7159021,24516,1509.842944,6437965,6135211.594,5862307.865,5836603.897,5968857.186
14/12/2022,4129844376,ADVERTISER7610,17728788379,CAMPAIGN54793,ADGROUP0934603,CREATIVE4353476,5921286,17184,1277.642788,5086075,4847266.123,4454682.12,4402225.464,4600440.909
15/12/2022,4129844376,ADVERTISER7610,17728788379,CAMPAIGN54793,ADGROUP0934685,CREATIVE4353476,999740,2795,214.9888608,597858,567214.5028,389064.1566,361006.4823,447360.8765
16/12/2022,5305001139,ADVERTISER7579,17728684287,CAMPAIGN54720,ADGROUP0934605,CREATIVE4353476,13036612,75597,2717.569309,11817283,11355203.59,10852332.69,10802940.74,11067294.31
17/12/2022,5305001139,ADVERTISER7579,17728684287,CAMPAIGN54720,ADGROUP0934603,CREATIVE4353476,11352595,55223,2515.996402,9911555,9525183.488,8825489.067,8724731.614,9100489.822
18/12/2022,5305001139,ADVERTISER7579,17728684287,CAMPAIGN54720,ADGROUP0934685,CREATIVE4353476,1692604,7858,355.4154006,1071712,1019066.404,726500.9862,679214.7673,825950.3534
19/12/2022,4129844376,ADVERTISER7610,17728287978,CAMPAIGN54868,ADGROUP0934665,CREATIVE4353478,4253146,12362,928.1120194,2059987,1981277.728,1190791.134,1001589.352,1901811.141
20/12/2022,1942457078,ADVERTISER7591,17728145995,CAMPAIGN54828,ADGROUP0934622,CREATIVE4353481,5606439,6623,1319.458619,0,0,0,0,0
21/12/2022,1942457078,ADVERTISER7591,17728145995,CAMPAIGN54828,ADGROUP0934622,CREATIVE4353527,2348382,3112,424.675153,1594333,1537430.425,1173580.098,1087488.65,1398271.823
22/12/2022,1942457078,ADVERTISER7591,17728145995,CAMPAIGN54828,ADGROUP0934622,CREATIVE4353553,2000598,9751,392.879993,974857,941666.6182,592737.7837,475731.0294,910924.8606
23/12/2022,1942457078,ADVERTISER7591,17728145995,CAMPAIGN54828,ADGROUP0934622,CREATIVE4353533,1394347,3848,318.7425128,737894,701044.8775,429042.1075,385469.0368,551902.9018
24/12/2022,1942457078,ADVERTISER7591,17728145995,CAMPAIGN54828,ADGROUP0934622,CREATIVE4353539,539673,1245,113.995216,318554,309932.9864,219332.4268,190111.7305,302649.2266
25/12/2022,1942457078,ADVERTISER7591,17728145995,CAMPAIGN54828,ADGROUP0934622,CREATIVE4353588,317126,944,59.8700606,0,0,0,0,0
26/12/2022,1942457078,ADVERTISER7591,17728145995,CAMPAIGN54828,ADGROUP0934622,CREATIVE4353587,273536,740,64.7769648,136645,130761.5131,75194.17955,67359.4955,98963.03758
27/12/2022,1942457078,ADVERTISER7591,17728145995,CAMPAIGN54828,ADGROUP0934622,CREATIVE4353677,90814,172,18.1925208,0,0,0,0,0
28/12/2022,1942457078,ADVERTISER7591,17728145995,CAMPAIGN54828,ADGROUP0934622,CREATIVE4353646,46677,132,9.2602706,0,0,0,0,0
29/12/2022,1942457078,ADVERTISER7591,17728145995,CAMPAIGN54828,ADGROUP0934622,CREATIVE4353668,37854,122,7.125698,0,0,0,0,0
30/12/2022,6915999948,ADVERTISER456467,17681889826,CAMPAIGN54987,ADGROUP0934592,CREATIVE4353560,1686786,58,319.1238694,0,0,0,0,0
31/12/2022,6915999948,ADVERTISER456467,17681878543,CAMPAIGN54981,ADGROUP0934592,CREATIVE4353560,1814527,3528,288.518714,0,0,0,0,0
1/01/2022,6915999948,ADVERTISER456467,17681878543,CAMPAIGN54981,ADGROUP0934592,CREATIVE4353582,1015858,2505,165.917452,0,0,0,0,0
2/01/2022,6915999948,ADVERTISER456467,17681878543,CAMPAIGN54981,ADGROUP0934592,CREATIVE4353650,186648,1108,27.6251382,0,0,0,0,0
3/01/2022,9768663023,ADVERTISER7565,17679949853,CAMPAIGN54700,ADGROUP0934590,CREATIVE4353461,15631214,78270,2997.355481,0,0,0,0,0
4/01/2022,9768663023,ADVERTISER7565,17679949853,CAMPAIGN54700,ADGROUP0934590,CREATIVE4353528,3969589,22923,647.0202662,2359189,2273463.245,1511103.172,1404193.42,1767856.499
5/01/2022,3851160576,ADVERTISER7559,17679880502,CAMPAIGN54692,ADGROUP0934590,CREATIVE4353468,17143225,90937,3563.143956,0,0,0,0,0
6/01/2022,3851160576,ADVERTISER7559,17679880502,CAMPAIGN54692,ADGROUP0934590,CREATIVE4353522,4605254,25090,827.9944582,2719396,2620887.854,1735912.091,1610347.462,2028569.568
7/01/2022,5261436496,ADVERTISER7554,17679832763,CAMPAIGN54715,ADGROUP0934590,CREATIVE4353461,13974965,58492,2950.67283,0,0,0,0,0
8/01/2022,5261436496,ADVERTISER7554,17679832763,CAMPAIGN54715,ADGROUP0934590,CREATIVE4353528,3254619,12164,613.6231282,1993791,1931225.091,1305097.572,1225448.613,1501563.017
9/01/2022,9021156800,ADVERTISER7652,17677829708,CAMPAIGN54905,ADGROUP0934678,CREATIVE4353487,3479281,4364,664.087048,1815428,1743932.247,1125469.25,961349.7903,1684149.547
10/01/2022,9021156800,ADVERTISER7652,17677829708,CAMPAIGN54905,ADGROUP0934678,CREATIVE4353568,542383,402,123.1511806,299391,290485.6275,202534.1157,167610.8089,286271.9922
11/01/2022,1205423447,ADVERTISER7602,17677548686,CAMPAIGN54842,ADGROUP0934585,CREATIVE4353479,5154525,26622,900.9629238,0,0,0,0,0
12/01/2022,1205423447,ADVERTISER7602,17677548686,CAMPAIGN54842,ADGROUP0934585,CREATIVE4353470,594585,2844,104.5143504,0,0,0,0,0
13/01/2022,1205423447,ADVERTISER7602,17677548686,CAMPAIGN54842,ADGROUP0934585,CREATIVE4353647,119307,525,22.5839458,0,0,0,0,0
14/01/2022,7529734097,ADVERTISER7562,17677386641,CAMPAIGN54721,ADGROUP0934585,CREATIVE4353479,12988341,56041,2480.825641,0,0,0,0,0
15/01/2022,7529734097,ADVERTISER7562,17677386641,CAMPAIGN54721,ADGROUP0934585,CREATIVE4353470,1387836,5468,269.903302,0,0,0,0,0
16/01/2022,7529734097,ADVERTISER7562,17677386641,CAMPAIGN54721,ADGROUP0934585,CREATIVE4353647,238334,966,44.2636836,0,0,0,0,0
17/01/2022,3231163103,ADVERTISER7573,17676567302,CAMPAIGN54732,ADGROUP0934590,CREATIVE4353479,11297110,37374,2071.966747,0,0,0,0,0
18/01/2022,3231163103,ADVERTISER7573,17676567302,CAMPAIGN54732,ADGROUP0934590,CREATIVE4353470,1307537,4034,242.542875,0,0,0,0,0
19/01/2022,3231163103,ADVERTISER7573,17676567302,CAMPAIGN54732,ADGROUP0934590,CREATIVE4353647,58677,185,9.1934498,0,0,0,0,0
20/01/2022,2515518348,ADVERTISER7688,17676531533,CAMPAIGN55120,ADGROUP0934754,CREATIVE4353643,88343,243,9.2615992,8585,7873.334962,5925.864085,5161.969986,6916.842255
21/01/2022,2515518348,ADVERTISER7688,17676531533,CAMPAIGN55120,ADGROUP0934772,CREATIVE4353645,62775,1117,10.3929978,34836,33075.07233,23001.65479,20074.95399,29020.0854
22/01/2022,2515518348,ADVERTISER7688,17676531533,CAMPAIGN55120,ADGROUP0934754,CREATIVE4353645,21450,335,7.448719,7343,6945.353999,3220.663581,2352.676968,5356.113167
23/01/2022,2515518348,ADVERTISER7688,17676531533,CAMPAIGN55120,ADGROUP0934772,CREATIVE4353643,15850,405,4.189408,3944,2669.191752,1211.488213,836.2302802,2052.150031
24/01/2022,2515518348,ADVERTISER7688,17676531533,CAMPAIGN55120,ADGROUP0934772,CREATIVE4353638,6051,190,2.1338288,2283,2139.589487,1173.152672,902.3196821,1661.440755
25/01/2022,2515518348,ADVERTISER7688,17676531533,CAMPAIGN55120,ADGROUP0934754,CREATIVE4353638,3660,9,0.534949,404,338.640767,218.3378463,176.6758074,263.5660201
26/01/2022,2515518348,ADVERTISER7688,17676531533,CAMPAIGN55120,ADGROUP0934772,CREATIVE4353658,1807,38,0.3754054,816,752.461241,499.4055053,403.4945779,636.1644669
27/01/2022,2515518348,ADVERTISER7688,17676531533,CAMPAIGN55120,ADGROUP0934754,CREATIVE4353658,634,5,0.1933682,206,182.0574757,103.2136221,80.23061987,147.0689768
28/01/2022,2515518348,ADVERTISER7688,17676530609,CAMPAIGN55125,ADGROUP0934754,CREATIVE4353645,65093,1271,16.7063032,13753,12956.4207,6381.165421,4664.868618,10128.39155
29/01/2022,2515518348,ADVERTISER7688,17676530609,CAMPAIGN55125,ADGROUP0934772,CREATIVE4353645,54895,907,12.273679,19538,18409.13543,9911.614547,7742.156908,14700.20377
30/01/2022,2515518348,ADVERTISER7688,17676530609,CAMPAIGN55125,ADGROUP0934772,CREATIVE4353643,46231,164,5.2942488,8921,4081.753322,2587.866359,2137.823464,3212.123825
31/01/2022,2515518348,ADVERTISER7688,17676530609,CAMPAIGN55125,ADGROUP0934754,CREATIVE4353643,36027,874,10.007404,6711,5745.795457,2913.666184,2180.909099,4422.52674
1/02/2022,2515518348,ADVERTISER7688,17676530609,CAMPAIGN55125,ADGROUP0934754,CREATIVE4353638,26880,265,3.4208406,3632,3196.713972,1980.967659,1597.443342,2506.8017
2/02/2022,2515518348,ADVERTISER7688,17676530609,CAMPAIGN55125,ADGROUP0934754,CREATIVE4353658,8483,168,2.1907014,1913,1613.675321,888.2358205,693.6841584,1240.030645
3/02/2022,2515518348,ADVERTISER7688,17676530609,CAMPAIGN55125,ADGROUP0934772,CREATIVE4353638,8362,81,1.7871978,3520,3257.765127,2181.332626,1816.407317,2682.975209
4/02/2022,2515518348,ADVERTISER7688,17676530609,CAMPAIGN55125,ADGROUP0934772,CREATIVE4353658,4899,57,0.9975704,1974,1859.847995,1285.797147,1073.81093,1594.943193
5/02/2022,2515518348,ADVERTISER7688,17676530606,CAMPAIGN55119,ADGROUP0934754,CREATIVE4353645,106392,2009,26.7718094,51114,46813.96271,29022.62221,24040.5338,38718.66153
6/02/2022,2515518348,ADVERTISER7688,17676530606,CAMPAIGN55119,ADGROUP0934754,CREATIVE4353638,93763,1044,18.9603226,35289,31013.1189,21268.68594,18137.87704,25290.482
7/02/2022,2515518348,ADVERTISER7688,17676530606,CAMPAIGN55119,ADGROUP0934772,CREATIVE4353645,93651,990,15.2642394,52386,47322.9534,35444.07202,30965.83736,41915.0764
8/02/2022,2515518348,ADVERTISER7688,17676530606,CAMPAIGN55119,ADGROUP0934772,CREATIVE4353643,59331,500,7.6650588,8898,4272.707691,2420.701117,1962.686049,3242.848663
9/02/2022,2515518348,ADVERTISER7688,17676530606,CAMPAIGN55119,ADGROUP0934754,CREATIVE4353643,36345,660,9.9927184,12673,10962.31338,6391.976513,5157.515667,8678.632094
10/02/2022,2515518348,ADVERTISER7688,17676530606,CAMPAIGN55119,ADGROUP0934772,CREATIVE4353638,24552,186,3.1853718,4006,3616.579341,2200.154153,1781.529847,2805.719743
11/02/2022,2515518348,ADVERTISER7688,17676530606,CAMPAIGN55119,ADGROUP0934754,CREATIVE4353658,14986,212,3.3093206,5136,3995.527268,2703.578688,2249.174963,3310.438595
12/02/2022,2515518348,ADVERTISER7688,17676530606,CAMPAIGN55119,ADGROUP0934772,CREATIVE4353658,7621,104,1.4445596,2429,2123.141211,1356.1094,1109.860496,1756.292047
13/02/2022,2515518348,ADVERTISER7688,17676530600,CAMPAIGN55129,ADGROUP0934772,CREATIVE4353645,29507,374,9.5001424,9933,9345.44598,5205.921344,4086.414769,7496.134418
14/02/2022,2515518348,ADVERTISER7688,17676530600,CAMPAIGN55129,ADGROUP0934772,CREATIVE4353643,18396,167,4.390211,2883,1343.791487,618.6454132,434.7701162,977.8834095
15/02/2022,2515518348,ADVERTISER7688,17676530600,CAMPAIGN55129,ADGROUP0934772,CREATIVE4353638,9931,28,0.8722808,447,379.1100089,211.7250628,161.888013,277.1348439
16/02/2022,2515518348,ADVERTISER7688,17676530600,CAMPAIGN55129,ADGROUP0934754,CREATIVE4353643,6534,10,1.3099964,1555,1046.329572,669.351113,551.1212979,855.6131242
17/02/2022,2515518348,ADVERTISER7688,17676530600,CAMPAIGN55129,ADGROUP0934754,CREATIVE4353645,5673,38,2.1965206,2954,2815.502942,1847.970961,1552.654596,2310.903983
18/02/2022,2515518348,ADVERTISER7688,17676530600,CAMPAIGN55129,ADGROUP0934754,CREATIVE4353638,4743,30,0.978045,1460,1359.885349,851.3828379,674.7025452,1077.195456
19/02/2022,2515518348,ADVERTISER7688,17676530600,CAMPAIGN55129,ADGROUP0934772,CREATIVE4353658,2342,26,0.7363322,482,421.4992382,212.7259186,151.5190441,340.5745294
20/02/2022,2515518348,ADVERTISER7688,17676530600,CAMPAIGN55129,ADGROUP0934754,CREATIVE4353658,1625,18,0.477163,761,722.1862694,456.4493907,354.8899853,601.8081925
21/02/2022,7559008172,ADVERTISER456468,17674891409,CAMPAIGN55112,ADGROUP0934754,CREATIVE4353608,140019,3380,55.3583138,54746,49451.30936,28988.66933,20135.14211,45861.94862
22/02/2022,7559008172,ADVERTISER456468,17674891409,CAMPAIGN55112,ADGROUP0934754,CREATIVE4353659,137300,2851,47.8311112,51605,45938.62907,25576.0894,16522.51967,42640.79134
23/02/2022,7559008172,ADVERTISER456468,17674891409,CAMPAIGN55112,ADGROUP0934754,CREATIVE4353648,50759,440,11.9356662,19178,16976.86235,11155.07327,8764.862644,15847.5342
24/02/2022,7559008172,ADVERTISER456468,17674891391,CAMPAIGN55123,ADGROUP0934754,CREATIVE4353608,72189,1715,24.8785614,33936,31867.89604,20458.67701,14382.36105,30164.84481
25/02/2022,7559008172,ADVERTISER456468,17674891391,CAMPAIGN55123,ADGROUP0934754,CREATIVE4353648,41751,123,5.358627,8423,7833.885668,5415.602042,4166.695234,7441.859495
26/02/2022,7559008172,ADVERTISER456468,17674891391,CAMPAIGN55123,ADGROUP0934754,CREATIVE4353659,26165,452,8.8923272,9982,9242.200314,5530.09035,3617.913604,8764.953447
27/02/2022,7559008172,ADVERTISER456468,17674888016,CAMPAIGN55117,ADGROUP0934754,CREATIVE4353608,115552,3813,35.6863312,52794,49030.72845,31166.23115,21301.92727,46059.4785
28/02/2022,7559008172,ADVERTISER456468,17674888016,CAMPAIGN55117,ADGROUP0934754,CREATIVE4353659,83835,1813,26.1275732,34718,31543.61743,18636.70411,12300.02972,29625.17184
1/03/2022,7559008172,ADVERTISER456468,17674888016,CAMPAIGN55117,ADGROUP0934754,CREATIVE4353648,25172,204,5.6163414,10647,9557.169851,6363.892258,4962.094811,8879.222352
1/03/2022,7559008172,ADVERTISER456468,17674879571,CAMPAIGN55128,ADGROUP0934754,CREATIVE4353608,35590,629,16.4247732,16711,14357.15871,10152.40157,8126.470727,13325.39408
2/03/2022,7559008172,ADVERTISER456468,17674879571,CAMPAIGN55128,ADGROUP0934754,CREATIVE4353648,28123,130,4.8869646,7524,6779.939106,4536.905842,3573.5536,6385.445791
3/03/2022,7559008172,ADVERTISER456468,17674879571,CAMPAIGN55128,ADGROUP0934754,CREATIVE4353659,19474,365,9.6475984,4486,3533.615347,1920.523761,1371.251879,3116.738813
4/03/2022,6013824460,ADVERTISER7653,17674542422,CAMPAIGN54908,ADGROUP0934589,CREATIVE4353459,3382447,13507,838.1048926,1327128,1256678.678,603920.5137,514433.6022,776180.5223
5/03/2022,6013824460,ADVERTISER7653,17674542422,CAMPAIGN54908,ADGROUP0934636,CREATIVE4353500,578267,2560,108.1332444,318250,304992.037,197052.7356,175228.5545,263528.0191
6/03/2022,6013824460,ADVERTISER7653,17674542422,CAMPAIGN54908,ADGROUP0934636,CREATIVE4353598,26637,88,5.5298974,20505,19856.83354,16852.32796,15542.90855,19519.66381
7/03/2022,3374554993,ADVERTISER7557,17674457243,CAMPAIGN54690,ADGROUP0934589,CREATIVE4353459,17933525,85019,3204.8345,7829994,7500173.421,3928776.749,3347225.435,4964566.031
8/03/2022,3374554993,ADVERTISER7557,17674457243,CAMPAIGN54690,ADGROUP0934636,CREATIVE4353500,2186231,9238,422.1748026,1177353,1127359.559,710672.3336,634581.6837,952081.2063
9/03/2022,3374554993,ADVERTISER7557,17674457243,CAMPAIGN54690,ADGROUP0934636,CREATIVE4353598,57507,126,10.893209,47807,46190.90443,41523.84654,39205.28144,45326.32655
10/03/2022,5261436496,ADVERTISER7554,17670761497,CAMPAIGN54688,ADGROUP0934590,CREATIVE4353466,18310302,28846,5255.647152,0,0,0,0,0
11/03/2022,5261436496,ADVERTISER7554,17670761497,CAMPAIGN54688,ADGROUP0934736,CREATIVE4353466,196590,293,47.4351082,0,0,0,0,0
12/03/2022,3164782542,ADVERTISER7582,17670716284,CAMPAIGN54726,ADGROUP0934610,CREATIVE4353483,12357067,55789,2514.281999,0,0,0,0,0
13/03/2022,3164782542,ADVERTISER7582,17670716284,CAMPAIGN54726,ADGROUP0934610,CREATIVE4353551,2514422,8336,422.5930082,1639428,1594295.594,1132089.07,1071485.71,1274035.795
14/03/2022,9768663023,ADVERTISER7565,17669867166,CAMPAIGN54831,ADGROUP0934656,CREATIVE4353466,5486757,7288,1296.808998,0,0,0,0,0
15/03/2022,9768663023,ADVERTISER7565,17669867166,CAMPAIGN54831,ADGROUP0934590,CREATIVE4353466,4363720,6158,1082.725479,0,0,0,0,0
16/03/2022,9768663023,ADVERTISER7565,17669867166,CAMPAIGN54831,ADGROUP0934812,CREATIVE4353466,59641,61,12.1931438,0,0,0,0,0
17/03/2022,4317652927,ADVERTISER7599,17669810382,CAMPAIGN54931,ADGROUP0934610,CREATIVE4353468,2808589,8563,544.2558042,0,0,0,0,0
18/03/2022,4317652927,ADVERTISER7599,17669810382,CAMPAIGN54931,ADGROUP0934610,CREATIVE4353468,1623248,6896,299.9209548,0,0,0,0,0
19/03/2022,4317652927,ADVERTISER7599,17669810382,CAMPAIGN54931,ADGROUP0934610,CREATIVE4353522,813886,2374,136.9754322,432683,415559.8853,249183.3131,230476.6699,296599.1752
20/03/2022,4317652927,ADVERTISER7599,17669810382,CAMPAIGN54931,ADGROUP0934610,CREATIVE4353522,734680,4057,112.6667854,391769,377755.5553,224409.9353,208117.253,266962.8272
21/03/2022,6599856105,ADVERTISER7615,17669716488,CAMPAIGN54805,ADGROUP0934647,CREATIVE4353466,6470908,4787,1264.766171,0,0,0,0,0
22/03/2022,6599856105,ADVERTISER7615,17669716488,CAMPAIGN54805,ADGROUP0934618,CREATIVE4353466,5156168,4579,966.3419426,0,0,0,0,0
23/03/2022,6599856105,ADVERTISER7615,17669716488,CAMPAIGN54805,ADGROUP0934647,CREATIVE4353529,232526,175,40.9978154,0,0,0,0,0
24/03/2022,6599856105,ADVERTISER7615,17669716488,CAMPAIGN54805,ADGROUP0934618,CREATIVE4353529,232314,132,40.7883168,0,0,0,0,0
25/03/2022,6361806321,ADVERTISER7667,17668877659,CAMPAIGN54970,ADGROUP0934615,CREATIVE4353487,2034442,3053,430.7314772,983178,941095.2084,577113.1382,485531.2781,907730.1005
26/03/2022,6361806321,ADVERTISER7667,17668877659,CAMPAIGN54970,ADGROUP0934615,CREATIVE4353568,220550,237,52.037153,115642,111226.0474,74783.77524,62841.18415,109255.3322
27/03/2022,2578680805,ADVERTISER7613,17668567165,CAMPAIGN54895,ADGROUP0934645,CREATIVE4353479,3761734,10760,648.996638,0,0,0,0,0
28/03/2022,2578680805,ADVERTISER7613,17668567165,CAMPAIGN54895,ADGROUP0934645,CREATIVE4353470,455548,1132,80.0506184,0,0,0,0,0
29/03/2022,2578680805,ADVERTISER7613,17668567165,CAMPAIGN54895,ADGROUP0934806,CREATIVE4353479,99828,167,18.0261648,0,0,0,0,0
30/03/2022,2578680805,ADVERTISER7613,17668567165,CAMPAIGN54895,ADGROUP0934645,CREATIVE4353647,48496,198,7.9643308,0,0,0,0,0
31/03/2022,2578680805,ADVERTISER7613,17668567165,CAMPAIGN54895,ADGROUP0934806,CREATIVE4353470,11452,23,2.0677352,0,0,0,0,0
1/04/2022,2578680805,ADVERTISER7613,17668567165,CAMPAIGN54895,ADGROUP0934806,CREATIVE4353647,630,2,0.1067256,0,0,0,0,0
2/04/2022,7533759993,ADVERTISER7587,17667778266,CAMPAIGN54737,ADGROUP0934615,CREATIVE4353487,10823899,14453,1887.80472,5895265,5669998.686,3778801.082,3287649.313,5470707.58
3/04/2022,7533759993,ADVERTISER7587,17667778266,CAMPAIGN54737,ADGROUP0934615,CREATIVE4353568,1513628,4314,268.7176722,850159,822486.6458,578277.348,488484.6824,807078.6979
4/04/2022,1092048142,ADVERTISER7628,17667471978,CAMPAIGN54853,ADGROUP0934590,CREATIVE4353479,4748910,21112,821.641247,0,0,0,0,0
5/04/2022,1092048142,ADVERTISER7628,17667471978,CAMPAIGN54853,ADGROUP0934590,CREATIVE4353470,513334,2076,89.7493238,0,0,0,0,0
6/04/2022,1092048142,ADVERTISER7628,17667471978,CAMPAIGN54853,ADGROUP0934590,CREATIVE4353647,105082,377,16.6485626,0,0,0,0,0
7/04/2022,2515518348,ADVERTISER7688,17667364210,CAMPAIGN55121,ADGROUP0934754,CREATIVE4353643,86715,1922,32.9564142,23313,17995.75196,7838.304523,5654.912654,13430.7074
8/04/2022,2515518348,ADVERTISER7688,17667364210,CAMPAIGN55121,ADGROUP0934754,CREATIVE4353645,77398,1334,34.1126626,25619,24401.66845,11162.20762,7813.516277,18854.3623
9/04/2022,2515518348,ADVERTISER7688,17667364210,CAMPAIGN55121,ADGROUP0934754,CREATIVE4353638,58612,371,6.9773612,7974,7089.323833,4326.427736,3422.679259,5580.368687
10/04/2022,2515518348,ADVERTISER7688,17667364210,CAMPAIGN55121,ADGROUP0934772,CREATIVE4353643,24330,34,2.5991244,2940,1257.401977,741.8608579,608.4489309,935.6136984
11/04/2022,2515518348,ADVERTISER7688,17667364210,CAMPAIGN55121,ADGROUP0934772,CREATIVE4353638,23649,167,4.8695996,6651,6205.878653,3665.927138,2888.932597,4751.794761
12/04/2022,2515518348,ADVERTISER7688,17667364210,CAMPAIGN55121,ADGROUP0934754,CREATIVE4353658,12869,229,4.2898246,4650,4375.641705,2262.063865,1663.350711,3509.993177
13/04/2022,2515518348,ADVERTISER7688,17667364210,CAMPAIGN55121,ADGROUP0934772,CREATIVE4353645,12341,119,3.015348,4238,3979.814081,2458.680689,1968.883122,3265.204219
14/04/2022,2515518348,ADVERTISER7688,17667364210,CAMPAIGN55121,ADGROUP0934772,CREATIVE4353658,5276,85,1.5920034,2136,2018.224448,1244.831102,967.6056238,1660.451598
15/04/2022,3760324090,ADVERTISER456465,17667167723,CAMPAIGN54825,ADGROUP0934592,CREATIVE4353464,5687246,396,1389.623138,0,0,0,0,0
16/04/2022,3760324090,ADVERTISER456465,17667167723,CAMPAIGN54825,ADGROUP0934592,CREATIVE4353498,2895926,73,556.26777,0,0,0,0,0
17/04/2022,3760324090,ADVERTISER456465,17667167723,CAMPAIGN54825,ADGROUP0934592,CREATIVE4353562,434,0,0.0572096,302,299.2165899,236.5898618,211.5391705,278.3410138
18/04/2022,5775055731,ADVERTISER7555,17667137882,CAMPAIGN54736,ADGROUP0934592,CREATIVE4353464,10828832,444,2214.172014,0,0,0,0,0
19/04/2022,5775055731,ADVERTISER7555,17667137882,CAMPAIGN54736,ADGROUP0934592,CREATIVE4353498,6679550,74,1277.800834,0,0,0,0,0
20/04/2022,4136910542,ADVERTISER7630,17667124070,CAMPAIGN55005,ADGROUP0934592,CREATIVE4353464,1404245,83,257.2858908,0,0,0,0,0
21/04/2022,4136910542,ADVERTISER7630,17667124070,CAMPAIGN55005,ADGROUP0934592,CREATIVE4353498,15533,1,1.8512512,0,0,0,0,0
22/04/2022,3760324090,ADVERTISER456465,17667051503,CAMPAIGN54741,ADGROUP0934592,CREATIVE4353464,10364459,40877,1986.524702,0,0,0,0,0
23/04/2022,3760324090,ADVERTISER456465,17667051503,CAMPAIGN54741,ADGROUP0934592,CREATIVE4353498,2370500,12296,435.6083784,0,0,0,0,0
24/04/2022,3760324090,ADVERTISER456465,17667051503,CAMPAIGN54741,ADGROUP0934592,CREATIVE4353562,1686555,10557,227.5839408,1050526,1015795.528,713370.0489,653971.7519,889481.6156
25/04/2022,3035777596,ADVERTISER7612,17666697577,CAMPAIGN54837,ADGROUP0934585,CREATIVE4353479,5348933,20260,1032.492966,0,0,0,0,0
26/04/2022,3035777596,ADVERTISER7612,17666697577,CAMPAIGN54837,ADGROUP0934585,CREATIVE4353470,584150,1955,114.5639848,0,0,0,0,0
27/04/2022,3035777596,ADVERTISER7612,17666697577,CAMPAIGN54837,ADGROUP0934585,CREATIVE4353647,107308,378,20.2087238,0,0,0,0,0
28/04/2022,2515518348,ADVERTISER7688,17666440767,CAMPAIGN55122,ADGROUP0934772,CREATIVE4353643,73584,1358,14.1003388,16551,9397.294516,4282.636692,2950.786604,6931.531424
29/04/2022,2515518348,ADVERTISER7688,17666440767,CAMPAIGN55122,ADGROUP0934754,CREATIVE4353643,54883,202,11.2453266,14645,13831.93739,10022.79112,8423.083104,12075.0604
30/04/2022,2515518348,ADVERTISER7688,17666440767,CAMPAIGN55122,ADGROUP0934772,CREATIVE4353645,46321,855,14.3196326,12489,11524.17665,5794.820629,4349.862986,9029.266945
1/05/2022,2515518348,ADVERTISER7688,17666440767,CAMPAIGN55122,ADGROUP0934754,CREATIVE4353638,31328,142,4.1867586,5761,5370.838561,3403.378797,2701.211939,4353.792704
2/05/2022,2515518348,ADVERTISER7688,17666440767,CAMPAIGN55122,ADGROUP0934754,CREATIVE4353658,23807,271,5.0293296,8288,7591.027296,5061.108115,4050.291385,6489.612268
3/05/2022,2515518348,ADVERTISER7688,17666440767,CAMPAIGN55122,ADGROUP0934772,CREATIVE4353638,10104,38,1.6345838,2893,2598.24497,1631.573179,1340.329535,2067.266027
4/05/2022,2515518348,ADVERTISER7688,17666440767,CAMPAIGN55122,ADGROUP0934754,CREATIVE4353645,6847,69,2.262235,1767,1501.773237,942.0032765,766.7890495,1237.314615
5/05/2022,2515518348,ADVERTISER7688,17666440767,CAMPAIGN55122,ADGROUP0934772,CREATIVE4353658,3155,37,0.8251686,873,766.8362121,436.011234,324.0749856,628.9707883
6/05/2022,7559008172,ADVERTISER456468,17665705804,CAMPAIGN55130,ADGROUP0934754,CREATIVE4353608,27763,616,14.4285912,12617,11567.41726,7133.923065,5032.324379,10897.53437
7/05/2022,7559008172,ADVERTISER456468,17665705804,CAMPAIGN55130,ADGROUP0934754,CREATIVE4353659,15722,268,8.3045064,5881,5446.547544,3049.19114,2023.462008,5136.19235
8/05/2022,7559008172,ADVERTISER456468,17665705804,CAMPAIGN55130,ADGROUP0934754,CREATIVE4353648,12177,45,2.9737166,4378,3883.743187,2482.504085,1855.493775,3670.359595
9/05/2022,7559008172,ADVERTISER456468,17665705675,CAMPAIGN55104,ADGROUP0934754,CREATIVE4353608,227272,4631,68.2145772,109434,98897.66031,69172.5634,53280.81354,92959.68238
10/05/2022,7559008172,ADVERTISER456468,17665705675,CAMPAIGN55104,ADGROUP0934754,CREATIVE4353648,108832,319,15.4767632,28980,27186.92607,19542.26272,15730.96734,25966.92727
11/05/2022,7559008172,ADVERTISER456468,17665705675,CAMPAIGN55104,ADGROUP0934754,CREATIVE4353659,74150,1062,27.3634064,27207,24214.19417,15217.77701,10888.85237,22753.32365
12/05/2022,8372246433,ADVERTISER7567,17665306933,CAMPAIGN54703,ADGROUP0934589,CREATIVE4353459,15150861,97653,3332.30268,5278623,4979333.899,2155486.643,1796600.743,2858171.795
13/05/2022,8372246433,ADVERTISER7567,17665306933,CAMPAIGN54703,ADGROUP0934636,CREATIVE4353500,580238,2209,116.4887494,308956,296722.1011,184260.3237,164452.1206,248813.0964
14/05/2022,8372246433,ADVERTISER7567,17665306933,CAMPAIGN54703,ADGROUP0934636,CREATIVE4353598,40560,134,9.3299598,28574,27722.97949,21955.34295,19669.28205,27217.15769
15/05/2022,5134550778,ADVERTISER7553,17665184155,CAMPAIGN54675,ADGROUP0934589,CREATIVE4353459,26741908,146103,3844.931272,5702851,5430145.6,1639027.258,1256317.248,2402233.728
16/05/2022,5134550778,ADVERTISER7553,17665184155,CAMPAIGN54675,ADGROUP0934636,CREATIVE4353500,8036730,32564,1440.512869,2002945,1921374.275,625747.8184,497186.9282,1216260.615
17/05/2022,5134550778,ADVERTISER7553,17665184155,CAMPAIGN54675,ADGROUP0934636,CREATIVE4353598,720666,2033,139.5080658,443651,430751.4556,301895.7558,267047.1632,424372.4789
18/05/2022,6200950215,ADVERTISER7651,17664591345,CAMPAIGN54964,ADGROUP0934614,CREATIVE4353486,2141918,3143,374.5939682,0,0,0,0,0
19/05/2022,6200950215,ADVERTISER7651,17664591345,CAMPAIGN54964,ADGROUP0934614,CREATIVE4353537,1355588,2663,205.258442,759204,722837.1977,455441.1541,427457.2487,515787.9427
20/05/2022,6200950215,ADVERTISER7651,17664591345,CAMPAIGN54964,ADGROUP0934726,CREATIVE4353593,844660,4729,146.423287,500560,483861.234,371923.5588,295196.2315,471143.67
21/05/2022,6200950215,ADVERTISER7651,17664591345,CAMPAIGN54964,ADGROUP0934614,CREATIVE4353557,635360,2132,124.844983,0,0,0,0,0
22/05/2022,6200950215,ADVERTISER7651,17664591345,CAMPAIGN54964,ADGROUP0934726,CREATIVE4353580,183657,679,29.275459,81976,75358.8049,40271.82533,36580.92575,47238.0691
23/05/2022,6200950215,ADVERTISER7651,17664591345,CAMPAIGN54964,ADGROUP0934614,CREATIVE4353601,167878,222,31.4070004,0,0,0,0,0
24/05/2022,6200950215,ADVERTISER7651,17664591345,CAMPAIGN54964,ADGROUP0934726,CREATIVE4353605,110307,423,20.935439,46631,42426.86703,21810.34008,19682.69792,25934.15276
25/05/2022,6200950215,ADVERTISER7651,17664591345,CAMPAIGN54964,ADGROUP0934726,CREATIVE4353696,45391,216,8.4235576,27989,27049.27107,21146.36747,17189.51671,26379.00509
26/05/2022,2596229278,ADVERTISER7595,17664521658,CAMPAIGN54846,ADGROUP0934614,CREATIVE4353486,4951012,7872,921.9383716,0,0,0,0,0
27/05/2022,2596229278,ADVERTISER7595,17664521658,CAMPAIGN54846,ADGROUP0934614,CREATIVE4353537,3141779,7226,555.8510718,1639506,1555582.98,934916.5121,873240.5326,1068798.529
28/05/2022,2596229278,ADVERTISER7595,17664521658,CAMPAIGN54846,ADGROUP0934614,CREATIVE4353557,1925841,6399,393.0448582,0,0,0,0,0
29/05/2022,2596229278,ADVERTISER7595,17664521658,CAMPAIGN54846,ADGROUP0934726,CREATIVE4353593,715258,3096,158.1055692,421874,406342.2506,307516.6066,248793.4643,394803.5875
30/05/2022,2596229278,ADVERTISER7595,17664521658,CAMPAIGN54846,ADGROUP0934726,CREATIVE4353580,713507,3883,158.8044082,232973,199504.2345,85218.63025,75839.0693,104799.2719
31/05/2022,2596229278,ADVERTISER7595,17664521658,CAMPAIGN54846,ADGROUP0934614,CREATIVE4353601,693042,1793,133.2787442,0,0,0,0,0
1/06/2022,2596229278,ADVERTISER7595,17664521658,CAMPAIGN54846,ADGROUP0934726,CREATIVE4353605,307075,1167,75.5897968,115220,99693.11302,47723.19909,43235.59443,57243.97505
2/06/2022,2596229278,ADVERTISER7595,17664521658,CAMPAIGN54846,ADGROUP0934726,CREATIVE4353696,57520,172,14.348446,36815,35483.08041,27910.7879,23563.64812,34560.14525
3/06/2022,2848065541,ADVERTISER7625,17663230230,CAMPAIGN54870,ADGROUP0934623,CREATIVE4353472,4237786,17328,904.1449264,0,0,0,0,0
4/06/2022,2848065541,ADVERTISER7625,17663230230,CAMPAIGN54870,ADGROUP0934704,CREATIVE4353558,535394,2383,80.7275766,231675,222182.4497,121053.4913,100187.3625,212829.6675
5/06/2022,2848065541,ADVERTISER7625,17663230230,CAMPAIGN54870,ADGROUP0934623,CREATIVE4353552,271069,667,52.447547,159714,152692.4839,102459.7893,96332.48471,117401.3265
6/06/2022,2848065541,ADVERTISER7625,17663230230,CAMPAIGN54870,ADGROUP0934704,CREATIVE4353615,134913,154,17.2992616,80863,76225.06374,51352.34745,48719.30868,55981.29313
7/06/2022,3510655313,ADVERTISER7682,17657905150,CAMPAIGN55003,ADGROUP0934592,CREATIVE4353464,1415635,73,280.1593438,0,0,0,0,0
8/06/2022,3510655313,ADVERTISER7682,17657905150,CAMPAIGN55003,ADGROUP0934592,CREATIVE4353498,4030,1,0.3303014,0,0,0,0,0
9/06/2022,3510655313,ADVERTISER7682,17657867260,CAMPAIGN55004,ADGROUP0934592,CREATIVE4353464,1408987,2750,273.1538462,0,0,0,0,0
10/06/2022,3510655313,ADVERTISER7682,17657867260,CAMPAIGN55004,ADGROUP0934592,CREATIVE4353562,773253,5351,96.6189738,489877,471997.0835,341617.9293,310423.0548,429450.1619
11/06/2022,3510655313,ADVERTISER7682,17657867260,CAMPAIGN55004,ADGROUP0934592,CREATIVE4353498,332113,822,64.7555212,0,0,0,0,0
12/06/2022,2521607850,ADVERTISER7566,17657772887,CAMPAIGN54879,ADGROUP0934623,CREATIVE4353472,3995636,5107,730.6220512,0,0,0,0,0
13/06/2022,2521607850,ADVERTISER7566,17657772887,CAMPAIGN54879,ADGROUP0934704,CREATIVE4353558,1444124,3797,221.0266842,825451,796574.1271,552167.294,472454.7824,778992.8483
14/06/2022,2521607850,ADVERTISER7566,17657772887,CAMPAIGN54879,ADGROUP0934623,CREATIVE4353544,1392488,1767,187.7252198,916357,889617.5082,646268.4796,605291.9102,733973.1953
15/06/2022,2521607850,ADVERTISER7566,17657772887,CAMPAIGN54879,ADGROUP0934623,CREATIVE4353552,818968,1335,106.3550606,579616,555180.1732,430728.6153,411418.1314,473604.7463
16/06/2022,2521607850,ADVERTISER7566,17657772887,CAMPAIGN54879,ADGROUP0934704,CREATIVE4353615,524764,130,71.3345834,322018,309374.5374,212183.5725,200496.5591,231385.4474
17/06/2022,9992644574,ADVERTISER7585,17647512864,CAMPAIGN54752,ADGROUP0934623,CREATIVE4353472,9529385,35405,1719.3276,0,0,0,0,0
18/06/2022,9992644574,ADVERTISER7585,17647512864,CAMPAIGN54752,ADGROUP0934623,CREATIVE4353552,2469475,3060,379.5371786,1644225,1586827.382,1173510.123,1106893.471,1317027.948
19/06/2022,9992644574,ADVERTISER7585,17647512864,CAMPAIGN54752,ADGROUP0934704,CREATIVE4353558,1632721,8075,275.0476732,822380,788304.5813,485835.1231,414358.4418,756216.7106
20/06/2022,9992644574,ADVERTISER7585,17647512864,CAMPAIGN54752,ADGROUP0934704,CREATIVE4353615,380410,355,50.2335834,271019,259829.4298,202213.7584,194010.0209,215978.7964
21/06/2022,5775055731,ADVERTISER7555,17643886073,CAMPAIGN54683,ADGROUP0934592,CREATIVE4353464,20371268,58042,2821.413454,0,0,0,0,0
22/06/2022,5775055731,ADVERTISER7555,17643886073,CAMPAIGN54683,ADGROUP0934592,CREATIVE4353498,8354136,30791,1254.34288,0,0,0,0,0
23/06/2022,5775055731,ADVERTISER7555,17643886073,CAMPAIGN54683,ADGROUP0934592,CREATIVE4353562,1585009,6951,177.8559876,1012739,994015.2875,696747.2004,650916.839,861116.2431
24/06/2022,5775055731,ADVERTISER7555,17643886073,CAMPAIGN54683,ADGROUP0934831,CREATIVE4353464,784,2,0.1802522,0,0,0,0,0
25/06/2022,1225379668,ADVERTISER7570,17640361841,CAMPAIGN54707,ADGROUP0934583,CREATIVE4353474,14959288,28033,2745.378721,0,0,0,0,0
26/06/2022,8394075992,ADVERTISER7580,17640117560,CAMPAIGN54722,ADGROUP0934583,CREATIVE4353462,12702218,33034,2846.789003,0,0,0,0,0
27/06/2022,7946064592,ADVERTISER7551,17639396393,CAMPAIGN54680,ADGROUP0934583,CREATIVE4353462,24120778,57904,5039.366708,0,0,0,0,0
28/06/2022,7946064592,ADVERTISER7551,17639238395,CAMPAIGN54672,ADGROUP0934583,CREATIVE4353453,29537908,85968,4549.376091,0,0,0,0,0
29/06/2022,9209732274,ADVERTISER7550,17638381433,CAMPAIGN54671,ADGROUP0934583,CREATIVE4353453,30452096,60448,4956.425416,0,0,0,0,0
30/06/2022,9209732274,ADVERTISER7550,17638381433,CAMPAIGN54671,ADGROUP0934721,CREATIVE4353453,34951,48,6.6413352,0,0,0,0,0
1/07/2022,9460373170,ADVERTISER7577,17638337024,CAMPAIGN54748,ADGROUP0934583,CREATIVE4353453,9670376,23615,1783.973984,0,0,0,0,0
2/07/2022,8608505070,ADVERTISER7670,17638303679,CAMPAIGN54966,ADGROUP0934590,CREATIVE4353507,2077832,1989,419.799069,0,0,0,0,0
3/07/2022,9202642268,ADVERTISER7627,17633860271,CAMPAIGN54844,ADGROUP0934618,CREATIVE4353517,5006237,1703,892.5137182,0,0,0,0,0
4/07/2022,9202642268,ADVERTISER7627,17633860271,CAMPAIGN54844,ADGROUP0934618,CREATIVE4353545,2894215,19762,378.4470394,0,0,0,0,0
5/07/2022,9202642268,ADVERTISER7627,17633860271,CAMPAIGN54844,ADGROUP0934618,CREATIVE4353624,478794,1648,37.8344076,0,0,0,0,0
6/07/2022,9202642268,ADVERTISER7627,17633860271,CAMPAIGN54844,ADGROUP0934618,CREATIVE4353581,159409,98,34.6839182,0,0,0,0,0
7/07/2022,4136910542,ADVERTISER7630,17633800221,CAMPAIGN54994,ADGROUP0934592,CREATIVE4353464,1562606,3540,306.8450378,0,0,0,0,0
8/07/2022,4136910542,ADVERTISER7630,17633800221,CAMPAIGN54994,ADGROUP0934592,CREATIVE4353562,479911,2893,71.1573762,279774,270967.6473,179547.2285,162776.7408,233417.4666
9/07/2022,4136910542,ADVERTISER7630,17633800221,CAMPAIGN54994,ADGROUP0934592,CREATIVE4353498,414160,1498,80.8652474,0,0,0,0,0
10/07/2022,3933179200,ADVERTISER7663,17633774120,CAMPAIGN54938,ADGROUP0934688,CREATIVE4353545,2744709,20247,493.0177928,0,0,0,0,0
11/07/2022,3933179200,ADVERTISER7663,17633774120,CAMPAIGN54938,ADGROUP0934734,CREATIVE4353581,736684,1777,188.7148712,0,0,0,0,0
12/07/2022,3933179200,ADVERTISER7663,17633774120,CAMPAIGN54938,ADGROUP0934688,CREATIVE4353581,719507,2241,159.5615512,0,0,0,0,0
13/07/2022,3933179200,ADVERTISER7663,17633774120,CAMPAIGN54938,ADGROUP0934783,CREATIVE4353517,227546,775,56.7802746,0,0,0,0,0
14/07/2022,3933179200,ADVERTISER7663,17633774120,CAMPAIGN54938,ADGROUP0934688,CREATIVE4353679,85099,346,11.7410892,0,0,0,0,0
15/07/2022,3933179200,ADVERTISER7663,17633774120,CAMPAIGN54938,ADGROUP0934734,CREATIVE4353679,53686,245,7.4252072,0,0,0,0,0
16/07/2022,3933179200,ADVERTISER7663,17633774120,CAMPAIGN54938,ADGROUP0934783,CREATIVE4353581,15648,60,4.133843,0,0,0,0,0
17/07/2022,3933179200,ADVERTISER7663,17633774120,CAMPAIGN54938,ADGROUP0934783,CREATIVE4353679,13694,21,2.7874308,0,0,0,0,0
18/07/2022,3933179200,ADVERTISER7663,17633774120,CAMPAIGN54938,ADGROUP0934728,CREATIVE4353581,4870,25,1.1095824,0,0,0,0,0
19/07/2022,3933179200,ADVERTISER7663,17633774120,CAMPAIGN54938,ADGROUP0934688,CREATIVE4353517,464,0,0.0920546,0,0,0,0,0
20/07/2022,3933179200,ADVERTISER7663,17633774120,CAMPAIGN54938,ADGROUP0934783,CREATIVE4353545,324,5,0.0964368,0,0,0,0,0
21/07/2022,3933179200,ADVERTISER7663,17633774120,CAMPAIGN54938,ADGROUP0934728,CREATIVE4353517,275,0,0.0550492,0,0,0,0,0
22/07/2022,3933179200,ADVERTISER7663,17633774120,CAMPAIGN54938,ADGROUP0934728,CREATIVE4353545,125,3,0.0242714,0,0,0,0,0
23/07/2022,3933179200,ADVERTISER7663,17633773919,CAMPAIGN55022,ADGROUP0934728,CREATIVE4353581,1065310,6,169.9894054,0,0,0,0,0
24/07/2022,3933179200,ADVERTISER7663,17633773919,CAMPAIGN55022,ADGROUP0934734,CREATIVE4353581,945004,34,403.114784,0,0,0,0,0
25/07/2022,3933179200,ADVERTISER7663,17633773919,CAMPAIGN55022,ADGROUP0934688,CREATIVE4353581,761764,1,139.9747696,0,0,0,0,0
26/07/2022,3933179200,ADVERTISER7663,17633773919,CAMPAIGN55022,ADGROUP0934816,CREATIVE4353581,39751,1,14.4278776,0,0,0,0,0
27/07/2022,3933179200,ADVERTISER7663,17633773919,CAMPAIGN55022,ADGROUP0934728,CREATIVE4353517,2308,0,0.6388056,0,0,0,0,0
28/07/2022,3933179200,ADVERTISER7663,17633773919,CAMPAIGN55022,ADGROUP0934688,CREATIVE4353517,598,0,0.1111662,0,0,0,0,0
29/07/2022,3933179200,ADVERTISER7663,17633773919,CAMPAIGN55022,ADGROUP0934688,CREATIVE4353679,7,0,0.0003732,0,0,0,0,0
30/07/2022,1068193845,ADVERTISER7563,17633713118,CAMPAIGN54697,ADGROUP0934587,CREATIVE4353457,16316110,45312,3178.554601,0,0,0,0,0
31/07/2022,8553819047,ADVERTISER7552,17633637488,CAMPAIGN54674,ADGROUP0934588,CREATIVE4353458,26977918,44039,4189.226826,0,0,0,0,0
1/08/2022,3357404723,ADVERTISER7569,17633602031,CAMPAIGN54789,ADGROUP0934641,CREATIVE4353457,7360901,7400,3747.149832,0,0,0,0,0
2/08/2022,3357404723,ADVERTISER7569,17633602031,CAMPAIGN54789,ADGROUP0934727,CREATIVE4353457,507596,736,299.2064126,0,0,0,0,0
3/08/2022,8674111084,ADVERTISER7547,17633523338,CAMPAIGN54668,ADGROUP0934584,CREATIVE4353454,37370848,98417,6140.963797,0,0,0,0,0
4/08/2022,8674111084,ADVERTISER7547,17633523338,CAMPAIGN54668,ADGROUP0934584,CREATIVE4353520,4855292,12724,793.3992774,0,0,0,0,0
5/08/2022,8674111084,ADVERTISER7547,17633523338,CAMPAIGN54668,ADGROUP0934723,CREATIVE4353454,1195341,2928,237.973297,0,0,0,0,0
6/08/2022,8674111084,ADVERTISER7547,17633523338,CAMPAIGN54668,ADGROUP0934723,CREATIVE4353520,137391,335,28.1453134,0,0,0,0,0
7/08/2022,8622718042,ADVERTISER7611,17633441654,CAMPAIGN55066,ADGROUP0934617,CREATIVE4353488,494343,61,223.5653632,0,0,0,0,0
8/08/2022,8622718042,ADVERTISER7611,17633441654,CAMPAIGN55066,ADGROUP0934724,CREATIVE4353488,238944,15,110.5217092,0,0,0,0,0
9/08/2022,8622718042,ADVERTISER7611,17633427809,CAMPAIGN55079,ADGROUP0934617,CREATIVE4353488,399501,922,221.3189188,0,0,0,0,0
10/08/2022,8622718042,ADVERTISER7611,17633427809,CAMPAIGN55079,ADGROUP0934724,CREATIVE4353488,256454,693,141.2060568,0,0,0,0,0
11/08/2022,8622718042,ADVERTISER7611,17633427809,CAMPAIGN55079,ADGROUP0934617,CREATIVE4353596,26537,136,7.4450584,0,0,0,0,0
12/08/2022,8622718042,ADVERTISER7611,17633427809,CAMPAIGN55079,ADGROUP0934724,CREATIVE4353596,12510,58,4.4985622,0,0,0,0,0
13/08/2022,6318811892,ADVERTISER7560,17633390531,CAMPAIGN55030,ADGROUP0934617,CREATIVE4353488,945809,50,578.9138776,0,0,0,0,0
14/08/2022,6318811892,ADVERTISER7560,17633390531,CAMPAIGN55030,ADGROUP0934724,CREATIVE4353488,694030,49,362.6919792,0,0,0,0,0
15/08/2022,7594920184,ADVERTISER7590,17633329397,CAMPAIGN54814,ADGROUP0934617,CREATIVE4353488,6087396,452,1521.756401,0,0,0,0,0
16/08/2022,2095122341,ADVERTISER7659,17633322944,CAMPAIGN54983,ADGROUP0934683,CREATIVE4353518,1809248,2938,362.2947406,950943,916964.2299,552126.8827,501610.112,659448.7613
17/08/2022,2095122341,ADVERTISER7659,17633322944,CAMPAIGN54983,ADGROUP0934683,CREATIVE4353538,973181,4750,186.1320696,380205,368157.1347,195736.3852,148249.5825,281501.8401
18/08/2022,2095122341,ADVERTISER7659,17633322944,CAMPAIGN54983,ADGROUP0934751,CREATIVE4353518,634058,1599,143.561198,331172,318079.0334,191032.2241,174086.9399,227899.7095
19/08/2022,2095122341,ADVERTISER7659,17633322944,CAMPAIGN54983,ADGROUP0934751,CREATIVE4353538,452188,2144,107.1562292,184473,178240.4093,96359.52915,75346.35237,135722.6806
20/08/2022,2095122341,ADVERTISER7659,17633322944,CAMPAIGN54983,ADGROUP0934751,CREATIVE4353641,296404,1524,82.2704196,0,0,0,0,0
21/08/2022,2095122341,ADVERTISER7659,17633322944,CAMPAIGN54983,ADGROUP0934683,CREATIVE4353641,43627,152,7.8208064,0,0,0,0,0
22/08/2022,2247705443,ADVERTISER7597,17632987412,CAMPAIGN54878,ADGROUP0934668,CREATIVE4353497,4023744,4149,685.6911902,0,0,0,0,0
23/08/2022,2247705443,ADVERTISER7597,17632987412,CAMPAIGN54878,ADGROUP0934744,CREATIVE4353497,698676,1004,113.9498892,0,0,0,0,0
24/08/2022,2247705443,ADVERTISER7597,17632987412,CAMPAIGN54878,ADGROUP0934668,CREATIVE4353697,55940,276,6.7555226,0,0,0,0,0
25/08/2022,2247705443,ADVERTISER7597,17632987412,CAMPAIGN54878,ADGROUP0934744,CREATIVE4353697,6282,34,0.8333584,0,0,0,0,0
26/08/2022,4594280615,ADVERTISER7626,17632806470,CAMPAIGN54912,ADGROUP0934668,CREATIVE4353497,3342984,6684,865.107367,0,0,0,0,0
27/08/2022,4594280615,ADVERTISER7626,17632806470,CAMPAIGN54912,ADGROUP0934744,CREATIVE4353497,471753,970,101.5227762,0,0,0,0,0
28/08/2022,4594280615,ADVERTISER7626,17632806470,CAMPAIGN54912,ADGROUP0934668,CREATIVE4353697,47168,181,12.42657,0,0,0,0,0
29/08/2022,4594280615,ADVERTISER7626,17632806470,CAMPAIGN54912,ADGROUP0934744,CREATIVE4353697,4508,22,1.2234114,0,0,0,0,0
30/08/2022,8394075992,ADVERTISER7580,17631286504,CAMPAIGN54790,ADGROUP0934583,CREATIVE4353453,7334749,10771,1121.250226,0,0,0,0,0
31/08/2022,8394075992,ADVERTISER7580,17631286504,CAMPAIGN54790,ADGROUP0934721,CREATIVE4353453,1316112,2716,195.3184678,0,0,0,0,0
1/09/2022,8622718042,ADVERTISER7611,17631111344,CAMPAIGN55061,ADGROUP0934618,CREATIVE4353467,534152,27,379.8176304,0,0,0,0,0
2/09/2022,8622718042,ADVERTISER7611,17631078917,CAMPAIGN54851,ADGROUP0934585,CREATIVE4353467,4841978,24614,2539.036534,0,0,0,0,0
3/09/2022,8622718042,ADVERTISER7611,17631078917,CAMPAIGN54851,ADGROUP0934698,CREATIVE4353467,975830,3819,438.6180804,0,0,0,0,0
4/09/2022,8622718042,ADVERTISER7611,17631078917,CAMPAIGN54851,ADGROUP0934585,CREATIVE4353600,123670,615,26.7784182,0,0,0,0,0
5/09/2022,8622718042,ADVERTISER7611,17631078917,CAMPAIGN54851,ADGROUP0934698,CREATIVE4353600,18853,123,6.5532126,0,0,0,0,0
6/09/2022,8622718042,ADVERTISER7611,17631078917,CAMPAIGN54851,ADGROUP0934698,CREATIVE4353614,15366,110,5.4123456,0,0,0,0,0
7/09/2022,8622718042,ADVERTISER7611,17631078917,CAMPAIGN54851,ADGROUP0934585,CREATIVE4353614,6526,33,1.2174852,0,0,0,0,0
8/09/2022,7454349478,ADVERTISER7606,17630750044,CAMPAIGN54784,ADGROUP0934583,CREATIVE4353453,7550316,14450,981.7457738,0,0,0,0,0
9/09/2022,1225379668,ADVERTISER7570,17630240610,CAMPAIGN54760,ADGROUP0934583,CREATIVE4353453,9053879,16857,1262.128937,0,0,0,0,0
10/09/2022,5120708652,ADVERTISER7546,17629993888,CAMPAIGN54676,ADGROUP0934583,CREATIVE4353460,26525100,46034,4959.106036,0,0,0,0,0
11/09/2022,1945376409,ADVERTISER7666,17629513147,CAMPAIGN54977,ADGROUP0934610,CREATIVE4353507,1836259,2390,367.7652136,0,0,0,0,0
12/09/2022,1945376409,ADVERTISER7666,17629513147,CAMPAIGN54977,ADGROUP0934610,CREATIVE4353637,121686,140,26.0429122,0,0,0,0,0
13/09/2022,5120708652,ADVERTISER7546,17628538467,CAMPAIGN54667,ADGROUP0934583,CREATIVE4353453,44789254,94065,6588.656626,0,0,0,0,0
14/09/2022,9460373170,ADVERTISER7577,17628406725,CAMPAIGN54717,ADGROUP0934583,CREATIVE4353462,13645144,29432,2911.218197,0,0,0,0,0
15/09/2022,2001291897,ADVERTISER7614,17628369114,CAMPAIGN54857,ADGROUP0934590,CREATIVE4353507,4438493,4928,879.6967956,0,0,0,0,0
16/09/2022,2001291897,ADVERTISER7614,17628369114,CAMPAIGN54857,ADGROUP0934590,CREATIVE4353507,4438488,4927,879.6958248,0,0,0,0,0
17/09/2022,9202642268,ADVERTISER7627,17625110347,CAMPAIGN54839,ADGROUP0934618,CREATIVE4353517,5295893,168,1044.118842,0,0,0,0,0
18/09/2022,9202642268,ADVERTISER7627,17625110347,CAMPAIGN54839,ADGROUP0934618,CREATIVE4353581,134135,3,29.1751384,0,0,0,0,0
19/09/2022,9202642268,ADVERTISER7627,17625110347,CAMPAIGN54839,ADGROUP0934618,CREATIVE4353545,26127,17,3.877393,0,0,0,0,0
20/09/2022,9202642268,ADVERTISER7627,17625110347,CAMPAIGN54839,ADGROUP0934618,CREATIVE4353624,10,0,0.0022744,0,0,0,0,0
21/09/2022,4590666199,ADVERTISER7640,17625007651,CAMPAIGN54867,ADGROUP0934586,CREATIVE4353456,4264942,4010,1710.294105,0,0,0,0,0
22/09/2022,4590666199,ADVERTISER7640,17625007651,CAMPAIGN54867,ADGROUP0934586,CREATIVE4353464,206836,288,279.6662678,0,0,0,0,0
23/09/2022,4590666199,ADVERTISER7640,17625007651,CAMPAIGN54867,ADGROUP0934770,CREATIVE4353456,108170,178,51.8271714,0,0,0,0,0
24/09/2022,4590666199,ADVERTISER7640,17625007651,CAMPAIGN54867,ADGROUP0934770,CREATIVE4353464,18208,48,93.5171014,0,0,0,0,0
25/09/2022,1068193845,ADVERTISER7563,17624987437,CAMPAIGN54701,ADGROUP0934588,CREATIVE4353458,15604030,41698,2939.516436,0,0,0,0,0
26/09/2022,8553819047,ADVERTISER7552,17624928139,CAMPAIGN54682,ADGROUP0934587,CREATIVE4353457,22727431,35077,3661.340919,0,0,0,0,0
27/09/2022,8674111084,ADVERTISER7547,17624814169,CAMPAIGN54679,ADGROUP0934584,CREATIVE4353454,24834688,53456,3356.84694,0,0,0,0,0
28/09/2022,8674111084,ADVERTISER7547,17624814169,CAMPAIGN54679,ADGROUP0934584,CREATIVE4353520,3546114,7003,459.7324118,0,0,0,0,0
29/09/2022,8674111084,ADVERTISER7547,17624814169,CAMPAIGN54679,ADGROUP0934723,CREATIVE4353454,479772,347,74.2663214,0,0,0,0,0
30/09/2022,8674111084,ADVERTISER7547,17624814169,CAMPAIGN54679,ADGROUP0934723,CREATIVE4353520,60583,55,9.3986706,0,0,0,0,0
1/10/2022,2708962466,ADVERTISER7648,17624284052,CAMPAIGN54971,ADGROUP0934626,CREATIVE4353532,1995984,70,942.3757554,0,0,0,0,0
2/10/2022,2708962466,ADVERTISER7648,17624284052,CAMPAIGN54971,ADGROUP0934626,CREATIVE4353467,555014,26,379.4111428,0,0,0,0,0
3/10/2022,2708962466,ADVERTISER7648,17624284052,CAMPAIGN54971,ADGROUP0934711,CREATIVE4353532,156825,9,72.235153,0,0,0,0,0
4/10/2022,2708962466,ADVERTISER7648,17624284052,CAMPAIGN54971,ADGROUP0934711,CREATIVE4353467,7247,1,5.5092174,0,0,0,0,0
5/10/2022,3913130370,ADVERTISER7609,17624137636,CAMPAIGN54901,ADGROUP0934668,CREATIVE4353497,3572700,3076,616.6623862,0,0,0,0,0
6/10/2022,3913130370,ADVERTISER7609,17624137636,CAMPAIGN54901,ADGROUP0934744,CREATIVE4353497,339052,431,56.6806564,0,0,0,0,0
7/10/2022,3913130370,ADVERTISER7609,17624137636,CAMPAIGN54901,ADGROUP0934668,CREATIVE4353697,43078,173,5.235114,0,0,0,0,0
8/10/2022,3913130370,ADVERTISER7609,17624137636,CAMPAIGN54901,ADGROUP0934744,CREATIVE4353697,405,2,0.0375068,0,0,0,0,0
9/10/2022,5374370160,ADVERTISER7558,17624104772,CAMPAIGN54991,ADGROUP0934618,CREATIVE4353467,1603398,144,1388.638069,0,0,0,0,0
10/10/2022,5374370160,ADVERTISER7558,17624104772,CAMPAIGN54991,ADGROUP0934736,CREATIVE4353467,12350,7,10.5717654,0,0,0,0,0
11/10/2022,5951131141,ADVERTISER7661,17623987370,CAMPAIGN54932,ADGROUP0934618,CREATIVE4353488,2800484,142,1227.435223,0,0,0,0,0
12/10/2022,5951131141,ADVERTISER7661,17623987370,CAMPAIGN54932,ADGROUP0934618,CREATIVE4353467,2034726,149,961.7144224,0,0,0,0,0
13/10/2022,5951131141,ADVERTISER7661,17623987370,CAMPAIGN54932,ADGROUP0934736,CREATIVE4353488,872372,33,371.5231586,0,0,0,0,0
14/10/2022,5951131141,ADVERTISER7661,17623973429,CAMPAIGN54928,ADGROUP0934585,CREATIVE4353488,2889692,6888,1412.095896,0,0,0,0,0
15/10/2022,5951131141,ADVERTISER7661,17623973429,CAMPAIGN54928,ADGROUP0934585,CREATIVE4353467,2077726,3332,1127.435472,0,0,0,0,0
16/10/2022,5951131141,ADVERTISER7661,17623973429,CAMPAIGN54928,ADGROUP0934698,CREATIVE4353488,1107798,2415,541.4812156,0,0,0,0,0
17/10/2022,5951131141,ADVERTISER7661,17623973429,CAMPAIGN54928,ADGROUP0934585,CREATIVE4353614,172746,770,29.8153282,0,0,0,0,0
18/10/2022,5951131141,ADVERTISER7661,17623973429,CAMPAIGN54928,ADGROUP0934585,CREATIVE4353596,165792,757,44.0587184,0,0,0,0,0
19/10/2022,5951131141,ADVERTISER7661,17623973429,CAMPAIGN54928,ADGROUP0934698,CREATIVE4353596,46993,205,14.0717252,0,0,0,0,0
20/10/2022,6396314796,ADVERTISER7686,17623790055,CAMPAIGN55065,ADGROUP0934618,CREATIVE4353517,503319,11,185.4440124,0,0,0,0,0
21/10/2022,6396314796,ADVERTISER7686,17623790055,CAMPAIGN55065,ADGROUP0934618,CREATIVE4353545,3367,0,1.1522802,0,0,0,0,0
22/10/2022,6396314796,ADVERTISER7686,17623790055,CAMPAIGN55065,ADGROUP0934618,CREATIVE4353624,1,0,0.0002876,0,0,0,0,0
23/10/2022,6396314796,ADVERTISER7686,17623787220,CAMPAIGN55106,ADGROUP0934618,CREATIVE4353517,214341,306,114.0502058,0,0,0,0,0
24/10/2022,6396314796,ADVERTISER7686,17623787220,CAMPAIGN55106,ADGROUP0934618,CREATIVE4353545,199512,1388,81.526365,0,0,0,0,0
25/10/2022,6396314796,ADVERTISER7686,17623787220,CAMPAIGN55106,ADGROUP0934618,CREATIVE4353624,47388,237,7.1331002,0,0,0,0,0
26/10/2022,6396314796,ADVERTISER7686,17623787220,CAMPAIGN55106,ADGROUP0934618,CREATIVE4353581,9767,41,2.7805914,0,0,0,0,0
27/10/2022,9049175994,ADVERTISER7633,17623764638,CAMPAIGN54855,ADGROUP0934585,CREATIVE4353511,4561159,3800,1585.335999,0,0,0,0,0
28/10/2022,9902684844,ADVERTISER7549,17623675566,CAMPAIGN54670,ADGROUP0934586,CREATIVE4353456,30737763,120352,5136.508215,15745831,15136371.65,9703888.565,8085110.919,14631202.93
29/10/2022,9902684844,ADVERTISER7549,17623675566,CAMPAIGN54670,ADGROUP0934770,CREATIVE4353456,1015,2,0.432805,417,390.9440855,211.6765184,173.3290213,372.0416505
30/10/2022,5736076970,ADVERTISER7620,17623651839,CAMPAIGN54813,ADGROUP0934588,CREATIVE4353458,6167008,16756,1097.318397,0,0,0,0,0
31/10/2022,5736076970,ADVERTISER7620,17623651671,CAMPAIGN54827,ADGROUP0934655,CREATIVE4353457,5637933,16704,1006.708104,0,0,0,0,0
1/11/2022,3357404723,ADVERTISER7569,17623547949,CAMPAIGN54792,ADGROUP0934641,CREATIVE4353458,7162716,7207,3578.621659,0,0,0,0,0
2/11/2022,3357404723,ADVERTISER7569,17623547949,CAMPAIGN54792,ADGROUP0934727,CREATIVE4353458,1105765,2050,517.8665448,0,0,0,0,0
3/11/2022,6701983188,ADVERTISER7668,17623498257,CAMPAIGN54980,ADGROUP0934683,CREATIVE4353518,1831555,3680,331.501024,920885,883910.6506,514687.8429,464034.1185,616152.4447
4/11/2022,6701983188,ADVERTISER7668,17623498257,CAMPAIGN54980,ADGROUP0934683,CREATIVE4353538,1364180,7316,244.188459,517538,499918.8235,257948.5546,195688.2517,372292.9643
5/11/2022,6701983188,ADVERTISER7668,17623498257,CAMPAIGN54980,ADGROUP0934751,CREATIVE4353518,171025,478,27.4703786,85802,82111.00113,47662.61041,43291.23956,56855.47701
6/11/2022,6701983188,ADVERTISER7668,17623498257,CAMPAIGN54980,ADGROUP0934751,CREATIVE4353538,106813,688,17.2507854,37780,36375.23659,18004.49511,13328.7024,26855.34333
7/11/2022,6701983188,ADVERTISER7668,17623498257,CAMPAIGN54980,ADGROUP0934683,CREATIVE4353641,53246,219,11.6345514,0,0,0,0,0
8/11/2022,6701983188,ADVERTISER7668,17623498257,CAMPAIGN54980,ADGROUP0934751,CREATIVE4353641,5213,13,1.180314,0,0,0,0,0
9/11/2022,1997190441,ADVERTISER7593,17623495140,CAMPAIGN54803,ADGROUP0934588,CREATIVE4353458,6574603,26453,1253.770966,0,0,0,0,0
10/11/2022,1997190441,ADVERTISER7593,17623495101,CAMPAIGN54819,ADGROUP0934627,CREATIVE4353457,5885457,11865,1128.687015,0,0,0,0,0
11/11/2022,7261257196,ADVERTISER7592,17623449267,CAMPAIGN54754,ADGROUP0934624,CREATIVE4353492,9341169,13586,1698.729481,0,0,0,0,0
12/11/2022,7261257196,ADVERTISER7592,17623449267,CAMPAIGN54754,ADGROUP0934777,CREATIVE4353492,266608,444,41.5943598,0,0,0,0,0
13/11/2022,7261257196,ADVERTISER7592,17623449267,CAMPAIGN54754,ADGROUP0934624,CREATIVE4353664,128863,63,19.4710286,0,0,0,0,0
14/11/2022,4728079268,ADVERTISER7677,17623447845,CAMPAIGN55018,ADGROUP0934633,CREATIVE4353563,1129792,2316,196.508514,474110,455335.6299,235580.5565,200101.0457,300042.4119
15/11/2022,4728079268,ADVERTISER7677,17623447845,CAMPAIGN55018,ADGROUP0934633,CREATIVE4353576,680153,2565,104.9679506,286941,276882.8884,156896.4685,121564.328,209969.5714
16/11/2022,4728079268,ADVERTISER7677,17623447845,CAMPAIGN55018,ADGROUP0934633,CREATIVE4353670,105095,474,18.118412,0,0,0,0,0
17/11/2022,4728079268,ADVERTISER7677,17623447845,CAMPAIGN55018,ADGROUP0934684,CREATIVE4353563,65271,191,11.25595,25756,24411.63323,12234.08602,10209.92314,15664.2749
18/11/2022,4728079268,ADVERTISER7677,17623447845,CAMPAIGN55018,ADGROUP0934684,CREATIVE4353576,59003,341,9.3448192,23245,22230.17372,12081.17082,9183.742457,16587.63252
19/11/2022,4728079268,ADVERTISER7677,17623447845,CAMPAIGN55018,ADGROUP0934684,CREATIVE4353670,46707,225,8.6010968,0,0,0,0,0
20/11/2022,4728079268,ADVERTISER7677,17623447845,CAMPAIGN55018,ADGROUP0934633,CREATIVE4353708,5820,29,0.7667324,0,0,0,0,0
21/11/2022,4728079268,ADVERTISER7677,17623447845,CAMPAIGN55018,ADGROUP0934684,CREATIVE4353708,607,2,0.0914056,0,0,0,0,0
22/11/2022,3522476623,ADVERTISER7629,17623436352,CAMPAIGN54955,ADGROUP0934694,CREATIVE4353518,2359728,3264,393.0623488,1346145,1302385.976,841499.989,770703.2764,981319.346
23/11/2022,3522476623,ADVERTISER7629,17623436352,CAMPAIGN54955,ADGROUP0934694,CREATIVE4353538,2012842,12068,330.0892398,819235,794217.0551,430154.8588,332313.4778,612200.014
24/11/2022,3522476623,ADVERTISER7629,17623436352,CAMPAIGN54955,ADGROUP0934751,CREATIVE4353518,266351,571,43.5921854,164208,158824.7018,109157.9812,101891.5811,124077.5181
25/11/2022,3522476623,ADVERTISER7629,17623436352,CAMPAIGN54955,ADGROUP0934751,CREATIVE4353538,221443,1759,38.9238306,87261,84180.84851,44409.3468,34572.36636,64273.53984
26/11/2022,3522476623,ADVERTISER7629,17623436352,CAMPAIGN54955,ADGROUP0934694,CREATIVE4353641,52835,263,9.9121754,0,0,0,0,0
27/11/2022,3522476623,ADVERTISER7629,17623436352,CAMPAIGN54955,ADGROUP0934751,CREATIVE4353641,18564,89,4.0495306,0,0,0,0,0
28/11/2022,4383766737,ADVERTISER7631,17623428207,CAMPAIGN54924,ADGROUP0934683,CREATIVE4353538,3075941,12815,330.2208936,1528939,1489427.033,945463.7021,760486.7058,1212063.889
29/11/2022,4383766737,ADVERTISER7631,17623428207,CAMPAIGN54924,ADGROUP0934683,CREATIVE4353518,1769941,1861,216.2877414,1015850,990139.5566,645709.3785,585730.0897,754344.1305
30/11/2022,4383766737,ADVERTISER7631,17623428207,CAMPAIGN54924,ADGROUP0934744,CREATIVE4353518,143252,244,18.1832444,93888,91148.74889,65906.35901,61740.15757,74077.95544
1/12/2022,4383766737,ADVERTISER7631,17623428207,CAMPAIGN54924,ADGROUP0934744,CREATIVE4353538,139591,925,18.9601972,65200,62975.1613,38591.33224,30436.68422,50801.10105
2/12/2022,4383766737,ADVERTISER7631,17623428207,CAMPAIGN54924,ADGROUP0934683,CREATIVE4353641,50909,249,10.2419844,0,0,0,0,0
3/12/2022,4383766737,ADVERTISER7631,17623428207,CAMPAIGN54924,ADGROUP0934744,CREATIVE4353641,8328,35,2.1305994,0,0,0,0,0
4/12/2022,6318811892,ADVERTISER7560,17623397502,CAMPAIGN55015,ADGROUP0934617,CREATIVE4353488,1181753,1965,682.3085264,0,0,0,0,0
5/12/2022,6318811892,ADVERTISER7560,17623397502,CAMPAIGN55015,ADGROUP0934724,CREATIVE4353488,889610,1651,470.6716346,0,0,0,0,0
6/12/2022,6318811892,ADVERTISER7560,17623397502,CAMPAIGN55015,ADGROUP0934617,CREATIVE4353596,85080,245,21.8591756,0,0,0,0,0
7/12/2022,6318811892,ADVERTISER7560,17623397502,CAMPAIGN55015,ADGROUP0934724,CREATIVE4353596,60750,221,14.2393802,0,0,0,0,0
8/12/2022,7594920184,ADVERTISER7590,17623375653,CAMPAIGN54744,ADGROUP0934617,CREATIVE4353488,9992224,15758,2349.744578,0,0,0,0,0
9/12/2022,7594920184,ADVERTISER7590,17623375653,CAMPAIGN54744,ADGROUP0934617,CREATIVE4353596,801559,2669,127.6903542,0,0,0,0,0
10/12/2022,7168436701,ADVERTISER7603,17623264038,CAMPAIGN54902,ADGROUP0934617,CREATIVE4353488,3564696,66,925.4810718,0,0,0,0,0
11/12/2022,7168436701,ADVERTISER7603,17623213854,CAMPAIGN54779,ADGROUP0934617,CREATIVE4353488,7656137,27629,1688.688719,0,0,0,0,0
12/12/2022,7168436701,ADVERTISER7603,17623213854,CAMPAIGN54779,ADGROUP0934617,CREATIVE4353596,390637,1680,59.3125444,0,0,0,0,0
13/12/2022,8414952262,ADVERTISER7642,17623081827,CAMPAIGN54910,ADGROUP0934668,CREATIVE4353497,3367688,5568,697.452842,0,0,0,0,0
14/12/2022,8414952262,ADVERTISER7642,17623081827,CAMPAIGN54910,ADGROUP0934744,CREATIVE4353497,47446,235,9.0533976,0,0,0,0,0
15/12/2022,8414952262,ADVERTISER7642,17623081827,CAMPAIGN54910,ADGROUP0934668,CREATIVE4353697,23715,97,3.860472,0,0,0,0,0
16/12/2022,8414952262,ADVERTISER7642,17623081827,CAMPAIGN54910,ADGROUP0934744,CREATIVE4353697,273,1,0.0685402,0,0,0,0,0
17/12/2022,8526972378,ADVERTISER7660,17623036722,CAMPAIGN54988,ADGROUP0934684,CREATIVE4353541,1674095,3875,353.9941164,0,0,0,0,0
18/12/2022,8526972378,ADVERTISER7660,17623036722,CAMPAIGN54988,ADGROUP0934787,CREATIVE4353541,195263,395,41.3999368,0,0,0,0,0
19/12/2022,6318811892,ADVERTISER7560,17615356501,CAMPAIGN54693,ADGROUP0934595,CREATIVE4353467,17097962,53812,3491.503579,0,0,0,0,0
20/12/2022,6318811892,ADVERTISER7560,17615356501,CAMPAIGN54693,ADGROUP0934693,CREATIVE4353467,2387959,5588,542.8580156,0,0,0,0,0
21/12/2022,6318811892,ADVERTISER7560,17615356501,CAMPAIGN54693,ADGROUP0934595,CREATIVE4353600,695713,4028,162.0300164,0,0,0,0,0
22/12/2022,6318811892,ADVERTISER7560,17615356501,CAMPAIGN54693,ADGROUP0934693,CREATIVE4353600,105246,435,30.4722418,0,0,0,0,0
23/12/2022,3672908325,ADVERTISER7581,17615323423,CAMPAIGN54723,ADGROUP0934608,CREATIVE4353481,12626484,18863,2857.941936,0,0,0,0,0
24/12/2022,3672908325,ADVERTISER7581,17615323423,CAMPAIGN54723,ADGROUP0934608,CREATIVE4353527,4048364,4976,683.4270844,2921700,2832387.094,2271908.765,2119277.169,2634064.285
25/12/2022,3672908325,ADVERTISER7581,17615323423,CAMPAIGN54723,ADGROUP0934608,CREATIVE4353533,3603982,15153,900.96606,1706020,1613198.285,913793.0268,804646.505,1226267.246
26/12/2022,3672908325,ADVERTISER7581,17615323423,CAMPAIGN54723,ADGROUP0934608,CREATIVE4353539,3317660,13941,759.0064902,1671929,1609863.1,1031765.729,847463.2463,1555277.31
27/12/2022,3672908325,ADVERTISER7581,17615323423,CAMPAIGN54723,ADGROUP0934608,CREATIVE4353587,946091,4254,260.4875574,350496,331804.4774,150639.6396,126973.3724,227190.3401
28/12/2022,3672908325,ADVERTISER7581,17615323423,CAMPAIGN54723,ADGROUP0934608,CREATIVE4353588,755193,2932,150.102017,0,0,0,0,0
29/12/2022,3672908325,ADVERTISER7581,17615323423,CAMPAIGN54723,ADGROUP0934608,CREATIVE4353646,119323,473,24.5511782,0,0,0,0,0
30/12/2022,3672908325,ADVERTISER7581,17615323423,CAMPAIGN54723,ADGROUP0934608,CREATIVE4353668,99916,389,19.7414326,0,0,0,0,0
31/12/2022,6916888045,ADVERTISER7622,17615283490,CAMPAIGN54984,ADGROUP0934585,CREATIVE4353511,1766552,828,522.0008682,0,0,0,0,0
1/01/2022,5335659811,ADVERTISER7662,17614973998,CAMPAIGN55036,ADGROUP0934585,CREATIVE4353547,842361,738,311.8754766,0,0,0,0,0
2/01/2022,2469212258,ADVERTISER7556,17614354234,CAMPAIGN54685,ADGROUP0934593,CREATIVE4353465,19465872,20594,3525.784659,0,0,0,0,0
3/01/2022,2469212258,ADVERTISER7556,17614354234,CAMPAIGN54685,ADGROUP0934593,CREATIVE4353622,156635,419,26.125572,0,0,0,0,0
4/01/2022,2469212258,ADVERTISER7556,17614354234,CAMPAIGN54685,ADGROUP0934593,CREATIVE4353621,156604,468,25.7472806,0,0,0,0,0
5/01/2022,2708962466,ADVERTISER7648,17614184598,CAMPAIGN54890,ADGROUP0934618,CREATIVE4353532,3850329,8832,1980.414148,0,0,0,0,0
6/01/2022,2708962466,ADVERTISER7648,17614184598,CAMPAIGN54890,ADGROUP0934618,CREATIVE4353669,107115,406,18.512439,0,0,0,0,0
7/01/2022,5374370160,ADVERTISER7558,17613971502,CAMPAIGN54691,ADGROUP0934585,CREATIVE4353467,17276614,73637,8921.637259,0,0,0,0,0
8/01/2022,5374370160,ADVERTISER7558,17613971502,CAMPAIGN54691,ADGROUP0934698,CREATIVE4353467,2087016,5289,1011.28308,0,0,0,0,0
9/01/2022,5374370160,ADVERTISER7558,17613971502,CAMPAIGN54691,ADGROUP0934585,CREATIVE4353614,527224,2858,118.7975948,0,0,0,0,0
10/01/2022,5374370160,ADVERTISER7558,17613971502,CAMPAIGN54691,ADGROUP0934698,CREATIVE4353614,89008,422,23.4407068,0,0,0,0,0
11/01/2022,6318811892,ADVERTISER7560,17613786468,CAMPAIGN55031,ADGROUP0934595,CREATIVE4353467,909688,83,261.4884324,0,0,0,0,0
12/01/2022,6318811892,ADVERTISER7560,17613786468,CAMPAIGN55031,ADGROUP0934693,CREATIVE4353467,230633,36,88.536212,0,0,0,0,0
13/01/2022,5335659811,ADVERTISER7662,17613334452,CAMPAIGN55039,ADGROUP0934585,CREATIVE4353547,759174,93,312.0755902,0,0,0,0,0
14/01/2022,4576359700,ADVERTISER7621,17612616636,CAMPAIGN54996,ADGROUP0934651,CREATIVE4353511,1521874,1397,643.540314,0,0,0,0,0
15/01/2022,2886631056,ADVERTISER7600,17501447251,CAMPAIGN54772,ADGROUP0934635,CREATIVE4353499,8130043,10441,1673.256711,0,0,0,0,0
16/01/2022,2886631056,ADVERTISER7600,17501447251,CAMPAIGN54772,ADGROUP0934635,CREATIVE4353502,7808989,11911,1412.511629,0,0,0,0,0
17/01/2022,2886631056,ADVERTISER7600,17501447251,CAMPAIGN54772,ADGROUP0934635,CREATIVE4353503,7695477,24232,2070.094292,0,0,0,0,0
18/01/2022,4103753354,ADVERTISER7649,17492166403,CAMPAIGN55062,ADGROUP0934586,CREATIVE4353618,506952,1790,529.4374334,0,0,0,0,0
19/01/2022,4103753354,ADVERTISER7649,17492166403,CAMPAIGN55062,ADGROUP0934586,CREATIVE4353630,417750,1466,242.876546,0,0,0,0,0
20/01/2022,4103753354,ADVERTISER7649,17492166403,CAMPAIGN55062,ADGROUP0934586,CREATIVE4353632,395823,1757,231.543856,0,0,0,0,0
21/01/2022,4103753354,ADVERTISER7649,17492166403,CAMPAIGN55062,ADGROUP0934586,CREATIVE4353698,55647,206,37.7129638,0,0,0,0,0
22/01/2022,4103753354,ADVERTISER7649,17492166403,CAMPAIGN55062,ADGROUP0934586,CREATIVE4353699,54624,213,36.9863044,0,0,0,0,0
23/01/2022,4103753354,ADVERTISER7649,17492166403,CAMPAIGN55062,ADGROUP0934586,CREATIVE4353705,22281,79,12.4298856,0,0,0,0,0
24/01/2022,4103753354,ADVERTISER7649,17492166403,CAMPAIGN55062,ADGROUP0934770,CREATIVE4353699,16567,74,11.0659222,0,0,0,0,0
25/01/2022,4103753354,ADVERTISER7649,17492166403,CAMPAIGN55062,ADGROUP0934770,CREATIVE4353698,16507,62,11.3226118,0,0,0,0,0
26/01/2022,4103753354,ADVERTISER7649,17492166403,CAMPAIGN55062,ADGROUP0934586,CREATIVE4353710,3228,2,15.0264266,0,0,0,0,0
27/01/2022,4103753354,ADVERTISER7649,17492166403,CAMPAIGN55062,ADGROUP0934770,CREATIVE4353710,1017,3,5.1203532,0,0,0,0,0
28/01/2022,4103753354,ADVERTISER7649,17492166403,CAMPAIGN55062,ADGROUP0934770,CREATIVE4353618,993,4,5.023149,0,0,0,0,0
29/01/2022,4590666199,ADVERTISER7640,17396585910,CAMPAIGN55131,ADGROUP0934586,CREATIVE4353464,26359,36,27.3542538,0,0,0,0,0
30/01/2022,4590666199,ADVERTISER7640,17396585910,CAMPAIGN55131,ADGROUP0934770,CREATIVE4353464,3132,9,4.9878124,0,0,0,0,0
31/01/2022,9902684844,ADVERTISER7549,17392960207,CAMPAIGN54778,ADGROUP0934586,CREATIVE4353456,7755333,28115,2584.811085,3065612,2910433.866,1552756.526,1199659.041,2768475.838
1/02/2022,9902684844,ADVERTISER7549,17392960207,CAMPAIGN54778,ADGROUP0934770,CREATIVE4353456,146,0,0.0805964,43,39.17123288,17.37671233,12.66438356,35.34246575
2/02/2022,5329966586,ADVERTISER7616,17384561899,CAMPAIGN54998,ADGROUP0934671,CREATIVE4353531,1480771,2652,485.5662394,0,0,0,0,0
3/02/2022,2159036523,ADVERTISER7618,17294446232,CAMPAIGN54810,ADGROUP0934649,CREATIVE4353510,6346133,16249,1218.771881,0,0,0,0,0
4/02/2022,2159036523,ADVERTISER7618,17294446232,CAMPAIGN54810,ADGROUP0934649,CREATIVE4353542,3060784,10513,518.1945962,1665542,1578526.627,1013053.414,909739.2082,1218040.498
5/02/2022,1068193845,ADVERTISER7563,17175669569,CAMPAIGN55056,ADGROUP0934617,CREATIVE4353458,577690,8,457.758712,0,0,0,0,0
6/02/2022,6539736952,ADVERTISER7624,17167928851,CAMPAIGN55080,ADGROUP0934617,CREATIVE4353458,386595,11,307.181466,0,0,0,0,0
7/02/2022,6539736952,ADVERTISER7624,17167928851,CAMPAIGN55080,ADGROUP0934724,CREATIVE4353458,1321,0,2.1039312,0,0,0,0,0
8/02/2022,5736076970,ADVERTISER7620,17167630702,CAMPAIGN55091,ADGROUP0934617,CREATIVE4353458,291245,7,370.4262564,0,0,0,0,0
9/02/2022,8553819047,ADVERTISER7552,17162626251,CAMPAIGN55010,ADGROUP0934720,CREATIVE4353458,1322525,28,1026.776941,0,0,0,0,0
10/02/2022,6318811892,ADVERTISER7560,17161809035,CAMPAIGN54818,ADGROUP0934617,CREATIVE4353488,5927728,28,4862.209094,0,0,0,0,0
11/02/2022,6318811892,ADVERTISER7560,17161809035,CAMPAIGN54818,ADGROUP0934724,CREATIVE4353488,90159,0,81.120841,0,0,0,0,0
12/02/2022,5374370160,ADVERTISER7558,17153792851,CAMPAIGN54939,ADGROUP0934617,CREATIVE4353488,2742301,177,2049.878802,0,0,0,0,0
13/02/2022,8622718042,ADVERTISER7611,17149096788,CAMPAIGN54982,ADGROUP0934617,CREATIVE4353488,1812603,74,1091.633691,0,0,0,0,0
14/02/2022,8622718042,ADVERTISER7611,17149096788,CAMPAIGN54982,ADGROUP0934724,CREATIVE4353488,9733,0,5.3521532,0,0,0,0,0
15/02/2022,8458271135,ADVERTISER7637,17143047028,CAMPAIGN54904,ADGROUP0934609,CREATIVE4353534,3486286,9626,1115.084864,0,0,0,0,0
16/02/2022,5374370160,ADVERTISER7558,17140904076,CAMPAIGN54812,ADGROUP0934617,CREATIVE4353488,6182706,17754,4865.594679,0,0,0,0,0
17/02/2022,5374370160,ADVERTISER7558,17140904076,CAMPAIGN54812,ADGROUP0934617,CREATIVE4353596,222969,847,211.2056338,0,0,0,0,0
18/02/2022,1997190441,ADVERTISER7593,17118410128,CAMPAIGN55085,ADGROUP0934617,CREATIVE4353458,334727,15,354.4540138,0,0,0,0,0
19/02/2022,3542644591,ADVERTISER7676,17095296950,CAMPAIGN54979,ADGROUP0934706,CREATIVE4353510,1835168,5385,399.4807454,0,0,0,0,0
20/02/2022,3542644591,ADVERTISER7676,17095296950,CAMPAIGN54979,ADGROUP0934706,CREATIVE4353542,866250,3697,182.2050516,373803,354984.3503,185667.8714,162633.6425,237633.3034
21/02/2022,3227704572,ADVERTISER7657,17087330549,CAMPAIGN54920,ADGROUP0934682,CREATIVE4353510,3175546,8489,716.7152998,0,0,0,0,0
22/02/2022,3227704572,ADVERTISER7657,17087330549,CAMPAIGN54920,ADGROUP0934682,CREATIVE4353542,939228,3874,212.908225,458791,436856.451,252789.2392,227043.2555,310054.9057
23/02/2022,6318811892,ADVERTISER7560,16996026658,CAMPAIGN54952,ADGROUP0934617,CREATIVE4353488,2451060,8304,1635.562701,0,0,0,0,0
24/02/2022,6318811892,ADVERTISER7560,16996026658,CAMPAIGN54952,ADGROUP0934617,CREATIVE4353596,341769,1452,210.28511,0,0,0,0,0
25/02/2022,8622718042,ADVERTISER7611,16990273143,CAMPAIGN55014,ADGROUP0934724,CREATIVE4353488,1185738,4132,824.6022122,0,0,0,0,0
26/02/2022,8622718042,ADVERTISER7611,16990273143,CAMPAIGN55014,ADGROUP0934617,CREATIVE4353488,987228,3637,657.08653,0,0,0,0,0
27/02/2022,8394075992,ADVERTISER7580,16981193023,CAMPAIGN54746,ADGROUP0934619,CREATIVE4353491,9771257,14421,3492.405464,0,0,0,0,0
28/02/2022,3074881268,ADVERTISER7685,16906996960,CAMPAIGN55109,ADGROUP0934618,CREATIVE4353606,182198,199,107.497503,0,0,0,0,0
1/03/2022,2020054642,ADVERTISER7568,16839111983,CAMPAIGN54724,ADGROUP0934609,CREATIVE4353482,12583119,64461,2099.786058,0,0,0,0,0
2/03/2022,2517480813,ADVERTISER7583,16839054674,CAMPAIGN54729,ADGROUP0934609,CREATIVE4353482,11363443,50755,1651.840005,0,0,0,0,0
3/03/2022,8983780819,ADVERTISER7608,16832195209,CAMPAIGN54875,ADGROUP0934609,CREATIVE4353482,4047367,8978,746.907327,0,0,0,0,0
4/03/2022,2069933731,ADVERTISER7634,16830619678,CAMPAIGN54927,ADGROUP0934609,CREATIVE4353482,2891239,10177,513.080636,0,0,0,0,0
5/03/2022,5964858794,ADVERTISER7687,16830426628,CAMPAIGN55073,ADGROUP0934618,CREATIVE4353628,449453,497,369.6036804,0,0,0,0,0
6/03/2022,5964858794,ADVERTISER7687,16830426628,CAMPAIGN55073,ADGROUP0934618,CREATIVE4353666,110159,360,80.848871,0,0,0,0,0
7/03/2022,5964858794,ADVERTISER7687,16830426628,CAMPAIGN55073,ADGROUP0934618,CREATIVE4353671,104789,305,77.0987576,0,0,0,0,0
8/03/2022,5964858794,ADVERTISER7687,16830426628,CAMPAIGN55073,ADGROUP0934736,CREATIVE4353628,8478,12,43.1564104,0,0,0,0,0
9/03/2022,5964858794,ADVERTISER7687,16830426628,CAMPAIGN55073,ADGROUP0934736,CREATIVE4353671,1191,1,6.1781902,0,0,0,0,0
10/03/2022,5964858794,ADVERTISER7687,16830426628,CAMPAIGN55073,ADGROUP0934736,CREATIVE4353666,1161,9,5.986861,0,0,0,0,0
11/03/2022,7533759993,ADVERTISER7587,16743244256,CAMPAIGN54935,ADGROUP0934686,CREATIVE4353548,2768455,3270,575.587723,1186274,758905.9903,509691.296,439447.2321,589593.0246
12/03/2022,6361806321,ADVERTISER7667,16735338880,CAMPAIGN55052,ADGROUP0934686,CREATIVE4353607,594386,693,125.2201332,214613,124995.2448,79149.69924,66208.68819,93257.86557
13/03/2022,9021156800,ADVERTISER7652,16733847493,CAMPAIGN55048,ADGROUP0934748,CREATIVE4353548,661728,674,153.9728814,231140,130851.7265,81572.02605,67819.90794,97013.50917
14/03/2022,2515518348,ADVERTISER7688,16724872532,CAMPAIGN55096,ADGROUP0934754,CREATIVE4353645,267145,3453,100.003817,135752,128040.8013,83104.57943,67679.78543,108871.8191
15/03/2022,2515518348,ADVERTISER7688,16724872532,CAMPAIGN55096,ADGROUP0934772,CREATIVE4353638,163864,1309,37.3006944,45613,39515.84609,26893.00535,22964.48061,32418.37496
16/03/2022,2515518348,ADVERTISER7688,16724872532,CAMPAIGN55096,ADGROUP0934772,CREATIVE4353658,162672,1129,47.9361334,20452,18314.40947,9623.22912,7558.481955,13685.1675
17/03/2022,2515518348,ADVERTISER7688,16724872532,CAMPAIGN55096,ADGROUP0934772,CREATIVE4353645,99918,1988,40.330767,42134,38733.71144,22949.24211,17921.64238,31759.67516
18/03/2022,2515518348,ADVERTISER7688,16724872532,CAMPAIGN55096,ADGROUP0934754,CREATIVE4353638,83823,421,22.2682922,24261,21553.34484,13618.69676,11161.54634,17123.90388
19/03/2022,2515518348,ADVERTISER7688,16724872532,CAMPAIGN55096,ADGROUP0934772,CREATIVE4353643,75044,569,25.6643516,14942,8764.857298,4666.848279,3604.773671,6720.604973
20/03/2022,2515518348,ADVERTISER7688,16724872532,CAMPAIGN55096,ADGROUP0934754,CREATIVE4353643,69047,299,18.4652902,21029,16870.98627,10416.79355,8498.768503,13784.59681
21/03/2022,2515518348,ADVERTISER7688,16724872532,CAMPAIGN55096,ADGROUP0934754,CREATIVE4353658,64453,724,30.8964732,21424,19544.52317,9750.81526,7457.783887,14776.76707
22/03/2022,2515518348,ADVERTISER7688,16724867237,CAMPAIGN55107,ADGROUP0934754,CREATIVE4353645,195968,3951,68.9578618,85609,81428.74581,47050.32593,35822.89487,67176.15693
23/03/2022,2515518348,ADVERTISER7688,16724867237,CAMPAIGN55107,ADGROUP0934772,CREATIVE4353638,145257,1199,24.6472382,48377,43791.09809,31706.19399,27788.66299,37355.80581
24/03/2022,2515518348,ADVERTISER7688,16724867237,CAMPAIGN55107,ADGROUP0934754,CREATIVE4353638,137772,1049,19.284847,33431,30787.23088,20881.7664,17639.42191,25328.18786
25/03/2022,2515518348,ADVERTISER7688,16724867237,CAMPAIGN55107,ADGROUP0934772,CREATIVE4353658,56591,711,17.2813804,18873,17178.87277,9760.94132,8250.821585,13673.17647
26/03/2022,2515518348,ADVERTISER7688,16724867237,CAMPAIGN55107,ADGROUP0934754,CREATIVE4353658,51594,706,18.3218906,18942,17594.98642,9298.003694,7196.566164,13804.04346
27/03/2022,2515518348,ADVERTISER7688,16724867237,CAMPAIGN55107,ADGROUP0934754,CREATIVE4353643,47593,445,14.3914358,14676,13306.94896,7041.824497,5301.358546,10588.17479
28/03/2022,2515518348,ADVERTISER7688,16724867237,CAMPAIGN55107,ADGROUP0934772,CREATIVE4353645,45242,669,11.909387,19015,17419.90837,10821.08344,9053.77014,14584.97437
29/03/2022,2515518348,ADVERTISER7688,16724867237,CAMPAIGN55107,ADGROUP0934772,CREATIVE4353643,41655,508,16.464239,6892,5372.351654,2424.285331,1747.612955,3966.514748
30/03/2022,2515518348,ADVERTISER7688,16724577038,CAMPAIGN55089,ADGROUP0934772,CREATIVE4353638,315427,2354,50.0040808,163793,149096.105,112768.0585,98924.49498,129977.972
31/03/2022,2515518348,ADVERTISER7688,16724577038,CAMPAIGN55089,ADGROUP0934754,CREATIVE4353638,314594,1020,28.6832096,24828,22481.74545,14191.73286,11421.88126,17917.04154
1/04/2022,2515518348,ADVERTISER7688,16724577038,CAMPAIGN55089,ADGROUP0934772,CREATIVE4353645,237927,3625,96.9174318,108544,102393.3027,61393.60727,46619.50339,86279.32797
2/04/2022,2515518348,ADVERTISER7688,16724577038,CAMPAIGN55089,ADGROUP0934754,CREATIVE4353645,216054,2701,44.7839012,69003,63944.1386,39921.09213,32466.25605,52598.67414
3/04/2022,2515518348,ADVERTISER7688,16724577038,CAMPAIGN55089,ADGROUP0934772,CREATIVE4353658,113235,1463,46.5967396,36725,34037.71154,15662.16002,11447.50642,25690.76209
4/04/2022,2515518348,ADVERTISER7688,16724577038,CAMPAIGN55089,ADGROUP0934772,CREATIVE4353643,89264,1094,33.6174942,34932,30521.79062,17390.96821,13534.94658,24951.29218
5/04/2022,2515518348,ADVERTISER7688,16724577038,CAMPAIGN55089,ADGROUP0934754,CREATIVE4353658,29258,329,10.4236794,10286,9133.027337,4674.033951,3652.404506,7022.428303
6/04/2022,2515518348,ADVERTISER7688,16724577038,CAMPAIGN55089,ADGROUP0934754,CREATIVE4353643,20273,113,5.2481024,5000,3843.306882,1957.810001,1469.646459,2930.430416
7/04/2022,2515518348,ADVERTISER7688,16724503832,CAMPAIGN55102,ADGROUP0934754,CREATIVE4353638,233831,1246,28.9187028,21965,19862.58346,12314.74578,9972.460212,15781.00151
8/04/2022,2515518348,ADVERTISER7688,16724503832,CAMPAIGN55102,ADGROUP0934772,CREATIVE4353645,185634,2968,56.6338664,69188,64938.18836,40524.22581,32031.73616,55292.24037
9/04/2022,2515518348,ADVERTISER7688,16724503832,CAMPAIGN55102,ADGROUP0934754,CREATIVE4353643,131799,1236,25.7342738,20702,18692.63432,10756.56486,8436.515503,14949.81444
10/04/2022,2515518348,ADVERTISER7688,16724503832,CAMPAIGN55102,ADGROUP0934754,CREATIVE4353658,105054,1743,32.6756816,38211,35831.75651,18477.00052,14343.25423,28175.35024
11/04/2022,2515518348,ADVERTISER7688,16724503832,CAMPAIGN55102,ADGROUP0934754,CREATIVE4353645,80155,1590,24.3165868,36306,34679.70779,20808.03608,15700.05802,29547.6615
12/04/2022,2515518348,ADVERTISER7688,16724503832,CAMPAIGN55102,ADGROUP0934772,CREATIVE4353638,43181,343,5.5277218,17725,15280.38768,11210.80074,9919.325306,12932.24779
13/04/2022,2515518348,ADVERTISER7688,16724503832,CAMPAIGN55102,ADGROUP0934772,CREATIVE4353643,34522,174,7.4732434,6911,3769.450909,1800.811221,1178.546994,2713.941008
14/04/2022,2515518348,ADVERTISER7688,16724503832,CAMPAIGN55102,ADGROUP0934772,CREATIVE4353658,30574,517,12.0903102,9682,8841.950563,4446.319989,3304.87811,6876.662388
15/04/2022,2515518348,ADVERTISER7688,16724503832,CAMPAIGN55102,ADGROUP0934772,CREATIVE4353713,16,0,0.0071006,4,3.5,1.5,0.75,3.5
16/04/2022,7559008172,ADVERTISER456468,16723416869,CAMPAIGN55060,ADGROUP0934754,CREATIVE4353608,534496,9872,154.0587698,277901,260416.1695,182270.6067,137164.6731,247923.7301
17/04/2022,7559008172,ADVERTISER456468,16723416869,CAMPAIGN55060,ADGROUP0934754,CREATIVE4353659,155164,3428,44.11864,48820,44915.10881,28779.92033,21643.65587,41815.10268
18/04/2022,7559008172,ADVERTISER456468,16723416869,CAMPAIGN55060,ADGROUP0934754,CREATIVE4353648,98889,703,16.962032,31278,29285.52611,21433.0116,17437.22181,28045.19939
19/04/2022,2515518348,ADVERTISER7688,16717036555,CAMPAIGN55092,ADGROUP0934754,CREATIVE4353643,290796,4049,52.8225242,91248,85013.52838,53856.25814,45008.30493,71326.5919
20/04/2022,2515518348,ADVERTISER7688,16717036555,CAMPAIGN55092,ADGROUP0934772,CREATIVE4353645,75017,871,15.6278592,39506,37322.14443,26616.24923,22665.83548,32742.60033
21/04/2022,2515518348,ADVERTISER7688,16717036555,CAMPAIGN55092,ADGROUP0934772,CREATIVE4353638,57247,560,11.3699466,30600,28127.3068,20451.09697,18131.45814,24207.82158
22/04/2022,2515518348,ADVERTISER7688,16717036555,CAMPAIGN55092,ADGROUP0934754,CREATIVE4353645,35163,657,11.7594528,14116,13368.27357,7683.690625,5767.118162,10934.40322
23/04/2022,2515518348,ADVERTISER7688,16717036555,CAMPAIGN55092,ADGROUP0934772,CREATIVE4353658,24661,271,9.5650844,7431,6827.285093,2909.727948,1993.071463,5019.937262
24/04/2022,2515518348,ADVERTISER7688,16717036555,CAMPAIGN55092,ADGROUP0934754,CREATIVE4353658,22346,317,10.1177952,7517,6782.105365,3773.199502,2969.867254,5407.019883
25/04/2022,2515518348,ADVERTISER7688,16717036555,CAMPAIGN55092,ADGROUP0934772,CREATIVE4353643,19086,124,6.9728606,5831,3748.800009,2105.976695,1668.422163,2966.85705
26/04/2022,2515518348,ADVERTISER7688,16717036555,CAMPAIGN55092,ADGROUP0934754,CREATIVE4353638,14813,103,8.6738608,3616,3039.279711,1668.47879,1344.36663,2241.828302
27/04/2022,7559008172,ADVERTISER456468,16715461906,CAMPAIGN55113,ADGROUP0934754,CREATIVE4353608,140018,2100,32.6016098,78296,72642.12775,54088.98079,42382.10375,69338.8305
28/04/2022,7559008172,ADVERTISER456468,16715461906,CAMPAIGN55113,ADGROUP0934754,CREATIVE4353648,40011,246,7.3244386,22062,20958.80056,16750.42881,14296.8857,20124.694
29/04/2022,7559008172,ADVERTISER456468,16715461906,CAMPAIGN55113,ADGROUP0934754,CREATIVE4353659,30731,346,7.9167124,9525,8812.170487,5787.70266,4415.314296,8322.650302
30/04/2022,7559008172,ADVERTISER456468,16715458750,CAMPAIGN55099,ADGROUP0934754,CREATIVE4353608,244055,4728,56.2965154,140956,134211.0655,97805.53435,75890.40834,128975.4491
1/05/2022,7559008172,ADVERTISER456468,16715458750,CAMPAIGN55099,ADGROUP0934754,CREATIVE4353659,82096,1181,12.2340642,46615,44329.33609,35129.19771,30055.76128,42555.10203
2/05/2022,7559008172,ADVERTISER456468,16715458750,CAMPAIGN55099,ADGROUP0934754,CREATIVE4353648,19693,208,4.0682084,5812,5497.045412,3979.948878,3073.557633,5290.21524
3/05/2022,7559008172,ADVERTISER456468,16715410471,CAMPAIGN55077,ADGROUP0934754,CREATIVE4353608,426069,11630,96.7243326,199145,183301.4121,121379.8863,87316.09487,172617.7716
4/05/2022,7559008172,ADVERTISER456468,16715410471,CAMPAIGN55077,ADGROUP0934754,CREATIVE4353659,119792,2303,21.4081814,50791,45356.81011,31609.84825,25091.85026,42314.97885
5/05/2022,7559008172,ADVERTISER456468,16715410471,CAMPAIGN55077,ADGROUP0934754,CREATIVE4353648,70348,974,11.0849336,14388,12378.87304,7984.897406,5960.527976,11318.98908
6/05/2022,2515518348,ADVERTISER7688,16711982559,CAMPAIGN55126,ADGROUP0934772,CREATIVE4353638,58296,380,10.5275654,30304,27653.08946,22172.9437,20267.51817,24709.94716
7/05/2022,2515518348,ADVERTISER7688,16711982559,CAMPAIGN55126,ADGROUP0934754,CREATIVE4353645,39175,353,12.5479496,19048,18096.55376,11729.83338,9650.337226,15189.42997
8/05/2022,2515518348,ADVERTISER7688,16711982559,CAMPAIGN55126,ADGROUP0934772,CREATIVE4353645,34498,406,10.219046,12013,11239.75781,6542.390904,5047.680336,9098.982037
9/05/2022,2515518348,ADVERTISER7688,16711982559,CAMPAIGN55126,ADGROUP0934754,CREATIVE4353643,29581,89,7.3735928,7021,3548.63607,2002.617415,1577.790015,2691.778236
10/05/2022,2515518348,ADVERTISER7688,16711982559,CAMPAIGN55126,ADGROUP0934754,CREATIVE4353638,23854,78,5.5619152,4887,4273.865984,2866.351367,2499.705385,3482.367339
11/05/2022,2515518348,ADVERTISER7688,16711982559,CAMPAIGN55126,ADGROUP0934772,CREATIVE4353658,22231,266,8.386178,9153,8402.791833,4918.732708,3991.777852,6716.795141
12/05/2022,2515518348,ADVERTISER7688,16711982559,CAMPAIGN55126,ADGROUP0934772,CREATIVE4353643,20143,272,8.3931094,4614,4031.46155,2065.213308,1581.173055,3140.103503
13/05/2022,2515518348,ADVERTISER7688,16711982559,CAMPAIGN55126,ADGROUP0934754,CREATIVE4353658,19834,137,10.0159032,6384,5901.535933,3138.175845,2469.812812,4585.426359
14/05/2022,7559008172,ADVERTISER456468,16710345267,CAMPAIGN55053,ADGROUP0934754,CREATIVE4353608,593370,10000,147.5698946,321211,294652.7593,214515.8213,163275.3807,280577.3045
15/05/2022,7559008172,ADVERTISER456468,16710345267,CAMPAIGN55053,ADGROUP0934754,CREATIVE4353648,215397,1425,28.984885,84781,75609.43478,57364.9302,48830.47847,70083.69451
16/05/2022,7559008172,ADVERTISER456468,16710345267,CAMPAIGN55053,ADGROUP0934754,CREATIVE4353659,132090,2125,31.9950844,39529,34348.97632,22391.94388,17258.55509,31754.91082
17/05/2022,7504044052,ADVERTISER7681,16644531494,CAMPAIGN55002,ADGROUP0934618,CREATIVE4353545,1421041,5298,868.0724088,0,0,0,0,0
18/05/2022,7504044052,ADVERTISER7681,16644531494,CAMPAIGN55002,ADGROUP0934618,CREATIVE4353517,437574,487,382.250894,0,0,0,0,0
19/05/2022,7504044052,ADVERTISER7681,16644531494,CAMPAIGN55002,ADGROUP0934618,CREATIVE4353624,29476,94,17.0466608,0,0,0,0,0
20/05/2022,2517480813,ADVERTISER7583,16474834713,CAMPAIGN54854,ADGROUP0934625,CREATIVE4353473,4735289,6825,743.392591,0,0,0,0,0
21/05/2022,2517480813,ADVERTISER7583,16474834713,CAMPAIGN54854,ADGROUP0934625,CREATIVE4353536,3412908,9682,632.670044,1768970,1686629.487,1011252.784,938333.8557,1154991.879
22/05/2022,6318811892,ADVERTISER7560,16260087053,CAMPAIGN55049,ADGROUP0934739,CREATIVE4353595,642610,4807,252.9438992,101903,96577.83444,57662.30913,42244.20969,92098.35864
23/05/2022,6318811892,ADVERTISER7560,16260087053,CAMPAIGN55049,ADGROUP0934739,CREATIVE4353506,34462,278,7.5797726,8425,8173.438135,4738.604115,3526.755557,7135.409291
24/05/2022,5374370160,ADVERTISER7558,16252213357,CAMPAIGN55037,ADGROUP0934739,CREATIVE4353595,809463,4794,379.6168462,244573,236657.4764,98829.53268,51116.73383,228613.8445
25/05/2022,5374370160,ADVERTISER7558,16252213357,CAMPAIGN55037,ADGROUP0934739,CREATIVE4353506,392000,2175,214.7212026,140510,135756.3173,59639.32612,38681.82949,106705.8748
26/05/2022,6916888045,ADVERTISER7622,16231255096,CAMPAIGN54824,ADGROUP0934653,CREATIVE4353513,5694489,70174,1465.37366,2293343,2165362.497,1464005.776,1075156.906,2055303.716
27/05/2022,3523241670,ADVERTISER7604,16068803728,CAMPAIGN54780,ADGROUP0934639,CREATIVE4353472,7648251,6680,580.87124,0,0,0,0,0
28/05/2022,5120708652,ADVERTISER7546,16064171940,CAMPAIGN54687,ADGROUP0934583,CREATIVE4353460,18875994,24940,3953.089515,0,0,0,0,0
29/05/2022,5120708652,ADVERTISER7546,16064171940,CAMPAIGN54687,ADGROUP0934583,CREATIVE4353489,9934598,13453,1944.77881,0,0,0,0,0
30/05/2022,5134550778,ADVERTISER7553,15980551896,CAMPAIGN54804,ADGROUP0934646,CREATIVE4353508,6527850,8360,571.2656888,0,0,0,0,0
31/05/2022,5134550778,ADVERTISER7553,15980551896,CAMPAIGN54804,ADGROUP0934621,CREATIVE4353459,4914620,10201,559.673615,1203423,1147189.365,399931.8711,297347.929,558011.9637
1/06/2022,5134550778,ADVERTISER7553,15980551896,CAMPAIGN54804,ADGROUP0934646,CREATIVE4353644,268850,348,29.1304848,0,0,0,0,0
2/06/2022,5134550778,ADVERTISER7553,15980551896,CAMPAIGN54804,ADGROUP0934646,CREATIVE4353674,95864,415,12.780761,31669,30524.05835,16649.30069,10558.14556,29861.35381
3/06/2022,7559008172,ADVERTISER456468,15865265435,CAMPAIGN55110,ADGROUP0934754,CREATIVE4353608,178883,2595,42.58198,104327,97182.44925,74956.72519,62434.23518,92304.13924
4/06/2022,7559008172,ADVERTISER456468,15865265435,CAMPAIGN55110,ADGROUP0934754,CREATIVE4353648,35490,268,8.0816878,8613,7976.871292,5015.349021,3837.083192,7483.041615
5/06/2022,7559008172,ADVERTISER456468,15865265435,CAMPAIGN55110,ADGROUP0934754,CREATIVE4353659,28647,413,7.6156884,10347,9281.157356,6006.865085,4598.575921,8729.023663
6/06/2022,9220034646,ADVERTISER7664,15854180603,CAMPAIGN54944,ADGROUP0934595,CREATIVE4353550,2643801,4291,499.9056542,0,0,0,0,0
7/06/2022,9220034646,ADVERTISER7664,15854180603,CAMPAIGN54944,ADGROUP0934595,CREATIVE4353569,1491123,2458,287.7107566,0,0,0,0,0
8/06/2022,8622718042,ADVERTISER7611,15805358054,CAMPAIGN54830,ADGROUP0934595,CREATIVE4353467,5544860,14953,1117.148489,0,0,0,0,0
9/06/2022,8622718042,ADVERTISER7611,15805358054,CAMPAIGN54830,ADGROUP0934595,CREATIVE4353614,17213,72,4.0323424,0,0,0,0,0
10/06/2022,8622718042,ADVERTISER7611,15805358054,CAMPAIGN54830,ADGROUP0934595,CREATIVE4353600,16637,79,3.9267864,0,0,0,0,0
11/06/2022,5374370160,ADVERTISER7558,15799220305,CAMPAIGN54757,ADGROUP0934626,CREATIVE4353467,9111405,25637,2036.824133,0,0,0,0,0
12/06/2022,5374370160,ADVERTISER7558,15799220305,CAMPAIGN54757,ADGROUP0934626,CREATIVE4353600,158168,707,44.5787818,0,0,0,0,0
13/06/2022,5374370160,ADVERTISER7558,15799220305,CAMPAIGN54757,ADGROUP0934626,CREATIVE4353614,73238,258,20.205141,0,0,0,0,0
14/06/2022,6318811892,ADVERTISER7560,15798289104,CAMPAIGN54829,ADGROUP0934595,CREATIVE4353467,5570961,11328,1181.17936,0,0,0,0,0
15/06/2022,6318811892,ADVERTISER7560,15798289104,CAMPAIGN54829,ADGROUP0934595,CREATIVE4353600,109684,369,31.1430292,0,0,0,0,0
16/06/2022,6318811892,ADVERTISER7560,15798289104,CAMPAIGN54829,ADGROUP0934693,CREATIVE4353467,35671,116,9.725705,0,0,0,0,0
17/06/2022,6318811892,ADVERTISER7560,15798289104,CAMPAIGN54829,ADGROUP0934693,CREATIVE4353600,5194,24,1.5996102,0,0,0,0,0
18/06/2022,2708962466,ADVERTISER7648,15797946879,CAMPAIGN54993,ADGROUP0934711,CREATIVE4353532,1588256,1968,290.2159024,0,0,0,0,0
19/06/2022,2708962466,ADVERTISER7648,15797946879,CAMPAIGN54993,ADGROUP0934626,CREATIVE4353532,1180739,2423,228.1455446,0,0,0,0,0
20/06/2022,2708962466,ADVERTISER7648,15797946879,CAMPAIGN54993,ADGROUP0934711,CREATIVE4353669,6174,16,1.497324,0,0,0,0,0
21/06/2022,2708962466,ADVERTISER7648,15797946879,CAMPAIGN54993,ADGROUP0934711,CREATIVE4353709,5569,11,1.3348054,0,0,0,0,0
22/06/2022,2708962466,ADVERTISER7648,15797946879,CAMPAIGN54993,ADGROUP0934626,CREATIVE4353669,1871,7,0.4446806,0,0,0,0,0
23/06/2022,2069933731,ADVERTISER7634,15784605098,CAMPAIGN54883,ADGROUP0934599,CREATIVE4353473,3935123,14997,808.471292,0,0,0,0,0
24/06/2022,2069933731,ADVERTISER7634,15784605098,CAMPAIGN54883,ADGROUP0934707,CREATIVE4353602,689268,2452,137.3100318,318312,301041.9369,162508.858,147916.9133,189036.2195
25/06/2022,2069933731,ADVERTISER7634,15784605098,CAMPAIGN54883,ADGROUP0934599,CREATIVE4353495,183564,623,39.3706048,0,0,0,0,0
26/06/2022,2983210886,ADVERTISER7655,15784569581,CAMPAIGN54917,ADGROUP0934599,CREATIVE4353473,3205062,15510,621.257951,0,0,0,0,0
27/06/2022,2983210886,ADVERTISER7655,15784569581,CAMPAIGN54917,ADGROUP0934707,CREATIVE4353561,774658,3581,133.893724,426094,402434.6934,254569.8632,235247.7797,288867.1169
28/06/2022,2983210886,ADVERTISER7655,15784569581,CAMPAIGN54917,ADGROUP0934599,CREATIVE4353495,147259,565,28.5978674,0,0,0,0,0
29/06/2022,2020054642,ADVERTISER7568,15784232057,CAMPAIGN54704,ADGROUP0934599,CREATIVE4353473,15139617,53113,3009.525894,0,0,0,0,0
30/06/2022,2020054642,ADVERTISER7568,15784232057,CAMPAIGN54704,ADGROUP0934707,CREATIVE4353561,1699259,3618,308.3048562,967650,923882.3432,594066.3047,553654.9041,664748.6543
1/07/2022,2020054642,ADVERTISER7568,15784232057,CAMPAIGN54704,ADGROUP0934599,CREATIVE4353495,808786,2553,178.3198238,0,0,0,0,0
2/07/2022,2517480813,ADVERTISER7583,15783854567,CAMPAIGN54755,ADGROUP0934625,CREATIVE4353473,9161867,23543,1624.077233,0,0,0,0,0
3/07/2022,2517480813,ADVERTISER7583,15783854567,CAMPAIGN54755,ADGROUP0934707,CREATIVE4353567,1583318,4278,286.294629,856103,817664.2821,503667.2702,465374.9319,575038.9071
4/07/2022,2517480813,ADVERTISER7583,15783854567,CAMPAIGN54755,ADGROUP0934625,CREATIVE4353495,463553,859,85.5818808,0,0,0,0,0
5/07/2022,3563366937,ADVERTISER7619,15781266685,CAMPAIGN54859,ADGROUP0934625,CREATIVE4353473,4431224,15367,801.9270676,0,0,0,0,0
6/07/2022,3563366937,ADVERTISER7619,15781266685,CAMPAIGN54859,ADGROUP0934707,CREATIVE4353561,1349426,3843,226.6392808,803341,765947.2865,515575.0524,480105.6446,575992.0548
7/07/2022,3563366937,ADVERTISER7619,15781266685,CAMPAIGN54859,ADGROUP0934625,CREATIVE4353495,228768,699,42.9852278,0,0,0,0,0
8/07/2022,3886478754,ADVERTISER7639,15777720903,CAMPAIGN54866,ADGROUP0934664,CREATIVE4353473,4266036,15374,813.4744002,0,0,0,0,0
9/07/2022,3886478754,ADVERTISER7639,15777720903,CAMPAIGN54866,ADGROUP0934707,CREATIVE4353561,1065523,3150,185.9492192,614352,585915.0296,382466.8223,355326.5722,429620.3871
10/07/2022,3886478754,ADVERTISER7639,15777720903,CAMPAIGN54866,ADGROUP0934664,CREATIVE4353495,199293,603,39.5284128,0,0,0,0,0
11/07/2022,8983780819,ADVERTISER7608,15776120868,CAMPAIGN54787,ADGROUP0934599,CREATIVE4353473,7440609,23656,1648.14337,0,0,0,0,0
12/07/2022,8983780819,ADVERTISER7608,15776120868,CAMPAIGN54787,ADGROUP0934707,CREATIVE4353561,766654,1958,186.3821234,377181,356850.151,203054.8206,186730.7077,232419.699
13/07/2022,8983780819,ADVERTISER7608,15776120868,CAMPAIGN54787,ADGROUP0934599,CREATIVE4353495,392212,963,92.6063748,0,0,0,0,0
14/07/2022,8674111084,ADVERTISER7547,15427602168,CAMPAIGN54689,ADGROUP0934594,CREATIVE4353454,17995020,54128,3489.481875,0,0,0,0,0
15/07/2022,8674111084,ADVERTISER7547,15427602168,CAMPAIGN54689,ADGROUP0934594,CREATIVE4353520,2130790,8707,362.085912,0,0,0,0,0
16/07/2022,3813503674,ADVERTISER7647,15419566927,CAMPAIGN54889,ADGROUP0934671,CREATIVE4353531,3851525,6814,742.1673008,0,0,0,0,0
17/07/2022,3105327200,ADVERTISER7576,15416907978,CAMPAIGN54758,ADGROUP0934606,CREATIVE4353477,9109869,23356,1771.360466,0,0,0,0,0
18/07/2022,5329966586,ADVERTISER7616,15416633400,CAMPAIGN54808,ADGROUP0934648,CREATIVE4353509,6397291,13121,1368.045059,0,0,0,0,0
19/07/2022,4129844376,ADVERTISER7610,15284670930,CAMPAIGN55072,ADGROUP0934761,CREATIVE4353627,456952,1050,89.471468,0,0,0,0,0
20/07/2022,1997190441,ADVERTISER7593,15212147651,CAMPAIGN54838,ADGROUP0934612,CREATIVE4353516,5321140,11613,1044.296517,0,0,0,0,0
21/07/2022,1068193845,ADVERTISER7563,15206398779,CAMPAIGN54730,ADGROUP0934612,CREATIVE4353485,11324644,24110,2123.713385,0,0,0,0,0
22/07/2022,1068193845,ADVERTISER7563,15155578025,CAMPAIGN54823,ADGROUP0934643,CREATIVE4353512,5738885,16463,1557.335984,0,0,0,0,0
23/07/2022,1068193845,ADVERTISER7563,15155578025,CAMPAIGN54823,ADGROUP0934746,CREATIVE4353512,24,0,0.0079362,0,0,0,0,0
24/07/2022,1997190441,ADVERTISER7593,15152223796,CAMPAIGN54796,ADGROUP0934643,CREATIVE4353504,6842427,16421,1354.99476,0,0,0,0,0
25/07/2022,4307761735,ADVERTISER7684,15149611380,CAMPAIGN55029,ADGROUP0934733,CREATIVE4353492,976470,4258,184.9062394,0,0,0,0,0
26/07/2022,4307761735,ADVERTISER7684,15149611380,CAMPAIGN55029,ADGROUP0934733,CREATIVE4353664,47859,179,9.5568526,0,0,0,0,0
27/07/2022,9940580900,ADVERTISER7596,14997430011,CAMPAIGN54906,ADGROUP0934583,CREATIVE4353535,3457979,12509,780.0051636,0,0,0,0,0
28/07/2022,4136910542,ADVERTISER7630,14989490379,CAMPAIGN54847,ADGROUP0934592,CREATIVE4353519,4945161,15011,1044.532478,0,0,0,0,0
29/07/2022,4136910542,ADVERTISER7630,14989490379,CAMPAIGN54847,ADGROUP0934592,CREATIVE4353464,1181254,3766,258.2829518,0,0,0,0,0
30/07/2022,6531743956,ADVERTISER7678,14938874346,CAMPAIGN54990,ADGROUP0934709,CREATIVE4353565,1610951,2497,340.2996828,0,0,0,0,0
31/07/2022,6531743956,ADVERTISER7678,14938874346,CAMPAIGN54990,ADGROUP0934709,CREATIVE4353616,243915,738,49.5418136,113142,108408.6701,60617.43161,52516.98138,74768.54801
1/08/2022,6531743956,ADVERTISER7678,14938874346,CAMPAIGN54990,ADGROUP0934709,CREATIVE4353673,97520,145,20.596356,0,0,0,0,0
2/08/2022,6531743956,ADVERTISER7678,14938874346,CAMPAIGN54990,ADGROUP0934709,CREATIVE4353675,95076,162,20.0986854,0,0,0,0,0
3/08/2022,5878740595,ADVERTISER7689,14938780971,CAMPAIGN55098,ADGROUP0934709,CREATIVE4353565,256234,518,50.6056278,0,0,0,0,0
4/08/2022,5878740595,ADVERTISER7689,14938780971,CAMPAIGN55098,ADGROUP0934709,CREATIVE4353616,217660,399,39.2098046,85492,81246.46555,41856.75123,33569.14119,53622.01525
5/08/2022,5878740595,ADVERTISER7689,14938780971,CAMPAIGN55098,ADGROUP0934709,CREATIVE4353673,14545,19,2.9038644,0,0,0,0,0
6/08/2022,5878740595,ADVERTISER7689,14938780971,CAMPAIGN55098,ADGROUP0934709,CREATIVE4353675,12996,16,2.5974072,0,0,0,0,0
7/08/2022,4383766737,ADVERTISER7631,14891363741,CAMPAIGN54849,ADGROUP0934633,CREATIVE4353518,4889630,13686,1150.779434,2121256,2002984.583,1057660.529,925881.1267,1343271.68
8/08/2022,4383766737,ADVERTISER7631,14891363741,CAMPAIGN54849,ADGROUP0934633,CREATIVE4353538,3400137,15820,671.8674044,1388021,1326278.12,753082.9308,568529.078,1034601.006
9/08/2022,4383766737,ADVERTISER7631,14891363741,CAMPAIGN54849,ADGROUP0934684,CREATIVE4353518,237444,560,57.8056462,119878,112713.0265,68073.65905,61430.43012,81781.46642
10/08/2022,4383766737,ADVERTISER7631,14891363741,CAMPAIGN54849,ADGROUP0934684,CREATIVE4353538,141407,747,30.9667616,57900,55139.57225,31598.81818,23634.70113,43540.56934
11/08/2022,2247705443,ADVERTISER7597,14891103350,CAMPAIGN54768,ADGROUP0934633,CREATIVE4353497,8421096,24506,2001.016366,0,0,0,0,0
12/08/2022,2247705443,ADVERTISER7597,14891103350,CAMPAIGN54768,ADGROUP0934684,CREATIVE4353497,687337,1701,165.9114176,0,0,0,0,0
13/08/2022,8414952262,ADVERTISER7642,14891054147,CAMPAIGN54880,ADGROUP0934633,CREATIVE4353497,3966965,13841,941.1813338,0,0,0,0,0
14/08/2022,8414952262,ADVERTISER7642,14891054147,CAMPAIGN54880,ADGROUP0934684,CREATIVE4353497,129179,577,32.162666,0,0,0,0,0
15/08/2022,4594280615,ADVERTISER7626,14888648326,CAMPAIGN54835,ADGROUP0934633,CREATIVE4353497,5389932,16310,1265.742402,0,0,0,0,0
16/08/2022,4594280615,ADVERTISER7626,14888648326,CAMPAIGN54835,ADGROUP0934684,CREATIVE4353497,173524,590,42.3291932,0,0,0,0,0
17/08/2022,3522476623,ADVERTISER7629,14887178109,CAMPAIGN54841,ADGROUP0934633,CREATIVE4353518,5201843,13302,1349.979816,2143689,2034882.431,1008389.863,891657.695,1279770.837
18/08/2022,3522476623,ADVERTISER7629,14887178109,CAMPAIGN54841,ADGROUP0934633,CREATIVE4353538,3183560,14471,732.1830392,1116800,1071409.921,521994.4091,391811.602,780189.467
19/08/2022,3522476623,ADVERTISER7629,14887178109,CAMPAIGN54841,ADGROUP0934684,CREATIVE4353518,198033,480,52.5474372,92865,87903.22846,48835.33995,44189.92087,59230.79317
20/08/2022,3522476623,ADVERTISER7629,14887178109,CAMPAIGN54841,ADGROUP0934684,CREATIVE4353538,94816,530,22.657398,36800,35199.39471,18614.32013,14343.13519,26964.30516
21/08/2022,6701983188,ADVERTISER7668,14887148103,CAMPAIGN54958,ADGROUP0934633,CREATIVE4353518,2279707,8325,572.2661516,846113,800140.7103,364356.7237,314903.8054,478782.6982
22/08/2022,6701983188,ADVERTISER7668,14887148103,CAMPAIGN54958,ADGROUP0934633,CREATIVE4353538,1621989,9715,346.8902372,568933,546063.2415,269134.5956,198012.5922,401233.4964
23/08/2022,6701983188,ADVERTISER7668,14887148103,CAMPAIGN54958,ADGROUP0934684,CREATIVE4353518,59532,234,17.7181588,21512,20213.88973,9100.28895,7923.889085,11882.51159
24/08/2022,6701983188,ADVERTISER7668,14887148103,CAMPAIGN54958,ADGROUP0934684,CREATIVE4353538,45490,314,11.5961078,15069,14345.16333,6725.113967,4943.965063,10323.06871
25/08/2022,2095122341,ADVERTISER7659,14887121643,CAMPAIGN54923,ADGROUP0934633,CREATIVE4353518,3100449,10225,817.2990968,1253058,1187970.13,575518.687,507118.0939,737177.2583
26/08/2022,2095122341,ADVERTISER7659,14887121643,CAMPAIGN54923,ADGROUP0934633,CREATIVE4353538,1691231,9274,385.1768466,605809,581545.7526,291427.1533,215862.6295,428941.409
27/08/2022,2095122341,ADVERTISER7659,14887121643,CAMPAIGN54923,ADGROUP0934684,CREATIVE4353518,101704,315,29.1088348,46114,43599.62976,23881.8459,21333.76593,29251.60362
28/08/2022,2095122341,ADVERTISER7659,14887121643,CAMPAIGN54923,ADGROUP0934684,CREATIVE4353538,72274,494,18.3555298,24681,23479.09231,11431.0314,8354.976689,17320.16575
29/08/2022,4728079268,ADVERTISER7677,14887082628,CAMPAIGN54989,ADGROUP0934633,CREATIVE4353563,1643951,5611,432.0570602,491471,465005.6738,184585.2332,148444.998,260154.3474
30/08/2022,4728079268,ADVERTISER7677,14887082628,CAMPAIGN54989,ADGROUP0934633,CREATIVE4353576,1238534,4441,276.13247,448732,429471.1189,216918.1019,163080.8844,306749.5292
31/08/2022,4728079268,ADVERTISER7677,14887082628,CAMPAIGN54989,ADGROUP0934684,CREATIVE4353563,33225,142,10.4713814,9824,9227.843023,3768.997295,2924.682397,5195.756751
1/09/2022,4728079268,ADVERTISER7677,14887082628,CAMPAIGN54989,ADGROUP0934684,CREATIVE4353576,19260,74,5.0072602,6946,6611.797501,3351.227863,2502.544706,4734.054194
2/09/2022,3913130370,ADVERTISER7609,14886803235,CAMPAIGN54788,ADGROUP0934633,CREATIVE4353497,7422849,22363,1686.805076,0,0,0,0,0
3/09/2022,3913130370,ADVERTISER7609,14886803235,CAMPAIGN54788,ADGROUP0934684,CREATIVE4353497,843449,2545,220.2824984,0,0,0,0,0
4/09/2022,8526972378,ADVERTISER7660,14886716076,CAMPAIGN54925,ADGROUP0934684,CREATIVE4353541,3065589,7472,777.4821992,0,0,0,0,0
5/09/2022,8674111084,ADVERTISER7547,14831955732,CAMPAIGN54848,ADGROUP0934594,CREATIVE4353454,4922678,18359,758.4686364,0,0,0,0,0
6/09/2022,8674111084,ADVERTISER7547,14831955732,CAMPAIGN54848,ADGROUP0934594,CREATIVE4353520,3651573,13982,528.3622708,0,0,0,0,0
7/09/2022,4317652927,ADVERTISER7599,14504471039,CAMPAIGN54771,ADGROUP0934610,CREATIVE4353468,8178112,27321,2070.820358,0,0,0,0,0
8/09/2022,4317652927,ADVERTISER7599,14504471039,CAMPAIGN54771,ADGROUP0934610,CREATIVE4353522,1760579,8561,516.733652,705089,666942.2227,322528.5866,285237.49,421150.5123
9/09/2022,4317652927,ADVERTISER7599,14504471039,CAMPAIGN54771,ADGROUP0934610,CREATIVE4353609,565767,1002,173.6493222,0,0,0,0,0
10/09/2022,4317652927,ADVERTISER7599,14504471039,CAMPAIGN54771,ADGROUP0934610,CREATIVE4353610,563147,1009,173.2040004,0,0,0,0,0
11/09/2022,4317652927,ADVERTISER7599,14504471039,CAMPAIGN54771,ADGROUP0934610,CREATIVE4353611,562969,1035,172.6805808,0,0,0,0,0
12/09/2022,4317652927,ADVERTISER7599,14504471039,CAMPAIGN54771,ADGROUP0934610,CREATIVE4353612,561568,1054,172.6663018,0,0,0,0,0
13/09/2022,4317652927,ADVERTISER7599,14504471039,CAMPAIGN54771,ADGROUP0934610,CREATIVE4353613,561030,1003,172.4743392,0,0,0,0,0
14/09/2022,4317652927,ADVERTISER7599,14504471039,CAMPAIGN54771,ADGROUP0934610,CREATIVE4353651,169266,790,39.136409,0,0,0,0,0
15/09/2022,4317652927,ADVERTISER7599,14504471039,CAMPAIGN54771,ADGROUP0934610,CREATIVE4353652,168266,791,38.8909864,0,0,0,0,0
16/09/2022,4317652927,ADVERTISER7599,14504471039,CAMPAIGN54771,ADGROUP0934610,CREATIVE4353653,168038,750,38.8772308,0,0,0,0,0
17/09/2022,4317652927,ADVERTISER7599,14504471039,CAMPAIGN54771,ADGROUP0934610,CREATIVE4353654,167668,854,38.7715276,0,0,0,0,0
18/09/2022,4317652927,ADVERTISER7599,14504471039,CAMPAIGN54771,ADGROUP0934610,CREATIVE4353655,167360,792,38.66756,0,0,0,0,0
19/09/2022,3851160576,ADVERTISER7559,14504395595,CAMPAIGN54782,ADGROUP0934590,CREATIVE4353468,7586929,22194,1389.54537,0,0,0,0,0
20/09/2022,3851160576,ADVERTISER7559,14504395595,CAMPAIGN54782,ADGROUP0934590,CREATIVE4353522,2199275,8196,385.7664084,1194055,1132903.856,713566.6072,654489.7743,854308.2427
21/09/2022,9768663023,ADVERTISER7565,14501871561,CAMPAIGN54735,ADGROUP0934590,CREATIVE4353461,10898341,40854,2154.295311,0,0,0,0,0
22/09/2022,9768663023,ADVERTISER7565,14501871561,CAMPAIGN54735,ADGROUP0934590,CREATIVE4353528,2244034,11616,417.0705578,1162361,1115447.908,669035.1974,608395.1746,818111.8823
23/09/2022,3164782542,ADVERTISER7582,14501633478,CAMPAIGN54725,ADGROUP0934610,CREATIVE4353483,12499374,42304,2760.8029,0,0,0,0,0
24/09/2022,3164782542,ADVERTISER7582,14501633478,CAMPAIGN54725,ADGROUP0934610,CREATIVE4353551,1462705,6239,358.564458,693867,666576.4484,369370.2755,335466.8633,455705.0225
25/09/2022,5261436496,ADVERTISER7554,14488885831,CAMPAIGN54678,ADGROUP0934590,CREATIVE4353461,25178605,87577,5628.6696,0,0,0,0,0
26/09/2022,5261436496,ADVERTISER7554,14488885831,CAMPAIGN54678,ADGROUP0934590,CREATIVE4353528,3640726,16469,897.1047948,1750283,1678281.96,946745.0848,860196.8204,1162725.542
27/09/2022,1942457078,ADVERTISER7591,14472234925,CAMPAIGN54750,ADGROUP0934622,CREATIVE4353481,9581397,14488,2527.252543,0,0,0,0,0
28/09/2022,1942457078,ADVERTISER7591,14472234925,CAMPAIGN54750,ADGROUP0934622,CREATIVE4353527,2017916,5287,663.7298966,1079049,1026824.994,663244.9597,583030.3059,884306.2398
29/09/2022,1942457078,ADVERTISER7591,14472234925,CAMPAIGN54750,ADGROUP0934622,CREATIVE4353553,1838030,11652,594.615116,732866,705430.5879,389726.9453,291597.1636,676976.7554
30/09/2022,1942457078,ADVERTISER7591,14472234925,CAMPAIGN54750,ADGROUP0934622,CREATIVE4353539,365564,1351,138.6638634,176806,170109.0454,106641.1191,86860.5788,164145.6762
1/10/2022,3672908325,ADVERTISER7581,14470205034,CAMPAIGN54747,ADGROUP0934620,CREATIVE4353481,9718183,15810,2037.699607,0,0,0,0,0
2/10/2022,3672908325,ADVERTISER7581,14470205034,CAMPAIGN54747,ADGROUP0934620,CREATIVE4353527,2622140,4741,480.262653,1755934,1689234.346,1294111.235,1185937.375,1539783.795
3/10/2022,3672908325,ADVERTISER7581,14470205034,CAMPAIGN54747,ADGROUP0934620,CREATIVE4353553,2200070,15818,511.7234608,968317,929290.0024,543885.4434,426929.4484,889770.0706
4/10/2022,3672908325,ADVERTISER7581,14470205034,CAMPAIGN54747,ADGROUP0934620,CREATIVE4353539,610859,2298,149.7079608,319376,307182.5044,201937.4999,169649.0521,295931.3003
5/10/2022,5997611288,ADVERTISER7644,14308289423,CAMPAIGN54937,ADGROUP0934687,CREATIVE4353549,2757016,3518,567.9713698,2400848,2269646.997,2116946.77,2090278.094,2174569.119
6/10/2022,5997611288,ADVERTISER7644,14308289423,CAMPAIGN54937,ADGROUP0934621,CREATIVE4353459,1062061,3787,247.8828674,434043,412438.6152,202788.7098,172293.4544,261805.2628
7/10/2022,5997611288,ADVERTISER7644,14308289423,CAMPAIGN54937,ADGROUP0934687,CREATIVE4353662,143762,626,29.5936236,64625,60908.32969,33203.44823,29519.12829,39693.43515
8/10/2022,2596229278,ADVERTISER7595,14272051823,CAMPAIGN54765,ADGROUP0934630,CREATIVE4353486,8572843,12736,1797.542189,0,0,0,0,0
9/10/2022,2596229278,ADVERTISER7595,14272051823,CAMPAIGN54765,ADGROUP0934630,CREATIVE4353537,2274909,5501,532.80791,1095550,1039434.311,576268.8087,533395.3956,669147.8726
10/10/2022,2596229278,ADVERTISER7595,14272051823,CAMPAIGN54765,ADGROUP0934630,CREATIVE4353601,558560,812,120.9139574,0,0,0,0,0
11/10/2022,9992644574,ADVERTISER7585,14271310751,CAMPAIGN54733,ADGROUP0934613,CREATIVE4353472,11257479,34184,2505.585502,0,0,0,0,0
12/10/2022,9992644574,ADVERTISER7585,14271310751,CAMPAIGN54733,ADGROUP0934613,CREATIVE4353552,2297533,2167,458.6199472,1201326,1145170.299,698335.8307,635841.5083,841222.7932
13/10/2022,6200950215,ADVERTISER7651,14270026506,CAMPAIGN54900,ADGROUP0934676,CREATIVE4353486,3620146,5075,646.3740048,0,0,0,0,0
14/10/2022,6200950215,ADVERTISER7651,14270026506,CAMPAIGN54900,ADGROUP0934676,CREATIVE4353537,1083537,2516,181.4677112,607648,580971.7628,368720.8906,343028.8101,420603.23
15/10/2022,6200950215,ADVERTISER7651,14270026506,CAMPAIGN54900,ADGROUP0934676,CREATIVE4353601,158247,202,28.2946658,0,0,0,0,0
16/10/2022,1856716939,ADVERTISER7658,14269868149,CAMPAIGN54921,ADGROUP0934614,CREATIVE4353486,3155008,4246,597.7210772,0,0,0,0,0
17/10/2022,1856716939,ADVERTISER7658,14269868149,CAMPAIGN54921,ADGROUP0934614,CREATIVE4353537,1630193,4176,339.5576066,766790,719895.8397,397287.9701,367529.7333,464318.4076
18/10/2022,1856716939,ADVERTISER7658,14269868149,CAMPAIGN54921,ADGROUP0934726,CREATIVE4353580,508413,1539,135.1156124,178367,159183.9162,70316.69026,62686.11777,86239.15151
19/10/2022,1856716939,ADVERTISER7658,14269868149,CAMPAIGN54921,ADGROUP0934726,CREATIVE4353593,442366,1532,113.547569,268417,257278.416,200143.1896,162794.9232,249428.557
20/10/2022,1856716939,ADVERTISER7658,14269868149,CAMPAIGN54921,ADGROUP0934614,CREATIVE4353601,289827,356,58.7113858,0,0,0,0,0
21/10/2022,1856716939,ADVERTISER7658,14269868149,CAMPAIGN54921,ADGROUP0934726,CREATIVE4353605,229877,471,59.8709368,97896,88748.47293,46136.24267,41840.99323,54894.10553
22/10/2022,1856716939,ADVERTISER7658,14269868149,CAMPAIGN54921,ADGROUP0934726,CREATIVE4353696,33709,91,8.7782674,23140,22125.40686,18235.90436,15838.08716,21490.42808
23/10/2022,6910897933,ADVERTISER7617,14269293004,CAMPAIGN54809,ADGROUP0934614,CREATIVE4353486,6393438,8245,1180.210081,0,0,0,0,0
24/10/2022,6910897933,ADVERTISER7617,14269293004,CAMPAIGN54809,ADGROUP0934614,CREATIVE4353537,1665632,3869,277.1968876,926978,881557.0102,560634.9939,520187.1777,639786.6619
25/10/2022,6910897933,ADVERTISER7617,14269293004,CAMPAIGN54809,ADGROUP0934614,CREATIVE4353557,1187416,2967,230.2063614,0,0,0,0,0
26/10/2022,6910897933,ADVERTISER7617,14269293004,CAMPAIGN54809,ADGROUP0934726,CREATIVE4353580,1070316,4979,208.0819572,389696,348628.3428,160982.857,141381.474,197662.0852
27/10/2022,6910897933,ADVERTISER7617,14269293004,CAMPAIGN54809,ADGROUP0934726,CREATIVE4353605,440204,1791,81.553943,183131,167298.7575,85430.95846,75976.62568,102686.8006
28/10/2022,6910897933,ADVERTISER7617,14269293004,CAMPAIGN54809,ADGROUP0934726,CREATIVE4353593,374208,1287,72.3806646,280228,268019.3965,237418.8836,208007.5543,260736.0206
29/10/2022,6910897933,ADVERTISER7617,14269293004,CAMPAIGN54809,ADGROUP0934614,CREATIVE4353601,368227,396,70.5390662,0,0,0,0,0
30/10/2022,6910897933,ADVERTISER7617,14269293004,CAMPAIGN54809,ADGROUP0934726,CREATIVE4353696,31262,70,5.9455696,24321,23259.84448,20799.89303,18801.27973,22656.9152
31/10/2022,9133819901,ADVERTISER7632,14268807514,CAMPAIGN54850,ADGROUP0934639,CREATIVE4353472,4884786,12681,1019.05989,0,0,0,0,0
1/11/2022,2708962466,ADVERTISER7648,14243081975,CAMPAIGN55033,ADGROUP0934735,CREATIVE4353589,891543,8324,245.1591448,192812,183880.9643,93314.62424,59443.18237,154844.5568
2/11/2022,2708962466,ADVERTISER7648,14243081975,CAMPAIGN55033,ADGROUP0934735,CREATIVE4353590,871964,7006,272.4484678,180890,172421.662,83238.8475,52485.88245,144039.8931
3/11/2022,2708962466,ADVERTISER7648,14243081975,CAMPAIGN55033,ADGROUP0934680,CREATIVE4353712,111,0,0.0618706,27,26.27027027,8.27027027,5.351351351,12.40540541
4/11/2022,8622718042,ADVERTISER7611,14243067575,CAMPAIGN54798,ADGROUP0934644,CREATIVE4353506,6779254,12873,526.2381938,165581,151652.7202,94245.5389,73503.30015,130049.5958
5/11/2022,8622718042,ADVERTISER7611,14243067575,CAMPAIGN54798,ADGROUP0934644,CREATIVE4353595,660819,7618,170.6445452,189829,181928.7838,114713.9331,80208.23507,173272.5312
6/11/2022,8622718042,ADVERTISER7611,14243067575,CAMPAIGN54798,ADGROUP0934764,CREATIVE4353595,380351,2958,156.6051266,177413,172698.6932,99152.36234,66748.03036,166753.7764
7/11/2022,8622718042,ADVERTISER7611,14243067575,CAMPAIGN54798,ADGROUP0934764,CREATIVE4353506,291880,2822,123.6727208,143842,139946.592,79056.94053,58047.00042,119751.3897
8/11/2022,5374370160,ADVERTISER7558,14242927382,CAMPAIGN54915,ADGROUP0934680,CREATIVE4353540,3305985,42956,1474.334333,1560504,1489607.715,809386.1191,647357.6377,991354.9337
9/11/2022,5374370160,ADVERTISER7558,14242927382,CAMPAIGN54915,ADGROUP0934735,CREATIVE4353540,172170,737,88.5171596,39875,32497.76602,10613.41552,7146.094703,15836.51478
10/11/2022,6318811892,ADVERTISER7560,14240483461,CAMPAIGN54957,ADGROUP0934695,CREATIVE4353540,2305260,22354,1042.62431,1140120,1088632.735,617983.9451,508753.5457,741156.1876
11/11/2022,1098380605,ADVERTISER7578,14164926470,CAMPAIGN54999,ADGROUP0934717,CREATIVE4353570,1459830,2668,300.5206416,0,0,0,0,0
12/11/2022,1098380605,ADVERTISER7578,14164926470,CAMPAIGN54999,ADGROUP0934716,CREATIVE4353570,973936,1440,206.2092812,0,0,0,0,0
13/11/2022,3917054197,ADVERTISER7588,14162162121,CAMPAIGN55000,ADGROUP0934717,CREATIVE4353571,1441182,2243,312.3484722,0,0,0,0,0
14/11/2022,3917054197,ADVERTISER7588,14162162121,CAMPAIGN55000,ADGROUP0934716,CREATIVE4353571,1009920,1363,216.2894132,0,0,0,0,0
15/11/2022,5305001139,ADVERTISER7579,14147884517,CAMPAIGN54992,ADGROUP0934710,CREATIVE4353566,1598263,5017,348.0642702,0,0,0,0,0
16/11/2022,3644145768,ADVERTISER7665,14147234388,CAMPAIGN54948,ADGROUP0934614,CREATIVE4353486,2538216,4424,508.192239,0,0,0,0,0
17/11/2022,3644145768,ADVERTISER7665,14147234388,CAMPAIGN54948,ADGROUP0934614,CREATIVE4353557,595571,1947,133.3328252,0,0,0,0,0
18/11/2022,3644145768,ADVERTISER7665,14147234388,CAMPAIGN54948,ADGROUP0934614,CREATIVE4353537,435363,993,86.9111912,209711,198917.67,111838.4137,103706.5175,129507.3764
19/11/2022,3644145768,ADVERTISER7665,14147234388,CAMPAIGN54948,ADGROUP0934726,CREATIVE4353593,335245,1126,81.9534844,198092,191009.6253,144227.899,116806.5939,185961.0845
20/11/2022,3644145768,ADVERTISER7665,14147234388,CAMPAIGN54948,ADGROUP0934726,CREATIVE4353580,130426,358,36.2139334,43211,38046.92338,16138.27781,14310.45906,19770.72382
21/11/2022,3644145768,ADVERTISER7665,14147234388,CAMPAIGN54948,ADGROUP0934614,CREATIVE4353601,115403,168,24.0123058,0,0,0,0,0
22/11/2022,3644145768,ADVERTISER7665,14147234388,CAMPAIGN54948,ADGROUP0934726,CREATIVE4353605,72848,223,21.8412596,24008,21078.18559,8936.757852,7888.747749,11009.70865
23/11/2022,3644145768,ADVERTISER7665,14147234388,CAMPAIGN54948,ADGROUP0934726,CREATIVE4353696,22088,65,5.6152836,13707,13132.35848,10126.35033,8491.166289,12768.08788
24/11/2022,3418696511,ADVERTISER7635,14144667352,CAMPAIGN55035,ADGROUP0934716,CREATIVE4353591,865599,1825,182.9883696,0,0,0,0,0
25/11/2022,3418696511,ADVERTISER7635,14144667352,CAMPAIGN55035,ADGROUP0934717,CREATIVE4353591,412462,940,85.8899502,0,0,0,0,0
26/11/2022,6539736952,ADVERTISER7624,14112239970,CAMPAIGN54832,ADGROUP0934657,CREATIVE4353463,5458777,14520,1159.675637,0,0,0,0,0
27/11/2022,6539736952,ADVERTISER7624,14112239970,CAMPAIGN54832,ADGROUP0934657,CREATIVE4353480,2820008,7311,602.2829858,0,0,0,0,0
28/11/2022,6539736952,ADVERTISER7624,14112089970,CAMPAIGN54843,ADGROUP0934587,CREATIVE4353457,5021457,12205,1030.621802,0,0,0,0,0
29/11/2022,2001291897,ADVERTISER7614,14086712047,CAMPAIGN54802,ADGROUP0934585,CREATIVE4353507,6582412,9147,1451.90414,0,0,0,0,0
30/11/2022,2001291897,ADVERTISER7614,14086712047,CAMPAIGN54802,ADGROUP0934585,CREATIVE4353637,324526,892,76.571534,0,0,0,0,0
1/12/2022,9209732274,ADVERTISER7550,14084080016,CAMPAIGN54807,ADGROUP0934583,CREATIVE4353453,6402949,20544,959.9428732,0,0,0,0,0
2/12/2022,8608505070,ADVERTISER7670,14080852072,CAMPAIGN55045,ADGROUP0934747,CREATIVE4353604,667902,2339,152.0426788,603588,581327.8786,553861.4987,548387.7428,565173.2046
3/12/2022,8608505070,ADVERTISER7670,14080852072,CAMPAIGN55045,ADGROUP0934590,CREATIVE4353507,627209,1070,145.8486168,0,0,0,0,0
4/12/2022,8608505070,ADVERTISER7670,14080852072,CAMPAIGN55045,ADGROUP0934747,CREATIVE4353640,310551,1361,61.3768394,162776,157507.2218,97513.28136,81735.25085,143948.976
5/12/2022,8608505070,ADVERTISER7670,14080852072,CAMPAIGN55045,ADGROUP0934590,CREATIVE4353637,3460,13,0.9503924,0,0,0,0,0
6/12/2022,1945376409,ADVERTISER7666,13983508695,CAMPAIGN54951,ADGROUP0934610,CREATIVE4353507,2492670,3632,513.1525496,0,0,0,0,0
7/12/2022,1945376409,ADVERTISER7666,13983508695,CAMPAIGN54951,ADGROUP0934610,CREATIVE4353637,121666,424,26.3672558,0,0,0,0,0
8/12/2022,9768663023,ADVERTISER7565,13982683385,CAMPAIGN54773,ADGROUP0934590,CREATIVE4353466,8045281,11544,1940.676216,0,0,0,0,0
9/12/2022,6599856105,ADVERTISER7615,13979280204,CAMPAIGN54884,ADGROUP0934647,CREATIVE4353529,3910895,4400,793.096389,0,0,0,0,0
10/12/2022,6599856105,ADVERTISER7615,13979280204,CAMPAIGN54884,ADGROUP0934618,CREATIVE4353529,2528553,2489,505.5191966,0,0,0,0,0
11/12/2022,6599856105,ADVERTISER7615,13979280204,CAMPAIGN54884,ADGROUP0934647,CREATIVE4353466,496197,198,97.8211068,0,0,0,0,0
12/12/2022,6599856105,ADVERTISER7615,13979280204,CAMPAIGN54884,ADGROUP0934618,CREATIVE4353466,345603,159,70.2442358,0,0,0,0,0
13/12/2022,5261436496,ADVERTISER7554,13979136609,CAMPAIGN54694,ADGROUP0934590,CREATIVE4353466,16895653,25020,4599.041349,0,0,0,0,0
14/12/2022,6916888045,ADVERTISER7622,13975603336,CAMPAIGN54877,ADGROUP0934651,CREATIVE4353511,4034185,17005,919.7963222,1889255,1811358.522,1070034.658,883510.9719,1748155.537
15/12/2022,4576359700,ADVERTISER7621,13975238281,CAMPAIGN54821,ADGROUP0934651,CREATIVE4353511,5757908,22080,1364.353232,2688996,2579192.273,1515372.131,1254500.195,2490410.945
16/12/2022,5335659811,ADVERTISER7662,13974819594,CAMPAIGN54930,ADGROUP0934651,CREATIVE4353547,2834841,9670,598.331912,1184597,1139619.269,653429.8065,494851.805,1100120.794
17/12/2022,9460373170,ADVERTISER7577,13926015280,CAMPAIGN55020,ADGROUP0934583,CREATIVE4353462,1089065,2519,200.0594498,0,0,0,0,0
18/12/2022,8394075992,ADVERTISER7580,13925921991,CAMPAIGN55026,ADGROUP0934583,CREATIVE4353462,1019383,2886,192.824184,0,0,0,0,0
19/12/2022,1225379668,ADVERTISER7570,13924613185,CAMPAIGN54795,ADGROUP0934583,CREATIVE4353453,7115577,18715,1059.845689,0,0,0,0,0
20/12/2022,7946064592,ADVERTISER7551,13846486775,CAMPAIGN54677,ADGROUP0934583,CREATIVE4353453,26011994,84118,4502.332697,0,0,0,0,0
21/12/2022,9460373170,ADVERTISER7577,13845963554,CAMPAIGN54743,ADGROUP0934583,CREATIVE4353453,10023432,31075,1698.497922,0,0,0,0,0
22/12/2022,8394075992,ADVERTISER7580,13844029854,CAMPAIGN54785,ADGROUP0934583,CREATIVE4353453,7509308,24424,1269.563842,0,0,0,0,0
23/12/2022,7454349478,ADVERTISER7606,13843954740,CAMPAIGN54817,ADGROUP0934583,CREATIVE4353453,5929755,14027,820.3646594,0,0,0,0,0
24/12/2022,5120708652,ADVERTISER7546,13842990457,CAMPAIGN54686,ADGROUP0934583,CREATIVE4353453,19232138,49586,3039.993913,0,0,0,0,0
25/12/2022,2469212258,ADVERTISER7556,13749342693,CAMPAIGN54714,ADGROUP0934604,CREATIVE4353465,14172400,33455,2554.927591,0,0,0,0,0
26/12/2022,2469212258,ADVERTISER7556,13749342693,CAMPAIGN54714,ADGROUP0934604,CREATIVE4353577,1238166,3503,285.658027,0,0,0,0,0
27/12/2022,2469212258,ADVERTISER7556,13749342693,CAMPAIGN54714,ADGROUP0934604,CREATIVE4353621,500522,2693,106.3966828,0,0,0,0,0
28/12/2022,2469212258,ADVERTISER7556,13749342693,CAMPAIGN54714,ADGROUP0934604,CREATIVE4353622,497417,2618,105.7900276,0,0,0,0,0
29/12/2022,7529734097,ADVERTISER7562,13746918842,CAMPAIGN54696,ADGROUP0934585,CREATIVE4353470,16563423,64686,3842.690783,0,0,0,0,0
30/12/2022,7529734097,ADVERTISER7562,13746918842,CAMPAIGN54696,ADGROUP0934585,CREATIVE4353479,5123295,18933,1243.642463,0,0,0,0,0
31/12/2022,3830925405,ADVERTISER7673,13746660220,CAMPAIGN55127,ADGROUP0934815,CREATIVE4353535,41022,116,10.336836,0,0,0,0,0
1/01/2022,2959291242,ADVERTISER7548,13742380551,CAMPAIGN54669,ADGROUP0934585,CREATIVE4353455,31511175,104549,6854.897738,0,0,0,0,0
2/01/2022,2959291242,ADVERTISER7548,13742380551,CAMPAIGN54669,ADGROUP0934585,CREATIVE4353490,6925019,21601,1449.997116,0,0,0,0,0
3/01/2022,2578680805,ADVERTISER7613,13741878199,CAMPAIGN54801,ADGROUP0934645,CREATIVE4353470,6616180,24950,1401.982188,0,0,0,0,0
4/01/2022,2578680805,ADVERTISER7613,13741878199,CAMPAIGN54801,ADGROUP0934645,CREATIVE4353479,2250687,8703,502.04334,0,0,0,0,0
5/01/2022,1092048142,ADVERTISER7628,13740632142,CAMPAIGN54840,ADGROUP0934590,CREATIVE4353470,5257520,19615,1153.18875,0,0,0,0,0
6/01/2022,1092048142,ADVERTISER7628,13740632142,CAMPAIGN54840,ADGROUP0934590,CREATIVE4353479,1390469,5045,302.0581096,0,0,0,0,0
7/01/2022,1205423447,ADVERTISER7602,13732192074,CAMPAIGN54776,ADGROUP0934585,CREATIVE4353470,7821189,33388,1659.919686,0,0,0,0,0
8/01/2022,1205423447,ADVERTISER7602,13732192074,CAMPAIGN54776,ADGROUP0934585,CREATIVE4353479,3014832,13241,668.751787,0,0,0,0,0
9/01/2022,3231163103,ADVERTISER7573,13729068715,CAMPAIGN54710,ADGROUP0934590,CREATIVE4353470,14740338,60042,3106.851954,0,0,0,0,0
10/01/2022,3231163103,ADVERTISER7573,13729068715,CAMPAIGN54710,ADGROUP0934590,CREATIVE4353479,4279176,18563,926.444687,0,0,0,0,0
11/01/2022,3035777596,ADVERTISER7612,13729052102,CAMPAIGN54799,ADGROUP0934585,CREATIVE4353470,6776144,21262,1494.227364,0,0,0,0,0
12/01/2022,3035777596,ADVERTISER7612,13729052102,CAMPAIGN54799,ADGROUP0934585,CREATIVE4353479,1966403,5888,433.5968216,0,0,0,0,0
13/01/2022,2848065541,ADVERTISER7625,13728153070,CAMPAIGN54833,ADGROUP0934598,CREATIVE4353472,5440844,17594,1348.74004,0,0,0,0,0
14/01/2022,7655350609,ADVERTISER7598,13727603503,CAMPAIGN54769,ADGROUP0934598,CREATIVE4353472,8392851,30778,1708.039356,0,0,0,0,0
15/01/2022,7655350609,ADVERTISER7598,13727603503,CAMPAIGN54769,ADGROUP0934598,CREATIVE4353552,1255999,1466,234.3389254,697689,658056.9441,432417.0025,388386.4162,520059.8944
16/01/2022,2017694154,ADVERTISER7586,13727124661,CAMPAIGN54734,ADGROUP0934614,CREATIVE4353486,11202992,12820,1945.841467,0,0,0,0,0
17/01/2022,2017694154,ADVERTISER7586,13727124661,CAMPAIGN54734,ADGROUP0934614,CREATIVE4353537,3403756,6376,563.2914372,2007915,1920990.673,1276325.596,1200003.49,1431051.902
18/01/2022,2017694154,ADVERTISER7586,13727124661,CAMPAIGN54734,ADGROUP0934614,CREATIVE4353557,1266868,3128,253.3972406,0,0,0,0,0
19/01/2022,2017694154,ADVERTISER7586,13727124661,CAMPAIGN54734,ADGROUP0934726,CREATIVE4353580,1111444,3345,214.2082116,466025,426496.2061,217857.0143,195776.0021,259497.8066
20/01/2022,2017694154,ADVERTISER7586,13727124661,CAMPAIGN54734,ADGROUP0934726,CREATIVE4353605,645463,1846,130.9074032,273068,250051.9767,128530.3856,115606.8234,153393.0552
21/01/2022,2017694154,ADVERTISER7586,13727124661,CAMPAIGN54734,ADGROUP0934614,CREATIVE4353601,412751,383,72.0438768,0,0,0,0,0
22/01/2022,2017694154,ADVERTISER7586,13727124661,CAMPAIGN54734,ADGROUP0934726,CREATIVE4353593,400476,1845,74.1053542,323086,312830.5309,282401.3473,259721.0451,306270.8063
23/01/2022,2017694154,ADVERTISER7586,13727124661,CAMPAIGN54734,ADGROUP0934726,CREATIVE4353696,38464,119,7.3309224,32200,31193.75,28617.01331,26864.0287,30556.68157
24/01/2022,6539736952,ADVERTISER7624,13725135505,CAMPAIGN54903,ADGROUP0934677,CREATIVE4353458,3540375,8925,685.8580618,0,0,0,0,0
25/01/2022,2521607850,ADVERTISER7566,13725129756,CAMPAIGN54702,ADGROUP0934598,CREATIVE4353472,15501431,42926,3162.634742,0,0,0,0,0
26/01/2022,2521607850,ADVERTISER7566,13725129756,CAMPAIGN54702,ADGROUP0934598,CREATIVE4353544,2915155,9813,577.9137684,1478090,1410519.672,841064.7059,757014.0663,1028561.286
27/01/2022,6013824460,ADVERTISER7653,13724305864,CAMPAIGN54942,ADGROUP0934631,CREATIVE4353494,2674159,8840,687.0853188,1269376,1217130.26,740281.6614,607113.3832,1169787.839
28/01/2022,6013824460,ADVERTISER7653,13724305864,CAMPAIGN54942,ADGROUP0934621,CREATIVE4353459,2251191,7190,585.5876914,818725,775889.2567,349160.4973,287923.0665,460405.8098
29/01/2022,4129844376,ADVERTISER7610,13724189729,CAMPAIGN54876,ADGROUP0934611,CREATIVE4353484,4035073,9587,836.087693,0,0,0,0,0
30/01/2022,4129844376,ADVERTISER7610,13724189729,CAMPAIGN54876,ADGROUP0934611,CREATIVE4353543,2968314,6073,659.1744222,0,0,0,0,0
31/01/2022,4129844376,ADVERTISER7610,13724189729,CAMPAIGN54876,ADGROUP0934605,CREATIVE4353476,2923872,9314,691.0275268,2615368,2493816.073,2364936.348,2354468.624,2414314.879
1/02/2022,4129844376,ADVERTISER7610,13724189729,CAMPAIGN54876,ADGROUP0934603,CREATIVE4353476,2624716,8503,619.0810276,2271979,2164088.582,1997707.302,1978131.833,2059746.367
2/02/2022,4129844376,ADVERTISER7610,13724189729,CAMPAIGN54876,ADGROUP0934685,CREATIVE4353476,483864,1085,118.004205,255324,240708.084,149386.5186,134590.3874,180493.921
3/02/2022,4129844376,ADVERTISER7610,13724189729,CAMPAIGN54876,ADGROUP0934611,CREATIVE4353642,294303,871,59.570926,121063,82602.07177,54603.19687,49993.7655,61724.40072
4/02/2022,4129844376,ADVERTISER7610,13724189729,CAMPAIGN54876,ADGROUP0934611,CREATIVE4353515,140728,413,32.1687584,0,0,0,0,0
5/02/2022,4129844376,ADVERTISER7610,13724189729,CAMPAIGN54876,ADGROUP0934611,CREATIVE4353634,131635,448,30.3954568,0,0,0,0,0
6/02/2022,4129844376,ADVERTISER7610,13724189729,CAMPAIGN54876,ADGROUP0934611,CREATIVE4353493,128634,445,31.1801616,116291,112429.8213,107273.1453,106026.4664,109463.6477
7/02/2022,5305001139,ADVERTISER7579,13723437566,CAMPAIGN54728,ADGROUP0934611,CREATIVE4353484,11523217,46480,2427.742662,0,0,0,0,0
8/02/2022,5305001139,ADVERTISER7579,13723437566,CAMPAIGN54728,ADGROUP0934605,CREATIVE4353476,7005889,25566,2086.803303,6347795,6102977.271,5829616.299,5798429.229,5944388.034
9/02/2022,5305001139,ADVERTISER7579,13723437566,CAMPAIGN54728,ADGROUP0934603,CREATIVE4353476,6603769,23897,2009.77299,5621517,5390457.735,4893524.711,4821981.764,5083164.861
10/02/2022,5305001139,ADVERTISER7579,13723437566,CAMPAIGN54728,ADGROUP0934611,CREATIVE4353546,2876934,15968,570.826685,1425068,1379110.292,846302.0949,705431.2125,1337623.068
11/02/2022,5305001139,ADVERTISER7579,13723437566,CAMPAIGN54728,ADGROUP0934685,CREATIVE4353476,637285,1845,224.4497258,323086,302045.3254,182029.5327,163901.846,221446.2205
12/02/2022,5305001139,ADVERTISER7579,13723437566,CAMPAIGN54728,ADGROUP0934611,CREATIVE4353617,518527,1961,109.1814394,0,0,0,0,0
13/02/2022,5305001139,ADVERTISER7579,13723437566,CAMPAIGN54728,ADGROUP0934611,CREATIVE4353543,425647,1666,90.2596914,0,0,0,0,0
14/02/2022,5305001139,ADVERTISER7579,13723437566,CAMPAIGN54728,ADGROUP0934611,CREATIVE4353515,405178,1639,85.9257862,0,0,0,0,0
15/02/2022,5305001139,ADVERTISER7579,13723437566,CAMPAIGN54728,ADGROUP0934611,CREATIVE4353493,370115,1497,78.855984,0,0,0,0,0
16/02/2022,5305001139,ADVERTISER7579,13723437566,CAMPAIGN54728,ADGROUP0934611,CREATIVE4353634,358210,1382,76.3436916,0,0,0,0,0
17/02/2022,8372246433,ADVERTISER7567,13722963072,CAMPAIGN54766,ADGROUP0934631,CREATIVE4353494,8517715,11218,2312.961645,3441274,3271668.193,1771970.164,1398951.388,3100657.402
18/02/2022,8372246433,ADVERTISER7567,13722963072,CAMPAIGN54766,ADGROUP0934621,CREATIVE4353459,6656444,23445,2115.798088,2257056,2135301.436,891646.9867,741923.6749,1182429.472
19/02/2022,1693619633,ADVERTISER7675,13722695250,CAMPAIGN54978,ADGROUP0934705,CREATIVE4353559,1835732,6625,476.661582,706481,675338.9184,350339.5026,271342.5197,644833.9542
20/02/2022,1693619633,ADVERTISER7675,13722695250,CAMPAIGN54978,ADGROUP0934621,CREATIVE4353459,807687,2413,208.2508788,281767,266461.4826,116573.9494,93966.47774,153142.7618
21/02/2022,1693619633,ADVERTISER7675,13722695250,CAMPAIGN54978,ADGROUP0934705,CREATIVE4353494,483820,773,109.0200272,316260,307417.7414,229478.907,207210.6256,298857.7235
22/02/2022,1807087617,ADVERTISER7584,13721456370,CAMPAIGN54800,ADGROUP0934611,CREATIVE4353484,6674020,22834,1244.981111,0,0,0,0,0
23/02/2022,1807087617,ADVERTISER7584,13721456370,CAMPAIGN54800,ADGROUP0934605,CREATIVE4353476,3130708,10960,625.2896554,2815503,2685634.59,2558299.277,2533045,2616588.493
24/02/2022,1807087617,ADVERTISER7584,13721456370,CAMPAIGN54800,ADGROUP0934603,CREATIVE4353476,2809404,9320,541.3853592,2358099,2250284.218,2027991.814,1980738.802,2122409.591
25/02/2022,1807087617,ADVERTISER7584,13721456370,CAMPAIGN54800,ADGROUP0934611,CREATIVE4353546,2104860,15635,389.1481784,1079885,1037976.307,662512.5502,550962.0789,1004302.561
26/02/2022,1807087617,ADVERTISER7584,13721456370,CAMPAIGN54800,ADGROUP0934716,CREATIVE4353572,963013,2373,184.0706794,514715,495338.8293,306526.0121,275886.2296,367110.0768
27/02/2022,1807087617,ADVERTISER7584,13721456370,CAMPAIGN54800,ADGROUP0934685,CREATIVE4353476,562441,1314,96.217033,343675,327082.0055,230140.5267,209362.5945,268422.4464
28/02/2022,1807087617,ADVERTISER7584,13721456370,CAMPAIGN54800,ADGROUP0934611,CREATIVE4353617,321355,1136,59.3648342,0,0,0,0,0
1/03/2022,1807087617,ADVERTISER7584,13721456370,CAMPAIGN54800,ADGROUP0934611,CREATIVE4353543,250402,889,46.5920292,0,0,0,0,0
2/03/2022,1807087617,ADVERTISER7584,13721456370,CAMPAIGN54800,ADGROUP0934611,CREATIVE4353515,236211,794,43.9228012,0,0,0,0,0
3/03/2022,1807087617,ADVERTISER7584,13721456370,CAMPAIGN54800,ADGROUP0934611,CREATIVE4353493,200693,649,37.4531936,0,0,0,0,0
4/03/2022,1807087617,ADVERTISER7584,13721456370,CAMPAIGN54800,ADGROUP0934611,CREATIVE4353634,194215,627,36.1954162,0,0,0,0,0
5/03/2022,5907301713,ADVERTISER7575,13721269665,CAMPAIGN54791,ADGROUP0934611,CREATIVE4353484,7272487,19174,1345.189276,0,0,0,0,0
6/03/2022,5907301713,ADVERTISER7575,13721269665,CAMPAIGN54791,ADGROUP0934605,CREATIVE4353476,7241248,21148,1543.093038,6495674,6229933.575,5910967.751,5879040.126,6036071.039
7/03/2022,5907301713,ADVERTISER7575,13721269665,CAMPAIGN54791,ADGROUP0934603,CREATIVE4353476,7023051,18848,1489.240914,5880396,5640213.077,5059376.885,4962031.159,5289665.435
8/03/2022,5907301713,ADVERTISER7575,13721269665,CAMPAIGN54791,ADGROUP0934716,CREATIVE4353484,878128,1117,163.780795,450763,428333.8797,257686.9482,231977.1828,310189.5898
9/03/2022,5907301713,ADVERTISER7575,13721269665,CAMPAIGN54791,ADGROUP0934685,CREATIVE4353476,725491,1908,169.7820198,392907,367803.2657,237185.3393,213267.9907,283795.6643
10/03/2022,5907301713,ADVERTISER7575,13721269665,CAMPAIGN54791,ADGROUP0934716,CREATIVE4353603,669219,1432,116.9701178,327915,249687.0982,175747.0069,161417.2862,196761.861
11/03/2022,5907301713,ADVERTISER7575,13721269665,CAMPAIGN54791,ADGROUP0934611,CREATIVE4353546,636629,5590,124.7856486,311994,303462.3378,185870.0693,152052.6561,294006.4
12/03/2022,5907301713,ADVERTISER7575,13721269665,CAMPAIGN54791,ADGROUP0934611,CREATIVE4353515,541109,1402,98.7260616,0,0,0,0,0
13/03/2022,5907301713,ADVERTISER7575,13721269665,CAMPAIGN54791,ADGROUP0934611,CREATIVE4353543,94721,270,18.5836038,0,0,0,0,0
14/03/2022,5907301713,ADVERTISER7575,13721269665,CAMPAIGN54791,ADGROUP0934611,CREATIVE4353493,75154,188,14.8915642,0,0,0,0,0
15/03/2022,5907301713,ADVERTISER7575,13721269665,CAMPAIGN54791,ADGROUP0934611,CREATIVE4353617,70985,189,14.0155422,0,0,0,0,0
16/03/2022,5907301713,ADVERTISER7575,13721269665,CAMPAIGN54791,ADGROUP0934611,CREATIVE4353634,69040,187,13.6399492,0,0,0,0,0
17/03/2022,8458271135,ADVERTISER7637,13720628558,CAMPAIGN54864,ADGROUP0934662,CREATIVE4353526,4274610,7265,1484.728196,3926908,3802979.064,3639281.979,3605526.637,3716020.157
18/03/2022,8458271135,ADVERTISER7637,13720628558,CAMPAIGN54864,ADGROUP0934713,CREATIVE4353526,923202,1124,337.1125656,0,0,0,0,0
19/03/2022,2444114321,ADVERTISER7623,13720365554,CAMPAIGN54826,ADGROUP0934654,CREATIVE4353514,5675921,13835,1409.966848,0,0,0,0,0
20/03/2022,3657180427,ADVERTISER7589,13719905909,CAMPAIGN54759,ADGROUP0934611,CREATIVE4353493,9054508,29501,1401.424109,0,0,0,0,0
21/03/2022,3657180427,ADVERTISER7589,13719905909,CAMPAIGN54759,ADGROUP0934611,CREATIVE4353546,939152,4906,164.9180538,413921,401439.7523,230192.8459,182327.7355,390907.1015
22/03/2022,3657180427,ADVERTISER7589,13719905909,CAMPAIGN54759,ADGROUP0934716,CREATIVE4353572,394148,1718,79.8969488,134788,128931.4177,54086.12585,46245.63805,73852.48249
23/03/2022,3657180427,ADVERTISER7589,13719905909,CAMPAIGN54759,ADGROUP0934605,CREATIVE4353476,60030,170,10.1258422,54431,52267.5423,50029.73273,49793.98294,50931.92905
24/03/2022,3657180427,ADVERTISER7589,13719905909,CAMPAIGN54759,ADGROUP0934603,CREATIVE4353476,56660,164,9.837956,49026,47037.61758,43185.45111,42676.67441,44638.23357
25/03/2022,3657180427,ADVERTISER7589,13719905909,CAMPAIGN54759,ADGROUP0934685,CREATIVE4353476,7468,33,1.73812,2284,2092.851098,843.8077129,691.1944296,1208.978575
26/03/2022,3917054197,ADVERTISER7588,13719783248,CAMPAIGN54836,ADGROUP0934611,CREATIVE4353515,5360352,22318,1122.305097,0,0,0,0,0
27/03/2022,3917054197,ADVERTISER7588,13719783248,CAMPAIGN54836,ADGROUP0934605,CREATIVE4353476,4889175,17821,1433.040791,4425939,4258479.76,4079219.368,4056504.484,4156497.217
28/03/2022,3917054197,ADVERTISER7588,13719783248,CAMPAIGN54836,ADGROUP0934603,CREATIVE4353476,3586953,14097,1104.576681,3047251,2918321.538,2658944.382,2618232.556,2762599.441
29/03/2022,3917054197,ADVERTISER7588,13719783248,CAMPAIGN54836,ADGROUP0934611,CREATIVE4353543,2682957,11510,561.6854724,0,0,0,0,0
30/03/2022,3917054197,ADVERTISER7588,13719783248,CAMPAIGN54836,ADGROUP0934685,CREATIVE4353476,556921,1769,202.5378558,274473,255599.4509,152179.7946,135199.2797,188874.3213
31/03/2022,3917054197,ADVERTISER7588,13719783248,CAMPAIGN54836,ADGROUP0934611,CREATIVE4353546,432519,981,85.7176862,219045,211061.477,134081.5568,111411.7751,203337.2514
1/04/2022,3917054197,ADVERTISER7588,13719783248,CAMPAIGN54836,ADGROUP0934611,CREATIVE4353617,394302,1693,82.2731982,0,0,0,0,0
2/04/2022,3917054197,ADVERTISER7588,13719783248,CAMPAIGN54836,ADGROUP0934611,CREATIVE4353493,286077,1203,60.2009552,0,0,0,0,0
3/04/2022,3917054197,ADVERTISER7588,13719783248,CAMPAIGN54836,ADGROUP0934611,CREATIVE4353634,271652,1118,57.1126534,0,0,0,0,0
4/04/2022,1098380605,ADVERTISER7578,13718926945,CAMPAIGN54896,ADGROUP0934674,CREATIVE4353484,3709328,12795,681.9055586,0,0,0,0,0
5/04/2022,1098380605,ADVERTISER7578,13718926945,CAMPAIGN54896,ADGROUP0934605,CREATIVE4353476,1616666,5992,319.2514806,1451049,1390593.398,1318519.822,1307420.763,1349829.676
6/04/2022,1098380605,ADVERTISER7578,13718926945,CAMPAIGN54896,ADGROUP0934603,CREATIVE4353476,1427557,5208,275.2448896,1208163,1155923.95,1045240.562,1025738.619,1088414.352
7/04/2022,1098380605,ADVERTISER7578,13718926945,CAMPAIGN54896,ADGROUP0934674,CREATIVE4353546,1243731,7324,219.6917128,741297,717782.454,505862.3811,441768.5465,696108.4111
8/04/2022,1098380605,ADVERTISER7578,13718926945,CAMPAIGN54896,ADGROUP0934685,CREATIVE4353476,452263,740,73.189244,278427,267858.9296,188025.2509,171650.4424,219400.9574
9/04/2022,1098380605,ADVERTISER7578,13718926945,CAMPAIGN54896,ADGROUP0934674,CREATIVE4353617,167662,567,30.0981696,0,0,0,0,0
10/04/2022,1098380605,ADVERTISER7578,13718926945,CAMPAIGN54896,ADGROUP0934674,CREATIVE4353543,149879,520,27.5159546,0,0,0,0,0
11/04/2022,1098380605,ADVERTISER7578,13718926945,CAMPAIGN54896,ADGROUP0934674,CREATIVE4353515,142574,457,26.1781592,0,0,0,0,0
12/04/2022,1098380605,ADVERTISER7578,13718926945,CAMPAIGN54896,ADGROUP0934674,CREATIVE4353493,118033,391,21.7759886,0,0,0,0,0
13/04/2022,1098380605,ADVERTISER7578,13718926945,CAMPAIGN54896,ADGROUP0934674,CREATIVE4353634,110260,340,20.3344588,0,0,0,0,0
14/04/2022,3418696511,ADVERTISER7635,13718722013,CAMPAIGN55001,ADGROUP0934716,CREATIVE4353572,1423180,8458,284.7659582,661063,629489.8247,343698.9598,306461.6394,427047.1551
15/04/2022,3418696511,ADVERTISER7635,13718722013,CAMPAIGN55001,ADGROUP0934605,CREATIVE4353476,1084955,4894,221.8842966,965262,920445.3145,871507.9935,863164.0992,893183.1821
16/04/2022,3418696511,ADVERTISER7635,13718722013,CAMPAIGN55001,ADGROUP0934603,CREATIVE4353476,1009004,4134,195.6907176,821548,783452.9817,690644.2341,671628.0455,728809.6394
17/04/2022,3418696511,ADVERTISER7635,13718722013,CAMPAIGN55001,ADGROUP0934611,CREATIVE4353493,995487,4857,200.9167214,0,0,0,0,0
18/04/2022,3418696511,ADVERTISER7635,13718722013,CAMPAIGN55001,ADGROUP0934666,CREATIVE4353572,889849,4787,175.2356158,426417,406552.8432,228765.5599,203931.2976,284006.6788
19/04/2022,3418696511,ADVERTISER7635,13718722013,CAMPAIGN55001,ADGROUP0934611,CREATIVE4353546,165928,1825,32.4520286,89672,86400.25389,57022.63276,48269.33383,83337.11268
20/04/2022,3418696511,ADVERTISER7635,13718722013,CAMPAIGN55001,ADGROUP0934685,CREATIVE4353476,84375,452,19.89631,42990,39878.13223,24316.68394,21801.64909,29660.0309
21/04/2022,9985428974,ADVERTISER7674,13718565518,CAMPAIGN54976,ADGROUP0934597,CREATIVE4353471,1848079,4492,317.281169,373849,361917.5493,349018.5175,347291.3851,354515.5303
22/04/2022,9985428974,ADVERTISER7674,13718565518,CAMPAIGN54976,ADGROUP0934597,CREATIVE4353501,1336741,2955,199.6850278,0,0,0,0,0
23/04/2022,9985428974,ADVERTISER7674,13718565518,CAMPAIGN54976,ADGROUP0934597,CREATIVE4353599,82310,173,12.031684,0,0,0,0,0
24/04/2022,9985428974,ADVERTISER7674,13718565518,CAMPAIGN54976,ADGROUP0934597,CREATIVE4353661,60083,127,9.9553476,55067,53572.96527,51322.38182,50841.52149,52249.66281
25/04/2022,9985428974,ADVERTISER7674,13718565518,CAMPAIGN54976,ADGROUP0934597,CREATIVE4353695,8603,27,2.1841518,7894,7685.714241,7369.124853,7295.748969,7503.088442
26/04/2022,4916723921,ADVERTISER7605,13718007505,CAMPAIGN54872,ADGROUP0934666,CREATIVE4353484,4189657,22209,938.6894794,1581041,1480628.845,695108.4021,596524.1572,923373.9794
27/04/2022,4916723921,ADVERTISER7605,13718007505,CAMPAIGN54872,ADGROUP0934605,CREATIVE4353476,2038030,6544,428.0889398,1792037,1698968.199,1595335.112,1583739.562,1636751.996
28/04/2022,4916723921,ADVERTISER7605,13718007505,CAMPAIGN54872,ADGROUP0934603,CREATIVE4353476,1817500,5195,372.2699178,1503536,1428831.809,1276349.943,1249461.294,1338000.232
29/04/2022,4916723921,ADVERTISER7605,13718007505,CAMPAIGN54872,ADGROUP0934716,CREATIVE4353484,1472612,4822,332.2515498,622376,590096.9851,304144.8759,263306.7053,392566.8271
30/04/2022,4916723921,ADVERTISER7605,13718007505,CAMPAIGN54872,ADGROUP0934611,CREATIVE4353493,490849,709,32.7122582,0,0,0,0,0
1/05/2022,4916723921,ADVERTISER7605,13718007505,CAMPAIGN54872,ADGROUP0934685,CREATIVE4353476,197501,664,41.7058014,100530,92619.44205,57258.69271,50910.35671,70553.32489
2/05/2022,4916723921,ADVERTISER7605,13718007505,CAMPAIGN54872,ADGROUP0934716,CREATIVE4353572,116754,333,25.8760258,50375,45704.02168,24553.3557,21861.78539,30985.44635
3/05/2022,4916723921,ADVERTISER7605,13718007505,CAMPAIGN54872,ADGROUP0934611,CREATIVE4353546,10517,55,1.5681328,4245,4100.280857,2194.904507,1730.210617,3911.204379
4/05/2022,4201124660,ADVERTISER7645,13717964614,CAMPAIGN54886,ADGROUP0934611,CREATIVE4353493,3887969,13847,816.974789,0,0,0,0,0
5/05/2022,4201124660,ADVERTISER7645,13717964614,CAMPAIGN54886,ADGROUP0934605,CREATIVE4353476,2339074,7409,550.8584562,2081611,1977725.064,1871206.67,1863987.921,1910206.697
6/05/2022,4201124660,ADVERTISER7645,13717964614,CAMPAIGN54886,ADGROUP0934603,CREATIVE4353476,2224147,6693,538.6054366,1864268,1768582.511,1593458.776,1571398.949,1656874.812
7/05/2022,4201124660,ADVERTISER7645,13717964614,CAMPAIGN54886,ADGROUP0934611,CREATIVE4353546,864227,5132,178.8767052,391694,376902.4772,218173.5441,177195.6599,364021.4573
8/05/2022,4201124660,ADVERTISER7645,13717964614,CAMPAIGN54886,ADGROUP0934716,CREATIVE4353572,557814,1897,111.6208414,223573,212221.1974,102511.1199,89598.27776,132714.5
9/05/2022,4201124660,ADVERTISER7645,13717964614,CAMPAIGN54886,ADGROUP0934685,CREATIVE4353476,174152,473,44.1580806,89371,81345.45277,50958.13824,45824.02822,61551.87302
10/05/2022,8961298690,ADVERTISER7641,13717343206,CAMPAIGN54962,ADGROUP0934597,CREATIVE4353471,2184768,6529,411.654534,1180778,1131748.089,1077809.174,1064979.446,1102147.183
11/05/2022,8961298690,ADVERTISER7641,13717343206,CAMPAIGN54962,ADGROUP0934597,CREATIVE4353501,1830382,5768,369.8304058,0,0,0,0,0
12/05/2022,8961298690,ADVERTISER7641,13717343206,CAMPAIGN54962,ADGROUP0934597,CREATIVE4353599,100943,311,20.9163736,0,0,0,0,0
13/05/2022,8961298690,ADVERTISER7641,13717343206,CAMPAIGN54962,ADGROUP0934597,CREATIVE4353661,97259,337,21.0478614,87199,84046.54368,79696.01037,78626.54815,81716.79231
14/05/2022,5259992415,ADVERTISER7564,13716813794,CAMPAIGN54713,ADGROUP0934597,CREATIVE4353471,14194972,38349,2897.931204,2996978,2896449.909,2774908.01,2756958.997,2825637.948
15/05/2022,5259992415,ADVERTISER7564,13716813794,CAMPAIGN54713,ADGROUP0934597,CREATIVE4353501,7850726,23642,1612.671432,0,0,0,0,0
16/05/2022,5259992415,ADVERTISER7564,13716813794,CAMPAIGN54713,ADGROUP0934597,CREATIVE4353599,717185,2245,150.2716226,0,0,0,0,0
17/05/2022,6825237396,ADVERTISER7656,13716510643,CAMPAIGN54945,ADGROUP0934597,CREATIVE4353471,2615840,8141,630.568485,1475553,1418034.518,1355738.245,1348513.457,1380716.976
18/05/2022,6825237396,ADVERTISER7656,13716510643,CAMPAIGN54945,ADGROUP0934597,CREATIVE4353501,2113640,6468,487.7195752,0,0,0,0,0
19/05/2022,6825237396,ADVERTISER7656,13716510643,CAMPAIGN54945,ADGROUP0934597,CREATIVE4353599,120383,352,27.7183116,0,0,0,0,0
20/05/2022,6825237396,ADVERTISER7656,13716510643,CAMPAIGN54945,ADGROUP0934597,CREATIVE4353661,97384,337,24.281939,87817,84673.85867,80612.73918,79832.04049,82306.11782
21/05/2022,6825237396,ADVERTISER7656,13716510643,CAMPAIGN54945,ADGROUP0934597,CREATIVE4353695,15525,54,6.4882828,14133,13740.0578,13117.44208,12989.14654,13370.5734
22/05/2022,9621589619,ADVERTISER7607,13716228886,CAMPAIGN54911,ADGROUP0934597,CREATIVE4353471,3358652,10371,595.4650858,729376,700215.2223,667494.212,659021.1865,682262.114
23/05/2022,9621589619,ADVERTISER7607,13716228886,CAMPAIGN54911,ADGROUP0934597,CREATIVE4353501,2678888,8819,495.3524934,0,0,0,0,0
24/05/2022,9621589619,ADVERTISER7607,13716228886,CAMPAIGN54911,ADGROUP0934597,CREATIVE4353599,173085,564,31.7087362,0,0,0,0,0
25/05/2022,5736076970,ADVERTISER7620,13715268434,CAMPAIGN54940,ADGROUP0934591,CREATIVE4353463,2713207,7111,579.6687244,0,0,0,0,0
26/05/2022,5736076970,ADVERTISER7620,13715268434,CAMPAIGN54940,ADGROUP0934591,CREATIVE4353480,1503495,3862,324.0468688,0,0,0,0,0
27/05/2022,5736076970,ADVERTISER7620,13715207207,CAMPAIGN54909,ADGROUP0934588,CREATIVE4353458,3380280,10748,723.4506654,0,0,0,0,0
28/05/2022,5244704197,ADVERTISER7669,13715179875,CAMPAIGN54959,ADGROUP0934597,CREATIVE4353471,2272165,7669,449.4343674,502707,482919.2894,458951.9291,454743.877,469622.1209
29/05/2022,5244704197,ADVERTISER7669,13715179875,CAMPAIGN54959,ADGROUP0934597,CREATIVE4353501,1957063,8144,412.6500766,0,0,0,0,0
30/05/2022,5244704197,ADVERTISER7669,13715179875,CAMPAIGN54959,ADGROUP0934597,CREATIVE4353599,187291,738,40.1018454,0,0,0,0,0
31/05/2022,1368406470,ADVERTISER7650,13714932399,CAMPAIGN54926,ADGROUP0934597,CREATIVE4353471,3059898,15591,720.9995404,1810844,1745743.356,1675365.976,1664940.209,1707620.716
1/06/2022,1368406470,ADVERTISER7650,13714932399,CAMPAIGN54926,ADGROUP0934597,CREATIVE4353501,1815949,8563,393.807243,0,0,0,0,0
2/06/2022,1368406470,ADVERTISER7650,13714932399,CAMPAIGN54926,ADGROUP0934597,CREATIVE4353599,184163,831,40.517933,0,0,0,0,0
3/06/2022,1482678299,ADVERTISER7572,13714632678,CAMPAIGN54751,ADGROUP0934597,CREATIVE4353471,9580414,33368,2324.936528,5786240,5594532.115,5370577.664,5340418.906,5470148.993
4/06/2022,1482678299,ADVERTISER7572,13714632678,CAMPAIGN54751,ADGROUP0934597,CREATIVE4353501,4592295,18617,1265.260015,0,0,0,0,0
5/06/2022,1482678299,ADVERTISER7572,13714632678,CAMPAIGN54751,ADGROUP0934597,CREATIVE4353599,500278,2005,139.5314656,0,0,0,0,0
6/06/2022,8553819047,ADVERTISER7552,13714338914,CAMPAIGN54673,ADGROUP0934587,CREATIVE4353457,27609578,63538,5735.857489,0,0,0,0,0
7/06/2022,1068193845,ADVERTISER7563,13713622774,CAMPAIGN54885,ADGROUP0934588,CREATIVE4353458,3905303,9061,780.8865204,0,0,0,0,0
8/06/2022,1068193845,ADVERTISER7563,13713622771,CAMPAIGN54705,ADGROUP0934587,CREATIVE4353457,15037426,44744,3615.432566,0,0,0,0,0
9/06/2022,1068193845,ADVERTISER7563,13713622771,CAMPAIGN54705,ADGROUP0934658,CREATIVE4353457,50367,202,14.917514,0,0,0,0,0
10/06/2022,9139885703,ADVERTISER7594,13713407980,CAMPAIGN54762,ADGROUP0934628,CREATIVE4353473,8891115,31320,1657.779065,0,0,0,0,0
11/06/2022,9139885703,ADVERTISER7594,13713407980,CAMPAIGN54762,ADGROUP0934696,CREATIVE4353514,2298016,10143,446.0556978,0,0,0,0,0
12/06/2022,9139885703,ADVERTISER7594,13713407980,CAMPAIGN54762,ADGROUP0934715,CREATIVE4353561,1489692,6029,262.8759306,796070,755270.1269,463946.1259,426152.4104,529973.5715
13/06/2022,9139885703,ADVERTISER7594,13713407980,CAMPAIGN54762,ADGROUP0934628,CREATIVE4353495,622675,1956,120.0376286,0,0,0,0,0
14/06/2022,9139885703,ADVERTISER7594,13713407980,CAMPAIGN54762,ADGROUP0934788,CREATIVE4353514,193109,1205,35.6113872,104280,99724.5102,62994.92867,56169.79405,75902.14977
15/06/2022,9139885703,ADVERTISER7594,13713407980,CAMPAIGN54762,ADGROUP0934788,CREATIVE4353636,151666,594,26.3887358,77247,73616.54482,43039.84076,39384.42874,49624.87935
16/06/2022,8553819047,ADVERTISER7552,13713403324,CAMPAIGN54681,ADGROUP0934591,CREATIVE4353463,23848402,58228,5230.713222,0,0,0,0,0
17/06/2022,8553819047,ADVERTISER7552,13713403324,CAMPAIGN54681,ADGROUP0934591,CREATIVE4353480,12800591,30850,2766.5786,0,0,0,0,0
18/06/2022,7533759993,ADVERTISER7587,13713001184,CAMPAIGN54739,ADGROUP0934615,CREATIVE4353487,10542485,16288,2361.069735,5258477,5046479.741,3116604.294,2641682.049,4817407.155
19/06/2022,7533759993,ADVERTISER7587,13713001184,CAMPAIGN54739,ADGROUP0934615,CREATIVE4353568,1212639,1767,301.0424206,589963,564837.5068,355625.3706,291870.0664,549993.599
20/06/2022,7533759993,ADVERTISER7587,13713001184,CAMPAIGN54739,ADGROUP0934615,CREATIVE4353583,1009345,1988,197.9923166,444053,426845.9985,243496.757,195704.1255,407375.0568
21/06/2022,5736076970,ADVERTISER7620,13712340216,CAMPAIGN54834,ADGROUP0934655,CREATIVE4353457,5401257,15510,1179.769444,0,0,0,0,0
22/06/2022,7946064592,ADVERTISER7551,13712049002,CAMPAIGN54968,ADGROUP0934583,CREATIVE4353462,2059101,4973,375.8825764,0,0,0,0,0
23/06/2022,3357404723,ADVERTISER7569,13711979692,CAMPAIGN54845,ADGROUP0934658,CREATIVE4353457,4983214,17400,1349.40437,0,0,0,0,0
24/06/2022,3357404723,ADVERTISER7569,13711979692,CAMPAIGN54845,ADGROUP0934660,CREATIVE4353525,4400255,15966,1063.98951,0,0,0,0,0
25/06/2022,3357404723,ADVERTISER7569,13711979692,CAMPAIGN54845,ADGROUP0934587,CREATIVE4353457,2858991,8160,582.8147314,0,0,0,0,0
26/06/2022,1068193845,ADVERTISER7563,13711929960,CAMPAIGN54775,ADGROUP0934591,CREATIVE4353463,7859501,19154,1735.703538,0,0,0,0,0
27/06/2022,1068193845,ADVERTISER7563,13711929960,CAMPAIGN54775,ADGROUP0934591,CREATIVE4353480,4228446,10075,930.1147922,0,0,0,0,0
28/06/2022,1068193845,ADVERTISER7563,13711929960,CAMPAIGN54775,ADGROUP0934821,CREATIVE4353480,3745,14,1.0841272,0,0,0,0,0
29/06/2022,1997190441,ADVERTISER7593,13711768924,CAMPAIGN54761,ADGROUP0934627,CREATIVE4353457,8891597,23874,2045.241498,0,0,0,0,0
30/06/2022,1997190441,ADVERTISER7593,13711768921,CAMPAIGN54922,ADGROUP0934588,CREATIVE4353458,3154684,8044,665.8839926,0,0,0,0,0
1/07/2022,8553819047,ADVERTISER7552,13711393368,CAMPAIGN54763,ADGROUP0934588,CREATIVE4353458,8767847,18785,1650.434365,0,0,0,0,0
2/07/2022,3842578391,ADVERTISER7643,13710262275,CAMPAIGN54907,ADGROUP0934597,CREATIVE4353471,3420893,9063,851.0287472,1874568,1808319.167,1738206.942,1729128.365,1767173.999
3/07/2022,3842578391,ADVERTISER7643,13710262275,CAMPAIGN54907,ADGROUP0934597,CREATIVE4353501,2908699,6994,735.0707978,0,0,0,0,0
4/07/2022,3842578391,ADVERTISER7643,13710262275,CAMPAIGN54907,ADGROUP0934597,CREATIVE4353599,182633,389,45.422115,0,0,0,0,0
5/07/2022,3842578391,ADVERTISER7643,13710262275,CAMPAIGN54907,ADGROUP0934597,CREATIVE4353661,144602,355,39.5322516,131983,128084.9388,122824.858,121645.5467,125047.0059
6/07/2022,3842578391,ADVERTISER7643,13710262275,CAMPAIGN54907,ADGROUP0934597,CREATIVE4353695,59069,167,23.8517876,53841,52423.58956,50051.91165,49484.96197,51109.20917
7/07/2022,1997190441,ADVERTISER7593,13710172470,CAMPAIGN54861,ADGROUP0934591,CREATIVE4353463,4304357,11205,975.468037,0,0,0,0,0
8/07/2022,1997190441,ADVERTISER7593,13710172470,CAMPAIGN54861,ADGROUP0934591,CREATIVE4353480,2321042,6117,530.7983782,0,0,0,0,0
9/07/2022,1997190441,ADVERTISER7593,13710172470,CAMPAIGN54861,ADGROUP0934821,CREATIVE4353463,22256,72,5.2469654,0,0,0,0,0
10/07/2022,1997190441,ADVERTISER7593,13710172470,CAMPAIGN54861,ADGROUP0934821,CREATIVE4353480,15085,42,3.4055914,0,0,0,0,0
11/07/2022,6361806321,ADVERTISER7667,13710142056,CAMPAIGN54956,ADGROUP0934615,CREATIVE4353487,2333006,4809,533.2134642,1149368,1101686.113,679296.0411,569412.7768,1052105.469
12/07/2022,6361806321,ADVERTISER7667,13710142056,CAMPAIGN54956,ADGROUP0934615,CREATIVE4353568,242508,412,59.6347628,121626,116296.9115,75363.35017,62438.02499,113286.9693
13/07/2022,6361806321,ADVERTISER7667,13710142056,CAMPAIGN54956,ADGROUP0934615,CREATIVE4353583,224312,608,44.24171,98128,94399.94793,53770.6548,42894.47191,90319.3014
14/07/2022,9021156800,ADVERTISER7652,13709691264,CAMPAIGN54936,ADGROUP0934678,CREATIVE4353487,2766588,4862,632.9078604,1400515,1345456.18,845130.1949,712886.223,1288372.907
15/07/2022,9021156800,ADVERTISER7652,13709691264,CAMPAIGN54936,ADGROUP0934678,CREATIVE4353568,365234,515,90.4835262,192631,185501.1614,124178.9338,102590.2457,181440.4204
16/07/2022,9021156800,ADVERTISER7652,13709691264,CAMPAIGN54936,ADGROUP0934678,CREATIVE4353583,254851,693,50.9886454,106328,102749.9527,57001.34723,44306.28862,98169.7518
17/07/2022,1225379668,ADVERTISER7570,13708695567,CAMPAIGN55017,ADGROUP0934583,CREATIVE4353474,1148363,3028,202.9040432,0,0,0,0,0
18/07/2022,1103076933,ADVERTISER7679,13257138914,CAMPAIGN54995,ADGROUP0934631,CREATIVE4353559,1528109,6068,433.1095372,560201,532397.197,266039.3556,205582.0218,505466.9817
19/07/2022,1103076933,ADVERTISER7679,13257138914,CAMPAIGN54995,ADGROUP0934631,CREATIVE4353494,320580,855,81.2678106,172629,166076.2001,107930.2029,93278.39615,159953.0286
20/07/2022,3374554993,ADVERTISER7557,13254769902,CAMPAIGN54749,ADGROUP0934621,CREATIVE4353459,9636790,27780,2620.107993,3858411,3662319.504,1785489.774,1504580.314,2286939.492
21/07/2022,3374554993,ADVERTISER7557,13254769902,CAMPAIGN54749,ADGROUP0934629,CREATIVE4353494,8855390,28586,2112.930774,4802323,4623667.71,3079973.124,2613121.626,4463221.211
22/07/2022,5364683296,ADVERTISER7601,12140530922,CAMPAIGN54774,ADGROUP0934637,CREATIVE4353466,7903647,15041,1917.606487,0,0,0,0,0
23/07/2022,5954571560,ADVERTISER7671,11551503727,CAMPAIGN54969,ADGROUP0934701,CREATIVE4353507,2043414,2365,426.425239,0,0,0,0,0
24/07/2022,2649201715,ADVERTISER7654,11548418529,CAMPAIGN54916,ADGROUP0934585,CREATIVE4353507,3217840,3945,670.274098,0,0,0,0,0
